id,name,type,org_type,aliases,source,degree,degree_stated,dist_epstein,cluster,note_path,vault_sources,x_posts,flags
org|rothschild and,Rothschild& Co,org,company,Rothschild & Co,vault,11,0,2,linked by connectivity pass,Network Map/Organizations/Rothschild& Co.md,3,0,
person|allen ginsberg,Allen Ginsberg,person,,,vault,5,0,2,linked by connectivity pass,Network Map/People/Allen Ginsberg.md,6,0,
person|michael dimino,Michael DiMino,person,,Michael J Dimino,vault,9,0,2,linked by connectivity pass,Network Map/People/Michael DiMino.md,4,0,
person|david koch,David Koch,person,,David H. Koch,vault,21,2,2,Koch Industries,Network Map/People/David Koch.md,4,0,
org|matsushita,Matsushita,org,organization,,vault,8,1,2,Other connected pairs/groups 47,Network Map/Organizations/Matsushita.md,1,0,
org|landerbank,Landerbank,org,organization,,vault,7,1,2,Bank Austria,Network Map/Organizations/Landerbank.md,1,0,
org|accords,Accords,org,organization,,vault,4,0,2,linked by connectivity pass,Network Map/Organizations/Accords.md,3,0,
org|susquehanna international group,Susquehanna International Group,org,company,,vault,23,0,2,linked by connectivity pass,Network Map/Organizations/Susquehanna International Group.md,9,0,
org|solar temple,Solar Temple,org,organization,,vault,8,0,2,linked by connectivity pass,Network Map/Organizations/Solar Temple.md,3,0,
person|abraham liepman prins,Abraham Liepman Prins,person,,,vault,7,1,3,Other connected pairs/groups 11,Network Map/People/Abraham Liepman Prins.md,1,0,
org|bear stearns,Bear Stearns,org,organization,,both,110,5,1,Bear Stearns,Network Map/Organizations/Bear Stearns.md,14,0,
org|league of perfectibilists,League of Perfectibilists,org,NGO/nonprofit/think tank,,vault,2,1,3,Other connected pairs/groups 11,Network Map/Organizations/League of Perfectibilists.md,1,0,
org|hbcu,HBCU,org,organization,,vault,6,0,2,linked by connectivity pass,Network Map/Organizations/HBCU.md,3,0,
org|location oxford,Location Oxford,org,organization,,vault,4,0,2,linked by connectivity pass,Network Map/Organizations/Location Oxford.md,3,0,
person|jagdeep singh bachher,Jagdeep Singh Bachher,person,,,vault,7,0,2,linked by connectivity pass,Network Map/People/Jagdeep Singh Bachher.md,3,0,
person|james murdoch,James Murdoch,person,,James Rupert Jacob Murdoch,vault,18,0,1,linked by connectivity pass,Network Map/People/James Murdoch.md,3,0,
person|kevin sharer,Kevin Sharer,person,,,vault,18,1,2,Other connected pairs/groups 14,Network Map/People/Kevin Sharer.md,1,0,
org|american culinary federation,American Culinary Federation,org,NGO/nonprofit/think tank,,vault,13,1,2,Other connected pairs/groups 13,Network Map/Organizations/American Culinary Federation.md,1,0,
person|julian h robertson jr,Julian Hart Robertson Jr,person,,Julian H. Robertson Jr,vault,19,1,2,Other connected pairs/groups 43,Network Map/People/Julian Hart Robertson Jr.md,2,0,
person|richard scott,Richard Scott,person,,,vault,78,1,2,Bullingdon Club,Network Map/People/Richard Scott.md,1,0,
person|uma thurman,Uma Thurman,person,,Uma Karuna Thurman,vault,8,0,2,linked by connectivity pass,Network Map/People/Uma Thurman.md,3,0,
org|american investment bank,American Investment Bank,org,company,,vault,7,1,2,Other connected pairs/groups 13,Network Map/Organizations/American Investment Bank.md,1,0,
org|novi eboraci,Novi Eboraci,org,organization,,vault,2,0,2,linked by connectivity pass,Network Map/Organizations/Novi Eboraci.md,3,0,
org|espn,ESPN,org,organization,,vault,20,0,1,linked by connectivity pass,Network Map/Organizations/ESPN.md,4,0,
org|department of veterans affairs,Department of Veterans Affairs,org,government body,,vault,4,1,2,Other connected pairs/groups 27,Network Map/Organizations/Department of Veterans Affairs.md,1,0,
person|fred eychaner,Fred Eychaner,person,,,vault,4,1,2,Other connected pairs/groups 33,Network Map/People/Fred Eychaner.md,1,0,
person|francis wren,Francis Wren,person,,,vault,5,1,4,Other connected pairs/groups 23,Network Map/People/Francis Wren.md,1,0,
person|rob boardman,Rob Boardman,person,,,vault,4,1,2,Other connected pairs/groups 52,Network Map/People/Rob Boardman.md,1,0,
person|martin wheatley,Martin Wheatley,person,,,vault,4,1,2,Other connected pairs/groups 32,Network Map/People/Martin Wheatley.md,1,0,
person|william k howell,William K. Howell,person,,,vault,1,1,,Other connected pairs/groups 49,Network Map/People/William K. Howell.md,1,0,
person|theodore arisohn,Theodore Arisohn,person,,,vault,17,0,2,linked by connectivity pass,Network Map/People/Theodore Arisohn.md,3,0,
org|masimo,Masimo,org,organization,Masimo Corp,vault,14,1,2,Other connected pairs/groups 41,Network Map/Organizations/Masimo.md,6,0,
org|bear stearns companies,"Bear Stearns Companies, Inc",org,company,,vault,9,0,2,linked by connectivity pass,"Network Map/Organizations/Bear Stearns Companies, Inc.md",3,0,
org|program committee chair,Program Committee Chair,org,NGO/nonprofit/think tank,,vault,9,0,2,linked by connectivity pass,Network Map/Organizations/Program Committee Chair.md,1,0,originally-read entity
org|temasek holdings,Temasek Holdings,org,company,,vault,11,0,3,linked by connectivity pass,Network Map/Organizations/Temasek Holdings.md,4,0,
org|paramount global,Paramount Global,org,organization,,vault,18,2,2,Paramount Global,Network Map/Organizations/Paramount Global.md,3,0,
person|juliana rotich,Juliana Rotich,person,,,vault,27,1,2,Other connected pairs/groups 43,Network Map/People/Juliana Rotich.md,1,0,
person|richard branson,Richard Branson,person,,,both,243,1,1,X posts only,Network Map/People/Richard Branson.md,12,22,
person|alfred russel wallace,Alfred Russel Wallace,person,,,vault,13,0,2,linked by connectivity pass,Network Map/People/Alfred Russel Wallace.md,3,0,
person|michael scherer,Michael Scherer,person,,,vault,19,0,2,linked by connectivity pass,Network Map/People/Michael Scherer.md,3,0,
org|private investment funds,Private Investment Funds,org,organization,,vault,5,0,1,linked by connectivity pass,Network Map/Organizations/Private Investment Funds.md,1,0,originally-read entity
org|l e k consulting,L.E.K. Consulting,org,organization,,vault,33,1,2,Unilever,Network Map/Organizations/L.E.K. Consulting.md,3,0,
org|warburg pincus,Warburg Pincus LLC,org,company,Warburg Pincus,vault,6,0,3,linked by connectivity pass,Network Map/Organizations/Warburg Pincus LLC.md,3,0,
org|pwc,PwC,org,organization,,both,55,2,1,X posts only,Network Map/Organizations/PwC.md,7,0,
org|deutsche bank,Deutsche Bank,org,company,,vault,102,2,1,Deutsche Bank,Network Map/Organizations/Deutsche Bank.md,26,0,
person|john foster dulles,John Foster Dulles,person,,,vault,29,1,1,linked by connectivity pass,Network Map/People/John Foster Dulles.md,5,0,
org|mmat,MMAT,org,organization,,both,54,1,1,X posts only,Network Map/Organizations/MMAT.md,7,0,
org|erasmus hall academy,Erasmus Hall Academy,org,university/school,,vault,2,0,,linked by connectivity pass,Network Map/Organizations/Erasmus Hall Academy.md,3,0,
person|charles koch,Charles Koch,person,,,vault,11,1,2,linked by connectivity pass,Network Map/People/Charles Koch.md,5,0,
org|rabobank,Rabobank,org,organization,,vault,17,0,2,linked by connectivity pass,Network Map/Organizations/Rabobank.md,6,0,
org|william morris agency,William Morris Agency,org,government body,WILLIAM MORRIS AGENCY,vault,13,1,2,Other connected pairs/groups 30,Network Map/Organizations/William Morris Agency.md,2,0,
org|state street,State Street Corporation,org,company,State Street,vault,17,0,2,linked by connectivity pass,Network Map/Organizations/State Street Corporation.md,7,0,
person|sean combs,Sean Combs,person,,Sean John Combs,vault,14,0,2,linked by connectivity pass,Network Map/People/Sean Combs.md,4,0,
org|bytedance,ByteDance,org,organization,,both,44,1,1,X posts only,Network Map/Organizations/ByteDance.md,4,0,originally-read entity
person|eli broad,Eli Broad,person,,,vault,6,0,1,linked by connectivity pass,Network Map/People/Eli Broad.md,3,0,
org|hutchins center,Hutchins Center,org,NGO/nonprofit/think tank,,vault,54,0,1,linked by connectivity pass,Network Map/Organizations/Hutchins Center.md,4,0,
org|british museum,British Museum,org,organization,,vault,42,0,2,linked by connectivity pass,Network Map/Organizations/British Museum.md,4,0,
org|supervisory board,Supervisory Board,org,organization,,vault,12,0,2,linked by connectivity pass,Network Map/Organizations/Supervisory Board.md,4,0,
person|larry page,Larry Page,person,,,both,215,3,1,X posts only,Network Map/People/Larry Page.md,9,7,
person|benjamin netanyahu,Benjamin Netanyahu,person,,,vault,32,0,2,linked by connectivity pass,Network Map/People/Benjamin Netanyahu.md,10,0,
org|apollo management,Apollo Management,org,company,,vault,59,1,1,Other connected pairs/groups 5,Network Map/Organizations/Apollo Management.md,4,0,
person|ronald cohen,Ronald Cohen,person,,Ronald Mourad Cohen,vault,23,0,2,linked by connectivity pass,Network Map/People/Ronald Cohen.md,4,0,
org|rockefeller and,Rockefeller & Co,org,organization,,vault,5,1,2,Viking Global Investors,Network Map/Organizations/Rockefeller & Co.md,1,0,
org|u s senate,U.S. Senate,org,government body,SENATE; Senate,vault,482,1,1,Other connected pairs/groups 42,Network Map/Organizations/U.S. Senate.md,82,0,
org|mercers,Mercers,org,organization,,vault,10,0,3,linked by connectivity pass,Network Map/Organizations/Mercers.md,7,0,
person|habsburg castle,Habsburg Castle,person,,,vault,3,0,3,linked by connectivity pass,Network Map/People/Habsburg Castle.md,3,0,
org|los angeles police department,Los Angeles Police Department,org,government body,,vault,17,0,2,linked by connectivity pass,Network Map/Organizations/Los Angeles Police Department.md,3,0,
person|chen zhi,Chen Zhi,person,,,vault,5,1,2,Other connected pairs/groups 22,Network Map/People/Chen Zhi.md,1,0,
org|new york journal,New York Journal,org,organization,,vault,11,0,2,linked by connectivity pass,Network Map/Organizations/New York Journal.md,4,0,
org|chanel,Chanel,org,organization,CHANEL; Chanel Ltd,vault,7,0,2,linked by connectivity pass,Network Map/Organizations/Chanel.md,4,0,
org|nomura holdings,Nomura Holdings,org,company,,vault,18,1,2,Federal Reserve,Network Map/Organizations/Nomura Holdings.md,3,0,
org|harvard law review,Harvard Law Review,org,organization,,vault,23,0,2,linked by connectivity pass,Network Map/Organizations/Harvard Law Review.md,3,0,
org|citigroup,Citigroup,org,organization,"CITI; Citi; Citigroup Inc; Citigroup, Inc",vault,205,2,1,Other connected pairs/groups 23,Network Map/Organizations/Citigroup.md,31,0,
person|gilbert holles,Gilbert Holles,person,,,vault,4,1,3,Other connected pairs/groups 35,Network Map/People/Gilbert Holles.md,1,0,
person|gayle smith,Gayle Smith,person,,Gayle Elizabeth Smith,vault,23,2,2,Other connected pairs/groups 9,Network Map/People/Gayle Smith.md,4,0,
org|fidelity,Fidelity,org,organization,,vault,12,0,2,linked by connectivity pass,Network Map/Organizations/Fidelity.md,4,0,
org|reform judaism,Reform Judaism,org,organization,,vault,4,1,2,Other connected pairs/groups 11,Network Map/Organizations/Reform Judaism.md,2,0,
person|david rothkopf,David Rothkopf,person,,,vault,3,1,2,Other connected pairs/groups 27,Network Map/People/David Rothkopf.md,2,0,
org|infinity point,Infinity Point LLC,org,company,,vault,5,1,2,Apollo,Network Map/Organizations/Infinity Point LLC.md,1,0,
org|independent institute,Independent Institute,org,NGO/nonprofit/think tank,,vault,16,0,2,linked by connectivity pass,Network Map/Organizations/Independent Institute.md,3,0,
person|mary sybil st clair-erskine,Mary Sybil St. Clair-Erskine,person,,,vault,4,1,3,Other connected pairs/groups 40,Network Map/People/Mary Sybil St. Clair-Erskine.md,1,0,
person|john hannan,John Hannan,person,,John J. Hannan,vault,11,2,2,Other connected pairs/groups 5,Network Map/People/John Hannan.md,2,0,
person|marjorie gubelmann,Marjorie Gubelmann,person,,,both,40,2,1,Other connected pairs/groups 1,Network Map/People/Marjorie Gubelmann.md,2,1,
person|edward forman,Edward Forman,person,,Edward S. Forman,vault,15,0,2,linked by connectivity pass,Network Map/People/Edward Forman.md,3,0,
org|decca records,Decca Records,org,company,,vault,39,0,2,linked by connectivity pass,Network Map/Organizations/Decca Records.md,4,0,
person|ben ali,Ben Ali,person,,,vault,5,0,,linked by connectivity pass,Network Map/People/Ben Ali.md,3,0,
org|polygram,PolyGram,org,organization,,vault,32,1,2,Other connected pairs/groups 10,Network Map/Organizations/PolyGram.md,6,0,
person|john doerr,John Doerr,person,,,vault,22,0,1,linked by connectivity pass,Network Map/People/John Doerr.md,3,0,
org|meta materials,Meta Materials,org,organization,,vault,6,1,2,Other connected pairs/groups 13,Network Map/Organizations/Meta Materials.md,3,0,
person|franklin roosevelt,Franklin Roosevelt,person,,Franklin D. Roosevelt,vault,70,0,2,linked by connectivity pass,Network Map/People/Franklin Roosevelt.md,12,0,
person|maria-leticia ossa daza,Maria-Leticia Ossa Daza,person,,,vault,12,1,1,"Paul, Weiss, Rifkind, Wharton & Garrison",Network Map/People/Maria-Leticia Ossa Daza.md,1,0,
org|instituto dexeus,Instituto Dexeus,org,organization,,vault,3,1,2,Other connected pairs/groups 24,Network Map/Organizations/Instituto Dexeus.md,2,0,
person|elie furtado,Elie Furtado,person,,,vault,2,1,,Other connected pairs/groups 29,Network Map/People/Elie Furtado.md,1,0,
org|unicef,Unicef,org,international body,UNICEF,vault,11,0,2,linked by connectivity pass,Network Map/Organizations/Unicef.md,5,0,
person|annie besant,Annie Besant,person,,,both,32,1,1,X posts only,Network Map/People/Annie Besant.md,14,2,
org|religion news service,Religion News Service,org,organization,,vault,6,0,3,linked by connectivity pass,Network Map/Organizations/Religion News Service.md,3,0,
person|samuel irving rosenman,Samuel Irving Rosenman,person,,,vault,11,1,2,Other connected pairs/groups 46,Network Map/People/Samuel Irving Rosenman.md,1,0,
person|charles darwin,Charles Darwin,person,,,vault,10,2,2,Other connected pairs/groups 6,Network Map/People/Charles Darwin.md,4,0,
person|paul rapoport,Paul Rapoport,person,,,vault,5,0,3,linked by connectivity pass,Network Map/People/Paul Rapoport.md,3,0,
person|vera arisohn,Vera Arisohn,person,,,vault,17,0,2,linked by connectivity pass,Network Map/People/Vera Arisohn.md,3,0,
person|carole brookins,Carole Brookins,person,,,vault,7,2,2,World Bank,Network Map/People/Carole Brookins.md,1,0,
org|montauk yacht club resort,Montauk Yacht Club Resort,org,society/club,,vault,9,1,1,Other connected pairs/groups 39,Network Map/Organizations/Montauk Yacht Club Resort.md,1,0,
org|libertarian party,Libertarian Party,org,political organization,,vault,2,0,3,linked by connectivity pass,Network Map/Organizations/Libertarian Party.md,3,0,
org|world justice forum,World Justice Forum,org,NGO/nonprofit/think tank,,vault,4,0,3,linked by connectivity pass,Network Map/Organizations/World Justice Forum.md,3,0,
org|equality health,Equality Health,org,organization,,vault,7,1,1,General Atlantic,Network Map/Organizations/Equality Health.md,2,0,
org|national power,National Power,org,organization,National Power Alfonso Cortina,vault,35,1,2,Shell,Network Map/Organizations/National Power.md,2,0,
person|kevin rudd,Kevin Rudd,person,,,vault,44,0,1,linked by connectivity pass,Network Map/People/Kevin Rudd.md,4,0,
org|carnegie endowment for international,Carnegie Endowment for International,org,foundation,,vault,16,0,2,linked by connectivity pass,Network Map/Organizations/Carnegie Endowment for International.md,3,0,
person|sian westerman,Sian Westerman,person,,,vault,6,2,3,Other connected pairs/groups 5,Network Map/People/Sian Westerman.md,1,0,
org|social connections,Social Connections,org,organization,,vault,11,0,1,linked by connectivity pass,Network Map/Organizations/Social Connections.md,3,0,
org|economic club of new york,Economic Club of New York,org,society/club,,vault,31,1,2,Other connected pairs/groups 3,Network Map/Organizations/Economic Club of New York.md,3,0,
person|theodore roosevelt,Theodore Roosevelt,person,,,vault,22,0,2,linked by connectivity pass,Network Map/People/Theodore Roosevelt.md,6,0,
org|cerro de pasco,Cerro de Pasco,org,organization,Cerro de Pasco_!,vault,6,0,3,linked by connectivity pass,Network Map/Organizations/Cerro de Pasco.md,5,0,
org|world bank,World Bank,org,international body,WORLD BANK,vault,118,3,1,World Bank,Network Map/Organizations/World Bank.md,24,0,
org|international management group,International Management Group,org,company,,vault,2,0,3,linked by connectivity pass,Network Map/Organizations/International Management Group.md,3,0,
person|donald newhouse,Donald Newhouse,person,,Donald Edward Newhouse,vault,14,1,2,Advance Publications,Network Map/People/Donald Newhouse.md,2,0,
org|chicago theological seminary,Chicago Theological Seminary,org,organization,,vault,5,1,2,Other connected pairs/groups 6,Network Map/Organizations/Chicago Theological Seminary.md,1,0,
org|british government,British Government,org,government body,,vault,5,0,3,linked by connectivity pass,Network Map/Organizations/British Government.md,3,0,
org|tribeca film festival,Tribeca Film Festival,org,organization,,vault,15,1,1,Other connected pairs/groups 52,Network Map/Organizations/Tribeca Film Festival.md,3,0,
org|carnegie of new york,Carnegie Corporation of New York,org,company,,vault,12,0,2,linked by connectivity pass,Network Map/Organizations/Carnegie Corporation of New York.md,4,0,
person|ram mohan roy,Ram Mohan Roy,person,,,vault,1,1,,Other connected pairs/groups 20,Network Map/People/Ram Mohan Roy.md,1,0,
org|hudson institute,Hudson Institute,org,NGO/nonprofit/think tank,,vault,38,0,2,linked by connectivity pass,Network Map/Organizations/Hudson Institute.md,9,0,
org|harvard business school,Harvard Business School,org,university/school,,vault,292,0,1,linked by connectivity pass,Network Map/Organizations/Harvard Business School.md,56,0,
person|robert garcia,Robert Garcia,person,,,vault,83,0,2,linked by connectivity pass,Network Map/People/Robert Garcia.md,7,0,
person|jeni britton,Jeni Britton,person,,,vault,14,1,2,Other connected pairs/groups 40,Network Map/People/Jeni Britton.md,2,0,
person|the aga khan,The Aga Khan,person,,,vault,5,0,2,linked by connectivity pass,Network Map/People/The Aga Khan.md,3,0,
person|maureen black,Maureen Black,person,,,vault,7,1,2,Other connected pairs/groups 44,Network Map/People/Maureen Black.md,1,0,
person|bill bradley,Bill Bradley,person,,,vault,27,0,2,linked by connectivity pass,Network Map/People/Bill Bradley.md,3,0,
person|harvey weinstein,Harvey Weinstein,person,,,both,181,1,1,Other connected pairs/groups 36,Network Map/People/Harvey Weinstein.md,8,3,
person|daniel mayeda,Daniel Mayeda,person,,,vault,3,1,2,Other connected pairs/groups 25,Network Map/People/Daniel Mayeda.md,1,0,
org|redistnbuton and self fnancing,Redistnbuton & Self-Fnancing,org,organization,,vault,0,0,,(isolated),Network Map/Organizations/Redistnbuton & Self-Fnancing.md,3,0,
person|asad mahmood,Asad Mahmood,person,,,vault,7,1,2,Deutsche Bank,Network Map/People/Asad Mahmood.md,1,0,
person|diana brooks,Diana Brooks,person,,,vault,5,1,1,Sotheby,Network Map/People/Diana Brooks.md,1,0,
person|woody allen,Woody Allen,person,,,both,198,0,1,linked by connectivity pass,Network Map/People/Woody Allen.md,7,12,
org|urban institute,Urban Institute,org,NGO/nonprofit/think tank,,vault,19,0,2,linked by connectivity pass,Network Map/Organizations/Urban Institute.md,3,0,
person|henry kravis,Henry Kravis,person,,Henry Roberts Kravis,both,36,0,1,linked by connectivity pass,Network Map/People/Henry Kravis.md,6,1,
person|laura spelman rockefeller,Laura Spelman Rockefeller,person,,,vault,30,0,2,linked by connectivity pass,Network Map/People/Laura Spelman Rockefeller.md,3,0,
org|ocbc,OCBC,org,organization,,vault,5,0,3,linked by connectivity pass,Network Map/Organizations/OCBC.md,3,0,
person|eugene kleiner,Eugene Kleiner,person,,,vault,16,1,2,Other connected pairs/groups 31,Network Map/People/Eugene Kleiner.md,3,0,
org|central intelligence agency,Central Intelligence Agency,org,government body,CIA; Central Intelligence; Cia,both,463,12,1,Central Intelligence Agency,Network Map/Organizations/Central Intelligence Agency.md,79,0,
org|economist newspaper,Economist Newspaper Limited,org,organization,,vault,6,0,2,linked by connectivity pass,Network Map/Organizations/Economist Newspaper Limited.md,3,0,
org|howard,Howard,org,organization,,vault,4,0,2,linked by connectivity pass,Network Map/Organizations/Howard.md,3,0,
person|john hagelin,John Hagelin,person,,,vault,1,1,4,Other connected pairs/groups 42,Network Map/People/John Hagelin.md,1,0,
person|beatrice webb,Beatrice Webb,person,,,vault,11,0,2,linked by connectivity pass,Network Map/People/Beatrice Webb.md,3,0,
org|consulting group,Consulting Group,org,company,,vault,11,0,2,linked by connectivity pass,Network Map/Organizations/Consulting Group.md,3,0,
org|hamas,Hamas,org,organization,,vault,80,0,1,linked by connectivity pass,Network Map/Organizations/Hamas.md,9,0,
person|joe kent,Joe Kent,person,,,both,41,2,1,X posts only,Network Map/People/Joe Kent.md,4,3,
person|phil potter,Phil Potter,person,,,vault,3,1,2,Other connected pairs/groups 19,Network Map/People/Phil Potter.md,1,0,
person|abdulkadir mohamed nur,Abdulkadir Mohamed Nur,person,,,vault,3,0,,linked by connectivity pass,Network Map/People/Abdulkadir Mohamed Nur.md,3,0,
org|indian national congress,Indian National Congress,org,government body,,vault,14,0,2,linked by connectivity pass,Network Map/Organizations/Indian National Congress.md,5,0,
org|grateful dead,Grateful Dead,org,organization,,vault,5,0,3,linked by connectivity pass,Network Map/Organizations/Grateful Dead.md,5,0,
org|south puerto rico sugar company,South Puerto Rico Sugar Company,org,company,,vault,4,1,2,Gulf and Western Industries,Network Map/Organizations/South Puerto Rico Sugar Company.md,2,0,
person|michael aquino,Michael Aquino,person,,Michael A. Aquino; Michael Angelo Aquino,vault,6,0,3,linked by connectivity pass,Network Map/People/Michael Aquino.md,4,0,
person|shimon peres,Shimon Peres,person,,,vault,12,0,2,linked by connectivity pass,Network Map/People/Shimon Peres.md,3,0,
person|jane doe,Jane Doe,person,,,vault,9,0,1,linked by connectivity pass,Network Map/People/Jane Doe.md,3,0,
person|alejandro mayorkas,Alejandro Mayorkas,person,,,vault,43,0,2,linked by connectivity pass,Network Map/People/Alejandro Mayorkas.md,4,0,
person|greg rosenbaum,Greg Rosenbaum,person,,,vault,5,0,3,linked by connectivity pass,Network Map/People/Greg Rosenbaum.md,4,0,
org|yale management,Yale Management,org,company,,vault,17,1,2,Other connected pairs/groups 40,Network Map/Organizations/Yale Management.md,1,0,
org|theosophists,Theosophists,org,organization,,vault,8,0,2,linked by connectivity pass,Network Map/Organizations/Theosophists.md,4,0,
org|israeli supreme court,Israeli Supreme Court,org,government body,,vault,7,1,2,Other connected pairs/groups 30,Network Map/Organizations/Israeli Supreme Court.md,1,0,
person|peter singer,Peter Singer,person,,,vault,7,0,2,linked by connectivity pass,Network Map/People/Peter Singer.md,3,0,
org|contra,Contra,org,organization,,both,19,1,1,X posts only,Network Map/Organizations/Contra.md,3,0,
org|hustle,Hustle,org,organization,HUSTLE,vault,3,1,2,Other connected pairs/groups 38,Network Map/Organizations/Hustle.md,2,0,
person|richard d kincaid,Richard D. Kincaid,person,,,vault,9,1,2,Other connected pairs/groups 17,Network Map/People/Richard D. Kincaid.md,1,0,
person|lawrence benjamin,Lawrence Benjamin,person,,,vault,20,1,2,Other connected pairs/groups 45,Network Map/People/Lawrence Benjamin.md,4,0,
org|future forward pac,Future Forward PAC,org,political organization,,vault,15,0,2,linked by connectivity pass,Network Map/Organizations/Future Forward PAC.md,3,0,
org|southern methodist university,Southern Methodist University,org,university/school,Education Southern Methodist University,vault,8,0,2,linked by connectivity pass,Network Map/Organizations/Southern Methodist University.md,4,0,
person|mitch mcconnell,Mitch McConnell,person,,,both,64,3,1,Other connected pairs/groups 2,Network Map/People/Mitch McConnell.md,8,2,
org|brookings institution,Brookings Institution,org,organization,BROOKINGS; Brookings; Brookings Institute,vault,108,2,1,Brookings Institution,Network Map/Organizations/Brookings Institution.md,26,0,
org|rs ac,RS AC,org,organization,,vault,8,0,2,linked by connectivity pass,Network Map/Organizations/RS AC.md,3,0,
org|uja federation of new york,UJA-Federation of New York,org,NGO/nonprofit/think tank,,vault,11,0,2,linked by connectivity pass,Network Map/Organizations/UJA-Federation of New York.md,3,0,
org|village voice,Village Voice,org,organization,,vault,16,1,2,Other connected pairs/groups 50,Network Map/Organizations/Village Voice.md,2,0,
person|lee ainslie,Lee Ainslie,person,,,vault,37,0,2,linked by connectivity pass,Network Map/People/Lee Ainslie.md,3,0,
org|theosophy,Theosophy,org,organization,,vault,14,0,2,linked by connectivity pass,Network Map/Organizations/Theosophy.md,4,0,
person|robert tisch,Robert Tisch,person,,,vault,8,2,2,New York Giants,Network Map/People/Robert Tisch.md,1,0,
person|marshall applewhite,Marshall Applewhite,person,,,vault,3,1,3,Other connected pairs/groups 20,Network Map/People/Marshall Applewhite.md,1,0,
org|calarts,CalArts,org,organization,,vault,12,0,2,linked by connectivity pass,Network Map/Organizations/CalArts.md,4,0,
org|kleinwort benson,Kleinwort Benson,org,organization,Kleinwort Benson Inc,vault,11,1,2,Lazard Freres,Network Map/Organizations/Kleinwort Benson.md,2,0,
person|sarah rosen wartell,Sarah Rosen Wartell,person,,,vault,19,0,2,linked by connectivity pass,Network Map/People/Sarah Rosen Wartell.md,3,0,
org|danaher,Danaher Corporation,org,company,,vault,2,1,1,Other connected pairs/groups 25,Network Map/Organizations/Danaher Corporation.md,1,0,
person|lee kuan yew,Lee Kuan Yew,person,,Lee Kwan Yew,vault,15,0,2,linked by connectivity pass,Network Map/People/Lee Kuan Yew.md,3,0,
person|michael dukakis,Michael Dukakis,person,,Michael S. Dukakis,vault,41,0,2,linked by connectivity pass,Network Map/People/Michael Dukakis.md,4,0,
org|newtech global,NewTech Global,org,organization,,vault,7,1,2,New Mountain Capital,Network Map/Organizations/NewTech Global.md,1,0,
person|paul fould,Paul Fould,person,,,vault,13,1,,Other connected pairs/groups 32,Network Map/People/Paul Fould.md,1,0,
org|investment board,Investment Board,org,organization,,vault,51,0,1,linked by connectivity pass,Network Map/Organizations/Investment Board.md,3,0,
org|harvard medical school,Harvard Medical School,org,university/school,,vault,19,0,1,linked by connectivity pass,Network Map/Organizations/Harvard Medical School.md,3,0,
person|william milliken,William Milliken,person,,,vault,8,0,2,linked by connectivity pass,Network Map/People/William Milliken.md,3,0,
org|operations and engineering,Operations & Engineering,org,organization,,vault,2,0,3,linked by connectivity pass,Network Map/Organizations/Operations & Engineering.md,1,0,originally-read entity
person|rita hayworth,Rita Hayworth,person,,,vault,18,0,2,linked by connectivity pass,Network Map/People/Rita Hayworth.md,3,0,
person|rick burnett,Rick Burnett,person,,,vault,2,1,3,Other connected pairs/groups 33,Network Map/People/Rick Burnett.md,1,0,
org|berkshire hathaway,Berkshire Hathaway,org,organization,Berkshire Hathaway Inc,vault,160,6,1,Berkshire Hathaway,Network Map/Organizations/Berkshire Hathaway.md,17,0,
org|exeter college,Exeter College,org,university/school,Education Exeter College,vault,11,0,2,linked by connectivity pass,Network Map/Organizations/Exeter College.md,3,0,
person|aulana l peters,Aulana L. Peters,person,,,vault,19,1,2,U.S. Securities and Exchange Commission,Network Map/People/Aulana L. Peters.md,1,0,
person|tulsi gabbard,Tulsi Gabbard,person,,,vault,12,1,2,linked by connectivity pass,Network Map/People/Tulsi Gabbard.md,4,0,
person|marty burger,Marty Burger,person,,,vault,11,0,1,linked by connectivity pass,Network Map/People/Marty Burger.md,3,0,
person|steve bannon,Steve Bannon,person,,,vault,13,0,1,linked by connectivity pass,Network Map/People/Steve Bannon.md,3,0,
person|john cripps,John Cripps,person,,,vault,6,1,2,Other connected pairs/groups 41,Network Map/People/John Cripps.md,1,0,
org|societe generale,Société Générale,org,organization,Societe Generale; Societé Générale,vault,86,0,1,linked by connectivity pass,Network Map/Organizations/Société Générale.md,7,0,
person|maura smith,Maura Smith,person,,,vault,5,1,2,Other connected pairs/groups 48,Network Map/People/Maura Smith.md,1,0,
org|international criminal court,International Criminal Court,org,government body,,vault,8,0,2,linked by connectivity pass,Network Map/Organizations/International Criminal Court.md,3,0,
org|cross and simon,Cross & Simon,org,organization,,vault,1,1,,Other connected pairs/groups 25,Network Map/Organizations/Cross & Simon.md,1,0,
org|american civil liberties union,American Civil Liberties Union,org,organization,ACLU,both,235,5,1,American Civil Liberties Union,Network Map/Organizations/American Civil Liberties Union.md,57,0,
org|european court of human rights,European Court of Human Rights,org,government body,EUROPEAN COURT OF HUMAN RIGHTS,vault,19,1,2,Other connected pairs/groups 31,Network Map/Organizations/European Court of Human Rights.md,3,0,
org|federal reserve bank of boston,Federal Reserve Bank of Boston,org,government body,,vault,18,1,2,Other connected pairs/groups 21,Network Map/Organizations/Federal Reserve Bank of Boston.md,2,0,
person|bill richardson,Bill Richardson,person,,,both,121,0,1,linked by connectivity pass,Network Map/People/Bill Richardson.md,3,10,
org|warner music group,Warner Music Group,org,company,Warner Music Group Corp,both,64,2,1,X posts only,Network Map/Organizations/Warner Music Group.md,6,0,
org|investment committee,Investment Committee,org,NGO/nonprofit/think tank,,vault,8,0,2,linked by connectivity pass,Network Map/Organizations/Investment Committee.md,3,0,
person|barbara guggenheim,Barbara Guggenheim,person,,,vault,22,1,2,Other connected pairs/groups 17,Network Map/People/Barbara Guggenheim.md,3,0,
person|jerry goodman,Jerry Goodman,person,,,vault,3,1,3,Other connected pairs/groups 41,Network Map/People/Jerry Goodman.md,1,0,
person|brian schwartz,Brian Schwartz,person,,,both,127,1,1,X posts only,Network Map/People/Brian Schwartz.md,3,2,
person|harold pratt house,Harold Pratt House,person,,,vault,6,0,2,linked by connectivity pass,Network Map/People/Harold Pratt House.md,3,0,
person|chris murphy,Chris Murphy,person,,,vault,85,0,2,linked by connectivity pass,Network Map/People/Chris Murphy.md,7,0,
person|jon kelly,Jon Kelly,person,,,vault,9,1,2,Other connected pairs/groups 42,Network Map/People/Jon Kelly.md,1,0,
org|jerusalem post,Jerusalem Post,org,organization,,vault,20,0,2,linked by connectivity pass,Network Map/Organizations/Jerusalem Post.md,3,0,
person|stella a sharp,Stella A. Sharp,person,,,vault,4,1,3,Other connected pairs/groups 3,Network Map/People/Stella A. Sharp.md,1,0,
person|george r roberts,George R. Roberts,person,,,vault,11,1,1,Bear Stearns,Network Map/People/George R. Roberts.md,3,0,
person|samantha power,Samantha Power,person,,,both,65,0,1,linked by connectivity pass,Network Map/People/Samantha Power.md,3,8,
org|blackstone,Blackstone,org,organization,Blackstone Group; Blackstone Inc,vault,214,5,1,Blackstone,Network Map/Organizations/Blackstone.md,34,0,
org|miami heat,Miami Heat,org,organization,,vault,19,0,2,linked by connectivity pass,Network Map/Organizations/Miami Heat.md,6,0,
org|aia group,AIA Group,org,company,,vault,6,1,2,Other connected pairs/groups 10,Network Map/Organizations/AIA Group.md,1,0,
person|betty mccollum,Betty McCollum,person,,,vault,85,0,2,linked by connectivity pass,Network Map/People/Betty McCollum.md,7,0,
org|blue owl,Blue Owl,org,organization,,vault,25,0,1,linked by connectivity pass,Network Map/Organizations/Blue Owl.md,3,0,
org|arcano capital,Arcano Capital,org,company,,vault,3,1,2,Other connected pairs/groups 5,Network Map/Organizations/Arcano Capital.md,1,0,
person|gavin newsom,Gavin Newsom,person,,,both,193,1,1,Other connected pairs/groups 34,Network Map/People/Gavin Newsom.md,20,22,
person|mortimer zuckerman,Mortimer Zuckerman,person,,Mortimer B. Zuckerman; Mortimer Benjamin Zuckerman,vault,18,0,2,linked by connectivity pass,Network Map/People/Mortimer Zuckerman.md,4,0,
org|special forces,Special Forces,org,organization,,vault,14,0,2,linked by connectivity pass,Network Map/Organizations/Special Forces.md,3,0,
org|thomson reuters,Thomson Reuters,org,organization,,vault,11,0,2,linked by connectivity pass,Network Map/Organizations/Thomson Reuters.md,3,0,
person|benjamin franklin,Benjamin Franklin,person,,,vault,8,0,2,linked by connectivity pass,Network Map/People/Benjamin Franklin.md,5,0,
person|michel ray,Michel Ray,person,,,vault,18,0,2,linked by connectivity pass,Network Map/People/Michel Ray.md,4,0,
org|council of europe,Council of Europe,org,international body,,vault,5,0,2,linked by connectivity pass,Network Map/Organizations/Council of Europe.md,3,0,
person|rashida tia,Rashida Tia,person,,,vault,0,0,,(isolated),Network Map/People/Rashida Tia.md,3,0,
person|leila velez,Leila Velez,person,,,vault,2,1,3,Other connected pairs/groups 18,Network Map/People/Leila Velez.md,1,0,
person|david coquillette,David Coquillette,person,,,vault,17,1,1,Goldman Sachs,Network Map/People/David Coquillette.md,1,0,
person|tom donilon,Tom Donilon,person,,,vault,14,0,2,linked by connectivity pass,Network Map/People/Tom Donilon.md,3,0,
person|andrew farkas,Andrew Farkas,person,,Andrew L. Farkas,both,49,1,1,X posts only,Network Map/People/Andrew Farkas.md,3,2,
person|gibson dunn,Gibson Dunn,person,,,vault,9,0,2,linked by connectivity pass,Network Map/People/Gibson Dunn.md,3,0,
org|yum,Yum!,org,organization,,vault,9,1,2,Other connected pairs/groups 50,Network Map/Organizations/Yum!.md,2,0,
org|vodafone,Vodafone,org,organization,,vault,26,0,2,linked by connectivity pass,Network Map/Organizations/Vodafone.md,7,0,
org|gutenberg research award,Gutenberg Research Award,org,organization,,vault,10,0,2,linked by connectivity pass,Network Map/Organizations/Gutenberg Research Award.md,3,0,
person|shehreyar hameed,Shehreyar Hameed,person,,,vault,8,2,2,Blackstone,Network Map/People/Shehreyar Hameed.md,2,0,
org|obama foundation,Obama Foundation,org,foundation,,vault,54,0,1,linked by connectivity pass,Network Map/Organizations/Obama Foundation.md,4,0,
person|martin scorsese,Martin Scorsese,person,,,vault,16,0,2,linked by connectivity pass,Network Map/People/Martin Scorsese.md,3,0,
org|ministry of finance,Ministry of Finance,org,government body,,vault,8,1,2,Other connected pairs/groups 49,Network Map/Organizations/Ministry of Finance.md,2,0,
org|ubs financial services,UBS Financial Services Inc,org,company,UBS FINANCIAL SERVICES INC,vault,3,0,2,linked by connectivity pass,Network Map/Organizations/UBS Financial Services Inc.md,3,0,
org|salk institute for biological studies,Salk Institute for Biological Studies,org,NGO/nonprofit/think tank,,vault,4,0,1,linked by connectivity pass,Network Map/Organizations/Salk Institute for Biological Studies.md,3,0,
org|pre raphaelites,Pre-Raphaelites,org,organization,,vault,5,1,3,Other connected pairs/groups 51,Network Map/Organizations/Pre-Raphaelites.md,1,0,
org|christ church,Christ Church,org,organization,,vault,23,0,2,linked by connectivity pass,Network Map/Organizations/Christ Church.md,7,0,
person|wendy sherman,Wendy Sherman,person,,,vault,32,0,2,linked by connectivity pass,Network Map/People/Wendy Sherman.md,3,0,
org|blackrock,BlackRock,org,organization,"BlackRock «; BlackRock, Inc; Blackrock; Blackrock Inc",both,150,4,1,Other connected pairs/groups 19,Network Map/Organizations/BlackRock.md,21,0,
org|united states national security,United States National Security,org,organization,,vault,15,0,2,linked by connectivity pass,Network Map/Organizations/United States National Security.md,4,0,
person|george bernard shaw,George Bernard Shaw,person,,,vault,6,0,2,linked by connectivity pass,Network Map/People/George Bernard Shaw.md,2,0,originally-read entity
org|enron,Enron,org,organization,,vault,24,1,2,Other connected pairs/groups 30,Network Map/Organizations/Enron.md,6,0,
org|knights,Knights,org,organization,,vault,10,0,2,linked by connectivity pass,Network Map/Organizations/Knights.md,4,0,
person|neera tanden,Neera Tanden,person,,,vault,19,0,2,linked by connectivity pass,Network Map/People/Neera Tanden.md,4,0,
person|david geffen,David Geffen,person,,David Lawrence Geffen,both,66,3,1,Other connected pairs/groups 26,Network Map/People/David Geffen.md,13,1,
person|ruben donis,Ruben Donis,person,,,vault,2,1,2,Other connected pairs/groups 53,Network Map/People/Ruben Donis.md,1,0,
person|gerry adams,Gerry Adams,person,,,vault,2,1,2,Other connected pairs/groups 35,Network Map/People/Gerry Adams.md,1,0,
person|paul volcker,Paul Volcker,person,,,vault,15,0,2,linked by connectivity pass,Network Map/People/Paul Volcker.md,3,0,
org|standard oil of ohio,Standard Oil of Ohio,org,organization,,vault,5,1,3,Other connected pairs/groups 17,Network Map/Organizations/Standard Oil of Ohio.md,2,0,
person|mary eberstadt,Mary Eberstadt,person,,,vault,6,1,3,Other connected pairs/groups 48,Network Map/People/Mary Eberstadt.md,1,0,
org|bear stearns and,"Bear, Stearns & Co. Inc",org,company,"BEAR, STEARNS & CO; Bear Stearns & Co",vault,55,0,1,linked by connectivity pass,"Network Map/Organizations/Bear, Stearns & Co. Inc.md",3,0,
person|lyndon johnson,Lyndon Johnson,person,,Lyndon B. Johnson,vault,38,0,2,linked by connectivity pass,Network Map/People/Lyndon Johnson.md,7,0,
person|brian moynihan,Brian Moynihan,person,,,vault,45,0,2,linked by connectivity pass,Network Map/People/Brian Moynihan.md,5,0,
org|citadel investment group,Citadel Investment Group,org,company,,vault,15,0,2,linked by connectivity pass,Network Map/Organizations/Citadel Investment Group.md,3,0,
person|howard solomon,Howard Solomon,person,,,vault,8,2,2,Other connected pairs/groups 8,Network Map/People/Howard Solomon.md,1,0,
org|sony music entertainment,Sony Music Entertainment,org,company,,vault,30,1,2,Other connected pairs/groups 44,Network Map/Organizations/Sony Music Entertainment.md,5,0,
person|david cohen,David Cohen,person,,David S. Cohen,vault,39,1,1,Central Intelligence Agency,Network Map/People/David Cohen.md,3,0,
org|giesche,Giesche,org,organization,,vault,2,1,4,Other connected pairs/groups 14,Network Map/Organizations/Giesche.md,1,0,
person|maria sara isabel attias,Maria Sara Isabel Attias,person,,,vault,9,0,2,linked by connectivity pass,Network Map/People/Maria Sara Isabel Attias.md,3,0,
org|max planck society,Max Planck Society,org,society/club,,vault,17,1,2,Other connected pairs/groups 23,Network Map/Organizations/Max Planck Society.md,1,0,
org|harvard crimson,Harvard Crimson,org,organization,,vault,40,0,2,linked by connectivity pass,Network Map/Organizations/Harvard Crimson.md,5,0,
org|mei group usa,MEI Group USA,org,company,,vault,4,1,2,Other connected pairs/groups 9,Network Map/Organizations/MEI Group USA.md,1,0,
org|yukos,Yukos,org,organization,,vault,5,1,2,Other connected pairs/groups 48,Network Map/Organizations/Yukos.md,1,0,
person|steven j olson,Steven J. Olson,person,,,vault,15,0,2,linked by connectivity pass,Network Map/People/Steven J. Olson.md,3,0,
person|leon black,Leon Black,person,,Leon D. Black; Leon David Black,both,249,5,1,Apollo,Network Map/People/Leon Black.md,17,17,
org|maharishi,Maharishi,org,organization,,vault,2,1,3,Other connected pairs/groups 42,Network Map/Organizations/Maharishi.md,7,0,
person|dick durbin,Dick Durbin,person,,,vault,91,0,2,linked by connectivity pass,Network Map/People/Dick Durbin.md,9,0,
org|concordia university,Concordia University,org,university/school,,vault,12,0,3,linked by connectivity pass,Network Map/Organizations/Concordia University.md,3,0,
person|parag vora,Parag Vora,person,,,vault,15,1,2,Other connected pairs/groups 36,Network Map/People/Parag Vora.md,1,0,
org|medicare,Medicare,org,organization,,vault,15,0,2,linked by connectivity pass,Network Map/Organizations/Medicare.md,7,0,
org|blue ridge capital,Blue Ridge Capital,org,company,,vault,22,0,2,linked by connectivity pass,Network Map/Organizations/Blue Ridge Capital.md,3,0,
person|jeffrey katzenberg,Jeffrey Katzenberg,person,,Jeffrey David Katzenberg,vault,29,0,1,linked by connectivity pass,Network Map/People/Jeffrey Katzenberg.md,8,0,
org|st john,St. John,org,organization,St John,vault,4,0,3,linked by connectivity pass,Network Map/Organizations/St. John.md,4,0,
person|julia koch,Julia Koch,person,,,vault,3,1,2,Koch Industries,Network Map/People/Julia Koch.md,1,0,
person|robert mueller,Robert Mueller,person,,,vault,7,0,2,linked by connectivity pass,Network Map/People/Robert Mueller.md,4,0,
org|columbia business school,Columbia Business School,org,university/school,,vault,29,0,2,linked by connectivity pass,Network Map/Organizations/Columbia Business School.md,7,0,
person|david rockefeller,David Rockefeller,person,,,both,267,4,1,Other connected pairs/groups 26,Network Map/People/David Rockefeller.md,19,16,
person|frank luntz,Frank Luntz,person,,,vault,15,0,1,linked by connectivity pass,Network Map/People/Frank Luntz.md,3,0,
org|new yorker,New Yorker,org,organization,,vault,40,0,2,linked by connectivity pass,Network Map/Organizations/New Yorker.md,10,0,
person|james st clair-erskine,James St Clair-Erskine,person,,,vault,4,1,3,Other connected pairs/groups 40,Network Map/People/James St Clair-Erskine.md,1,0,
org|john f kennedy school of government,John F. Kennedy School of Government,org,university/school,,vault,17,0,2,linked by connectivity pass,Network Map/Organizations/John F. Kennedy School of Government.md,4,0,
org|universal music,Universal Music,org,organization,,both,37,2,2,Other connected pairs/groups 46,Network Map/Organizations/Universal Music.md,3,0,
org|cibc world markets,CIBC World Markets,org,organization,CIBC WORLD MARKETS INC,vault,10,0,2,linked by connectivity pass,Network Map/Organizations/CIBC World Markets.md,4,0,
org|domestic policy council,Domestic Policy Council,org,NGO/nonprofit/think tank,,vault,28,3,2,Domestic Policy Council,Network Map/Organizations/Domestic Policy Council.md,1,0,
person|jules halphen,Jules Halphen,person,,,vault,13,1,,Other connected pairs/groups 43,Network Map/People/Jules Halphen.md,1,0,
person|jesse karmazin,Jesse Karmazin,person,,,vault,2,1,3,Other connected pairs/groups 41,Network Map/People/Jesse Karmazin.md,1,0,
org|merrill lynch,Merrill Lynch,org,organization,Merril Lynch,both,143,2,1,Bank of America,Network Map/Organizations/Merrill Lynch.md,14,0,
org|oppenheimer and,Oppenheimer & Co,org,organization,OPPENHEIMER & CO INC,vault,9,0,2,linked by connectivity pass,Network Map/Organizations/Oppenheimer & Co.md,4,0,
org|independent power producer,Independent Power Producer,org,organization,,vault,2,1,3,Other connected pairs/groups 38,Network Map/Organizations/Independent Power Producer.md,1,0,
person|ralph hubbard norton,Ralph Hubbard Norton,person,,,vault,1,1,3,Other connected pairs/groups 50,Network Map/People/Ralph Hubbard Norton.md,1,0,
org|jetblue,JetBlue,org,organization,,vault,8,0,2,linked by connectivity pass,Network Map/Organizations/JetBlue.md,3,0,
org|museum of modern art,Museum of Modern Art,org,organization,,vault,45,1,1,linked by connectivity pass,Network Map/Organizations/Museum of Modern Art.md,16,0,
org|northeastern university,Northeastern University,org,university/school,,vault,8,0,2,linked by connectivity pass,Network Map/Organizations/Northeastern University.md,3,0,
person|albert sassoon,Albert Sassoon,person,,,vault,4,1,2,Other connected pairs/groups 2,Network Map/People/Albert Sassoon.md,1,0,
person|novak leadership,Novak Leadership,person,,,vault,5,1,2,Other connected pairs/groups 50,Network Map/People/Novak Leadership.md,1,0,
org|new york presbyterian hospital,New York Presbyterian Hospital,org,organization,New York-Presbyterian Hospital,vault,49,0,1,linked by connectivity pass,Network Map/Organizations/New York Presbyterian Hospital.md,3,0,
person|thomas jefferson,Thomas Jefferson,person,,,vault,13,0,2,linked by connectivity pass,Network Map/People/Thomas Jefferson.md,3,0,
person|marco masotti,Marco Masotti,person,,Marco V. Masotti,vault,16,1,1,"Paul, Weiss, Rifkind, Wharton & Garrison",Network Map/People/Marco Masotti.md,3,0,
person|bill boyd,Bill Boyd,person,,,vault,1,1,,Other connected pairs/groups 18,Network Map/People/Bill Boyd.md,2,0,
person|william lauder,William Lauder,person,,William P. Lauder,vault,15,0,2,linked by connectivity pass,Network Map/People/William Lauder.md,5,0,
person|edouard philippe,Edouard Philippe,person,,,vault,21,0,2,linked by connectivity pass,Network Map/People/Edouard Philippe.md,3,0,
org|hutton,Hutton,org,organization,,vault,7,0,2,linked by connectivity pass,Network Map/Organizations/Hutton.md,3,0,
person|amal clooney,Amal Clooney,person,,,vault,14,0,2,linked by connectivity pass,Network Map/People/Amal Clooney.md,3,0,
org|plastics division,Plastics Division,org,organization,,vault,7,1,2,Other connected pairs/groups 13,Network Map/Organizations/Plastics Division.md,1,0,
person|perri peltz,Perri Peltz,person,,,vault,8,3,2,Other connected pairs/groups 1,Network Map/People/Perri Peltz.md,3,0,
org|georgetown university,Georgetown University,org,university/school,Education Georgetown University,vault,108,0,2,linked by connectivity pass,Network Map/Organizations/Georgetown University.md,23,0,
person|helene fould,Helene Fould,person,,,vault,13,1,,Other connected pairs/groups 36,Network Map/People/Helene Fould.md,1,0,
person|sultan bin sulayem,Sultan Bin Sulayem,person,,Sultan Ahmed bin Sulayem,vault,3,1,1,Other connected pairs/groups 25,Network Map/People/Sultan Bin Sulayem.md,2,0,
person|giuseppe garibaldi,Giuseppe Garibaldi,person,,,vault,7,0,2,linked by connectivity pass,Network Map/People/Giuseppe Garibaldi.md,4,0,
person|micheline calmyrey,Micheline CalmyRey,person,,,vault,7,2,2,Other connected pairs/groups 6,Network Map/People/Micheline CalmyRey.md,1,0,
org|grameen,Grameen,org,organization,,both,135,3,1,X posts only,Network Map/Organizations/Grameen.md,4,0,
org|aspen institute trustee,Aspen Institute Trustee,org,NGO/nonprofit/think tank,ASPEN INSTITUTE TRUSTEE,vault,4,0,2,linked by connectivity pass,Network Map/Organizations/Aspen Institute Trustee.md,3,0,
person|anne dias,Anne Dias,person,,,vault,9,1,2,Viking Global Investors,Network Map/People/Anne Dias.md,2,0,
org|cornell university,Cornell University,org,university/school,Education Cornell University,vault,78,0,2,linked by connectivity pass,Network Map/Organizations/Cornell University.md,21,0,
org|boston consulting group,Boston Consulting Group,org,company,"BOSTON CONSULTING GROUP; Boston Consulting Group, Inc",vault,30,0,1,linked by connectivity pass,Network Map/Organizations/Boston Consulting Group.md,14,0,
org|knights templar,Knights Templar,org,organization,,vault,16,0,2,linked by connectivity pass,Network Map/Organizations/Knights Templar.md,6,0,
org|u s department of defense,U.S. Department of Defense,org,government body,,vault,18,0,2,linked by connectivity pass,Network Map/Organizations/U.S. Department of Defense.md,3,0,
org|american airlines group,American Airlines Group,org,company,,vault,11,0,2,linked by connectivity pass,Network Map/Organizations/American Airlines Group.md,3,0,
org|reuters,Reuters,org,organization,REUTERS,vault,56,0,2,linked by connectivity pass,Network Map/Organizations/Reuters.md,13,0,
org|university of oregon,University of Oregon,org,university/school,,vault,11,0,2,linked by connectivity pass,Network Map/Organizations/University of Oregon.md,4,0,
person|jacob rees-mogg,Jacob Rees-Mogg,person,,,vault,15,1,2,British Parliament,Network Map/People/Jacob Rees-Mogg.md,2,0,
org|ra and a,RA&A,org,organization,,vault,3,0,2,linked by connectivity pass,Network Map/Organizations/RA&A.md,3,0,
person|celso amorim,Celso Luiz Nunes Amorim,person,,Celso Amorim,vault,8,2,2,Other connected pairs/groups 6,Network Map/People/Celso Luiz Nunes Amorim.md,2,0,
org|yale school of management,Yale School of Management,org,university/school,,vault,55,0,2,linked by connectivity pass,Network Map/Organizations/Yale School of Management.md,9,0,
person|alex humphreys,Alex Humphreys,person,,,vault,8,1,2,Apollo,Network Map/People/Alex Humphreys.md,1,0,
person|george shapiro,George Shapiro,person,,,vault,7,0,2,linked by connectivity pass,Network Map/People/George Shapiro.md,1,0,originally-read entity
org|american philosophical society hall,American Philosophical Society Hall,org,society/club,,vault,1,0,3,linked by connectivity pass,Network Map/Organizations/American Philosophical Society Hall.md,3,0,
person|charles willing,Charles Willing,person,,,vault,4,1,3,Other connected pairs/groups 22,Network Map/People/Charles Willing.md,1,0,
org|marc rich,Marc Rich + Co AG,org,organization,Marc Rich; Marc Rich + Co,vault,12,0,2,linked by connectivity pass,Network Map/Organizations/Marc Rich + Co AG.md,3,0,
org|unified socialist party,Unified Socialist Party,org,political organization,,vault,7,0,2,linked by connectivity pass,Network Map/Organizations/Unified Socialist Party.md,3,0,
org|cit group,CIT Group,org,company,,vault,34,0,2,linked by connectivity pass,Network Map/Organizations/CIT Group.md,6,0,
person|dick gregory,Dick Gregory,person,,,vault,12,0,2,linked by connectivity pass,Network Map/People/Dick Gregory.md,3,0,
person|stephen kinsella,Stephen Kinsella,person,,,vault,16,1,2,Other connected pairs/groups 52,Network Map/People/Stephen Kinsella.md,1,0,
org|telecom italia,Telecom Italia,org,organization,,vault,33,1,2,Other connected pairs/groups 9,Network Map/Organizations/Telecom Italia.md,2,0,
org|choate hall and stewart,"Choate, Hall & Stewart",org,organization,,vault,13,1,2,Other connected pairs/groups 22,"Network Map/Organizations/Choate, Hall & Stewart.md",1,0,
org|henkel,Henkel,org,organization,,vault,3,1,3,Other connected pairs/groups 27,Network Map/Organizations/Henkel.md,2,0,
org|u s news and world report,U.S. News & World Report,org,organization,,vault,32,0,2,linked by connectivity pass,Network Map/Organizations/U.S. News & World Report.md,3,0,
org|verizon,Verizon,org,organization,,vault,3,1,2,Other connected pairs/groups 47,Network Map/Organizations/Verizon.md,1,0,
org|pacific life,Pacific Life,org,organization,,vault,47,0,1,linked by connectivity pass,Network Map/Organizations/Pacific Life.md,3,0,
person|jason gissing,Jason Gissing,person,,,vault,78,2,2,Bullingdon Club,Network Map/People/Jason Gissing.md,2,0,
org|legacy duns and,Legacy DUNS &,org,organization,,vault,1,0,3,linked by connectivity pass,Network Map/Organizations/Legacy DUNS &.md,3,0,
org|raelian movement,Raélian Movement,org,NGO/nonprofit/think tank,,vault,6,0,2,linked by connectivity pass,Network Map/Organizations/Raélian Movement.md,4,0,
org|verizon wireless,Verizon Wireless,org,organization,,vault,6,0,1,linked by connectivity pass,Network Map/Organizations/Verizon Wireless.md,3,0,
person|solomon loeb,Solomon Loeb,person,,,vault,3,1,3,Other connected pairs/groups 32,Network Map/People/Solomon Loeb.md,2,0,
org|macalester college,Macalester College,org,university/school,,vault,15,0,2,linked by connectivity pass,Network Map/Organizations/Macalester College.md,3,0,
person|barack obama,Barack Obama,person,,Barack Hussein Obama,both,355,4,1,X posts only,Network Map/People/Barack Obama.md,69,15,
org|italianate,Italianate,org,organization,,vault,12,0,2,linked by connectivity pass,Network Map/Organizations/Italianate.md,4,0,
org|sac capital,SAC Capital,org,company,,vault,26,0,2,linked by connectivity pass,Network Map/Organizations/SAC Capital.md,4,0,
person|kate sheeran,Kate Sheeran,person,,,vault,5,1,3,Kaufman Music Center,Network Map/People/Kate Sheeran.md,1,0,
org|jewish theological seminary,Jewish Theological Seminary,org,organization,,vault,8,0,2,linked by connectivity pass,Network Map/Organizations/Jewish Theological Seminary.md,5,0,
org|finstella,Finstella Ltd,org,company,,vault,2,1,3,Other connected pairs/groups 33,Network Map/Organizations/Finstella Ltd.md,1,0,
org|mattachine society,Mattachine Society,org,society/club,,vault,5,0,2,linked by connectivity pass,Network Map/Organizations/Mattachine Society.md,3,0,
person|el abidine,El Abidine,person,,,vault,5,0,,linked by connectivity pass,Network Map/People/El Abidine.md,3,0,
org|ocado,Ocado,org,organization,Ocadol,vault,72,1,2,Bullingdon Club,Network Map/Organizations/Ocado.md,2,0,
org|gay liberation,Gay Liberation,org,organization,,vault,4,0,2,linked by connectivity pass,Network Map/Organizations/Gay Liberation.md,5,0,
person|emil berliner,Emil Berliner,person,,,vault,22,0,2,linked by connectivity pass,Network Map/People/Emil Berliner.md,3,0,
org|alyeska investment group,Alyeska Investment Group,org,company,,vault,8,1,2,Other connected pairs/groups 13,Network Map/Organizations/Alyeska Investment Group.md,2,0,
org|norwegian caribbean lines,Norwegian Caribbean Lines,org,organization,,vault,5,0,2,linked by connectivity pass,Network Map/Organizations/Norwegian Caribbean Lines.md,3,0,
org|bilderberg,Bilderberg,org,organization,,vault,2,0,3,linked by connectivity pass,Network Map/Organizations/Bilderberg.md,4,0,
org|beatrice,Beatrice,org,organization,,vault,12,0,2,linked by connectivity pass,Network Map/Organizations/Beatrice.md,3,0,
person|louise grunwald,Louise Grunwald,person,,,vault,8,1,2,Other connected pairs/groups 21,Network Map/People/Louise Grunwald.md,4,0,
person|marco rubio,Marco Rubio,person,,,both,24,0,2,linked by connectivity pass,Network Map/People/Marco Rubio.md,3,1,
person|richard aaker trythall,Richard Aaker Trythall,person,,,vault,14,0,3,linked by connectivity pass,Network Map/People/Richard Aaker Trythall.md,3,0,
org|heineken holding n v,Heineken Holding N.V,org,organization,,vault,18,0,2,linked by connectivity pass,Network Map/Organizations/Heineken Holding N.V.md,3,0,
person|nick fuentes,Nick Fuentes,person,,,both,136,0,1,linked by connectivity pass,Network Map/People/Nick Fuentes.md,4,6,
org|lendingclub,LendingClub,org,organization,Lending Club,vault,29,1,2,Other connected pairs/groups 45,Network Map/Organizations/LendingClub.md,4,0,
person|james sinopoli,James Sinopoli,person,,,vault,13,0,2,linked by connectivity pass,Network Map/People/James Sinopoli.md,1,0,originally-read entity
person|george bush,George Bush,person,,,vault,32,0,2,linked by connectivity pass,Network Map/People/George Bush.md,5,0,
person|albert einstein,Albert Einstein,person,,,vault,8,0,2,linked by connectivity pass,Network Map/People/Albert Einstein.md,3,0,
org|seacrest,Seacrest,org,organization,,vault,5,1,3,Other connected pairs/groups 53,Network Map/Organizations/Seacrest.md,1,0,
person|antony blinken,Antony Blinken,person,,Antony J. Blinken; Antony John Blinken,both,134,1,1,X posts only,Network Map/People/Antony Blinken.md,10,10,
org|joint intelligence committee,Joint Intelligence Committee,org,NGO/nonprofit/think tank,,vault,5,0,2,linked by connectivity pass,Network Map/Organizations/Joint Intelligence Committee.md,3,0,
org|paramount skydance,Paramount Skydance Corporation,org,company,,vault,9,1,2,National Amusements,Network Map/Organizations/Paramount Skydance Corporation.md,1,0,
org|anderson and stowe,Anderson & Stowe,org,organization,,vault,21,0,1,linked by connectivity pass,Network Map/Organizations/Anderson & Stowe.md,3,0,
person|melinda gates,Melinda French Gates,person,,Melinda Gates,both,27,0,1,linked by connectivity pass,Network Map/People/Melinda French Gates.md,3,1,
org|barnes,Barnes,org,organization,,vault,6,0,2,linked by connectivity pass,Network Map/Organizations/Barnes.md,4,0,
org|wynn resorts,Wynn Resorts Limited,org,company,,vault,5,1,2,Other connected pairs/groups 53,Network Map/Organizations/Wynn Resorts Limited.md,1,0,
person|marcel herrmann telles,Marcel Herrmann Telles,person,,,vault,16,1,2,Other connected pairs/groups 17,Network Map/People/Marcel Herrmann Telles.md,1,0,
person|marcus ritchie,Marcus Ritchie,person,,,vault,7,1,2,Bank of America,Network Map/People/Marcus Ritchie.md,2,0,
org|highbridge capital management,Highbridge Capital Management,org,company,Highbridge Capital Management LLC,vault,17,1,1,Other connected pairs/groups 35,Network Map/Organizations/Highbridge Capital Management.md,4,0,
person|archibald primrose,Archibald Primrose,person,,,vault,79,2,2,Bullingdon Club,Network Map/People/Archibald Primrose.md,3,0,
org|grand lodge,Grand Lodge,org,society/club,,vault,16,0,1,linked by connectivity pass,Network Map/Organizations/Grand Lodge.md,5,0,
org|rand,RAND,org,organization,RAND Corporation,vault,6,0,2,linked by connectivity pass,Network Map/Organizations/RAND.md,3,0,
org|evercore partners,Evercore Partners,org,company,Evercore Partners Inc,vault,23,1,2,Lehman Brothers,Network Map/Organizations/Evercore Partners.md,2,0,
person|james ben ali haggin,James Ben Ali Haggin,person,,,vault,7,0,3,linked by connectivity pass,Network Map/People/James Ben Ali Haggin.md,3,0,
person|john thune,John Thune,person,,,both,18,1,2,Other connected pairs/groups 42,Network Map/People/John Thune.md,9,13,
org|calpers,CalPERS,org,organization,,vault,1,1,,Other connected pairs/groups 21,Network Map/Organizations/CalPERS.md,1,0,
person|amy rao,Amy Rao,person,,,vault,11,2,2,Other connected pairs/groups 5,Network Map/People/Amy Rao.md,2,0,
person|nehad dwikat,Nehad Dwikat,person,,,vault,4,2,2,Other connected pairs/groups 9,Network Map/People/Nehad Dwikat.md,1,0,
person|brian schatz,Brian Schatz,person,,,vault,85,0,2,linked by connectivity pass,Network Map/People/Brian Schatz.md,7,0,
person|joe biden,Joe Biden,person,,Joseph Biden,both,290,2,1,Central Intelligence Agency,Network Map/People/Joe Biden.md,36,20,
person|steve kuhn,Steve Kuhn,person,,,vault,15,1,2,Other connected pairs/groups 51,Network Map/People/Steve Kuhn.md,1,0,
org|credit suisse ws,Credit Suisse Ws,org,organization,CREDIT SUISSE WS,vault,5,0,2,linked by connectivity pass,Network Map/Organizations/Credit Suisse Ws.md,3,0,
org|american university of beirut,American University of Beirut,org,university/school,,vault,25,0,2,linked by connectivity pass,Network Map/Organizations/American University of Beirut.md,4,0,
person|kevin schieffer,Kevin Schieffer,person,,,vault,2,1,3,DM&E,Network Map/People/Kevin Schieffer.md,1,0,
org|partnership for central america,Partnership for Central America,org,organization,,vault,11,1,2,Other connected pairs/groups 11,Network Map/Organizations/Partnership for Central America.md,1,0,
person|vinod khosla,Vinod Khosla,person,,,vault,19,0,1,linked by connectivity pass,Network Map/People/Vinod Khosla.md,5,0,
person|jean-luc brunel,Jean-Luc Brunel,person,,Jean-Luc Didier Henri Brunel,both,59,1,1,X posts only,Network Map/People/Jean-Luc Brunel.md,6,8,
org|solomon r guggenheim museum,Solomon R. Guggenheim Museum,org,organization,,vault,3,1,2,Other connected pairs/groups 53,Network Map/Organizations/Solomon R. Guggenheim Museum.md,4,0,
org|marquette university law school,Marquette University Law School,org,university/school,,vault,16,1,2,Other connected pairs/groups 43,Network Map/Organizations/Marquette University Law School.md,1,0,
org|koch industries,Koch Industries,org,company,Koch Industries Inc,vault,20,2,2,Koch Industries,Network Map/Organizations/Koch Industries.md,6,0,
org|stearns,Stearns,org,organization,STEARNS,vault,12,0,2,linked by connectivity pass,Network Map/Organizations/Stearns.md,4,0,
person|sundar pichai,Sundar Pichai,person,,,vault,5,1,2,Alphabet Inc,Network Map/People/Sundar Pichai.md,1,0,
org|universal,Universal,org,organization,,vault,15,1,2,Other connected pairs/groups 45,Network Map/Organizations/Universal.md,1,0,
person|j michael cook,J. Michael Cook,person,,,vault,22,3,2,Other connected pairs/groups 3,Network Map/People/J. Michael Cook.md,2,0,
person|yasmin aga khan,Yasmin Aga Khan,person,,Yasmin Aga Khan Living,vault,18,1,2,Other connected pairs/groups 14,Network Map/People/Yasmin Aga Khan.md,3,0,
org|operating partner group and managing,Operating Partner Group & Managing,org,company,,vault,3,1,2,linked by connectivity pass,Network Map/Organizations/Operating Partner Group & Managing.md,1,0,originally-read entity
org|alliance capital management,Alliance Capital Management,org,company,ALLIANCE CAPITAL MANAGEMENT LIMITED,vault,7,0,3,linked by connectivity pass,Network Map/Organizations/Alliance Capital Management.md,3,0,
org|cura capital management,Cura Capital Management LLC,org,company,,vault,8,1,2,Other connected pairs/groups 25,Network Map/Organizations/Cura Capital Management LLC.md,1,0,
org|allspring global investments,Allspring Global Investments,org,organization,,vault,20,1,2,Other connected pairs/groups 13,Network Map/Organizations/Allspring Global Investments.md,7,0,
org|exploring company,Exploring Company,org,company,Exploring Company Ltd,vault,5,0,2,linked by connectivity pass,Network Map/Organizations/Exploring Company.md,3,0,
org|asset management practice,Asset Management Practice,org,company,,vault,7,0,2,linked by connectivity pass,Network Map/Organizations/Asset Management Practice.md,1,0,originally-read entity
person|ruth bader ginsburg,Ruth Bader Ginsburg,person,,,vault,23,0,2,linked by connectivity pass,Network Map/People/Ruth Bader Ginsburg.md,5,0,
org|compass advisors,Compass Advisors,org,company,,vault,3,1,3,Other connected pairs/groups 24,Network Map/Organizations/Compass Advisors.md,1,0,
person|orson welles,Orson Welles,person,,,vault,18,0,2,linked by connectivity pass,Network Map/People/Orson Welles.md,3,0,
org|capital management,Capital Management,org,company,,vault,14,0,2,linked by connectivity pass,Network Map/Organizations/Capital Management.md,3,0,
org|government relations,Government Relations,org,government body,,vault,5,0,2,linked by connectivity pass,Network Map/Organizations/Government Relations.md,3,0,
org|carnival cruise lines,Carnival Cruise Lines,org,organization,,vault,54,0,1,linked by connectivity pass,Network Map/Organizations/Carnival Cruise Lines.md,7,0,
person|peter ajak,Peter Ajak,person,,Peter Biar Ajak,both,29,1,1,X posts only,Network Map/People/Peter Ajak.md,3,7,
org|chicago council on global affairs,Chicago Council on Global Affairs,org,NGO/nonprofit/think tank,,vault,3,1,3,Other connected pairs/groups 22,Network Map/Organizations/Chicago Council on Global Affairs.md,2,0,
person|joseph lubin,Joseph Lubin,person,,,vault,9,2,2,Other connected pairs/groups 7,Network Map/People/Joseph Lubin.md,2,0,
person|franco bernabe,Franco Bernabe,person,,,vault,33,2,2,Other connected pairs/groups 9,Network Map/People/Franco Bernabe.md,1,0,
person|annabel lucy veronica jones,Annabel Lucy Veronica Jones,person,,,vault,15,1,2,Other connected pairs/groups 4,Network Map/People/Annabel Lucy Veronica Jones.md,2,0,
person|katie kiersey,Katie Kiersey,person,,,vault,8,1,3,Greenbelt Capital Partners,Network Map/People/Katie Kiersey.md,1,0,
person|steven rattner,Steven Rattner,person,,,vault,8,1,2,Other connected pairs/groups 54,Network Map/People/Steven Rattner.md,1,0,
org|euronext amsterdam,Euronext Amsterdam,org,organization,,vault,31,0,2,linked by connectivity pass,Network Map/Organizations/Euronext Amsterdam.md,4,0,
org|hollinger,Hollinger,org,organization,Hollinger Inc,vault,4,1,3,Other connected pairs/groups 37,Network Map/Organizations/Hollinger.md,1,0,
org|m dizengoff and,M. Dizengoff & Co,org,organization,,vault,17,0,2,linked by connectivity pass,Network Map/Organizations/M. Dizengoff & Co.md,3,0,
person|william wang,William Wang,person,,,vault,1,1,,Other connected pairs/groups 18,Network Map/People/William Wang.md,1,0,
org|hsbc holdings,HSBC Holdings plc,org,company,HSBC Holdings,vault,8,0,2,linked by connectivity pass,Network Map/Organizations/HSBC Holdings plc.md,3,0,
person|alan b slifka,Alan B. Slifka,person,,,vault,5,1,2,Other connected pairs/groups 11,Network Map/People/Alan B. Slifka.md,1,0,
org|industry venture,Industry Venture,org,organization,,vault,3,0,2,linked by connectivity pass,Network Map/Organizations/Industry Venture.md,3,0,
person|gopal krishna gokhale,Gopal Krishna Gokhale,person,,,vault,5,0,2,linked by connectivity pass,Network Map/People/Gopal Krishna Gokhale.md,3,0,
org|osce,OSCE,org,international body,,vault,9,0,2,linked by connectivity pass,Network Map/Organizations/OSCE.md,6,0,
person|joan barbara yarde-buller,Joan Barbara Yarde-Buller,person,,,vault,10,1,3,Other connected pairs/groups 41,Network Map/People/Joan Barbara Yarde-Buller.md,1,0,
org|loyola university,Loyola University,org,university/school,,vault,7,0,2,linked by connectivity pass,Network Map/Organizations/Loyola University.md,3,0,
org|morningstar,Morningstar,org,organization,,vault,7,0,3,linked by connectivity pass,Network Map/Organizations/Morningstar.md,3,0,
person|theodor reuss,Theodor Reuss,person,,,vault,7,0,2,linked by connectivity pass,Network Map/People/Theodor Reuss.md,3,0,
org|trinity college,Trinity College,org,university/school,,vault,23,0,3,linked by connectivity pass,Network Map/Organizations/Trinity College.md,10,0,
org|q popular latest newsletters,Q Popular Latest Newsletters,org,organization,,vault,1,0,3,linked by connectivity pass,Network Map/Organizations/Q Popular Latest Newsletters.md,3,0,
org|burkehaven family foundation,Burkehaven Family Foundation,org,foundation,,vault,3,1,2,Other connected pairs/groups 21,Network Map/Organizations/Burkehaven Family Foundation.md,1,0,
org|marmon group,Marmon Group,org,company,,vault,7,1,2,Other connected pairs/groups 47,Network Map/Organizations/Marmon Group.md,2,0,
person|julian assange,Julian Assange,person,,,both,15,0,1,linked by connectivity pass,Network Map/People/Julian Assange.md,4,1,
org|district of columbia,District of Columbia,org,organization,District Of Columbia,vault,33,0,2,linked by connectivity pass,Network Map/Organizations/District of Columbia.md,14,0,
person|robert katz,Robert Katz,person,,Robert A. Katz,vault,20,1,1,Other connected pairs/groups 17,Network Map/People/Robert Katz.md,3,0,
person|glenn parker,Glenn Parker,person,,Glenn M. Parker,vault,3,1,3,Other connected pairs/groups 35,Network Map/People/Glenn Parker.md,1,0,
person|joseph breuer,Joseph Breuer,person,,,vault,17,1,2,Other connected pairs/groups 4,Network Map/People/Joseph Breuer.md,2,0,
person|daniel a d'aniello,Daniel Anthony D'Aniello,person,,Daniel A. D'Aniello,vault,10,0,2,linked by connectivity pass,Network Map/People/Daniel Anthony D'Aniello.md,6,0,
org|concord,Concord,org,organization,,vault,15,0,2,linked by connectivity pass,Network Map/Organizations/Concord.md,3,0,
org|national endowment for democracy,National Endowment for Democracy,org,foundation,,vault,5,0,2,linked by connectivity pass,Network Map/Organizations/National Endowment for Democracy.md,3,0,
org|rio tinto,Rio Tinto,org,organization,,vault,8,1,2,Other connected pairs/groups 7,Network Map/Organizations/Rio Tinto.md,2,0,
person|tom ridge,Tom Ridge,person,,,vault,21,2,2,U.S. House of Representatives,Network Map/People/Tom Ridge.md,2,0,
person|jeffrey robert immelt,Jeffrey Robert Immelt,person,,Jeffrey R. Immelt,both,54,1,1,X posts only,Network Map/People/Jeffrey Robert Immelt.md,3,2,
person|li xiong,Li Xiong,person,,,vault,5,1,2,Other connected pairs/groups 37,Network Map/People/Li Xiong.md,1,0,
person|david lloyd george,David Lloyd George,person,,,vault,12,0,3,linked by connectivity pass,Network Map/People/David Lloyd George.md,3,0,
person|phil berg,Phil Berg,person,,,vault,7,1,3,Other connected pairs/groups 18,Network Map/People/Phil Berg.md,1,0,
person|marie pereire,Marie Pereire,person,,,vault,13,1,,Other connected pairs/groups 43,Network Map/People/Marie Pereire.md,1,0,
org|sidley,Sidley,org,organization,SIDLEY,vault,36,0,2,linked by connectivity pass,Network Map/Organizations/Sidley.md,6,0,
person|nicki minaj,Nicki Minaj,person,,,vault,3,0,3,linked by connectivity pass,Network Map/People/Nicki Minaj.md,4,0,
org|bermuda,Bermuda,org,organization,,vault,18,1,2,British Parliament,Network Map/Organizations/Bermuda.md,6,0,
org|csl,CSL Limited,org,organization,,vault,1,1,,Other connected pairs/groups 20,Network Map/Organizations/CSL Limited.md,1,0,
org|governance studies,Governance Studies,org,organization,,vault,9,1,2,Brookings Institution,Network Map/Organizations/Governance Studies.md,1,0,
person|bjorn hofman,Bjorn Hofman,person,,,vault,4,1,2,Other connected pairs/groups 19,Network Map/People/Bjorn Hofman.md,1,0,
org|k nn and,K Nn &,org,organization,K NN &,vault,9,0,1,linked by connectivity pass,Network Map/Organizations/K Nn &.md,3,0,
org|claremont mckenna college,Claremont McKenna College,org,university/school,,vault,21,0,2,linked by connectivity pass,Network Map/Organizations/Claremont McKenna College.md,3,0,
person|mohammad javad zarif,Mohammad Javad Zarif,person,,,both,5,0,2,linked by connectivity pass,Network Map/People/Mohammad Javad Zarif.md,6,2,
org|u s agency for international development,U.S. Agency for International Development,org,government body,,vault,8,1,2,Other connected pairs/groups 9,Network Map/Organizations/U.S. Agency for International Development.md,1,0,
person|rockgod bu,RockGod Bu,person,,,vault,1,0,3,linked by connectivity pass,Network Map/People/RockGod Bu.md,3,0,
person|stuart pivar,Stuart Pivar,person,,,vault,5,0,2,linked by connectivity pass,Network Map/People/Stuart Pivar.md,4,0,
person|henry crown,Henry Crown,person,,,both,20,0,1,linked by connectivity pass,Network Map/People/Henry Crown.md,1,2,originally-read entity
person|john negroponte,John Negroponte,person,,,vault,60,0,2,linked by connectivity pass,Network Map/People/John Negroponte.md,4,0,
org|nkb divine meditation foundation,NKB Divine Meditation Foundation,org,foundation,,vault,3,1,3,Other connected pairs/groups 49,Network Map/Organizations/NKB Divine Meditation Foundation.md,1,0,
org|general atlantic,General Atlantic,org,organization,,both,72,4,1,General Atlantic,Network Map/Organizations/General Atlantic.md,10,0,
org|wbcsd,WBCSD,org,organization,,vault,47,0,2,linked by connectivity pass,Network Map/Organizations/WBCSD.md,3,0,
org|greyhound,Greyhound Corporation,org,company,Greyhound,vault,3,1,3,Other connected pairs/groups 35,Network Map/Organizations/Greyhound Corporation.md,3,0,
org|schneider electric,Schneider Electric,org,organization,,vault,49,0,2,linked by connectivity pass,Network Map/Organizations/Schneider Electric.md,3,0,
org|cocacola hellenic,CocaCola Hellenic,org,organization,,vault,1,1,,Other connected pairs/groups 24,Network Map/Organizations/CocaCola Hellenic.md,1,0,
person|di mambro,Di Mambro,person,,,vault,11,2,2,Other connected pairs/groups 7,Network Map/People/Di Mambro.md,6,0,
org|press justice project,Press Justice Project,org,NGO/nonprofit/think tank,,vault,16,1,2,Other connected pairs/groups 52,Network Map/Organizations/Press Justice Project.md,1,0,
org|island records,Island Records,org,company,,vault,9,2,3,Island Records,Network Map/Organizations/Island Records.md,1,0,
org|oecd,OECD,org,international body,,vault,53,0,2,linked by connectivity pass,Network Map/Organizations/OECD.md,6,0,
person|linda gray martin,Linda Gray Martin,person,,,vault,9,1,2,RSAC Conference,Network Map/People/Linda Gray Martin.md,1,0,
person|gerard w ford,Gerard W. Ford,person,,,vault,3,1,2,Ford Models,Network Map/People/Gerard W. Ford.md,2,0,
person|jes staley,Jes Staley,person,,,both,171,2,1,Other connected pairs/groups 19,Network Map/People/Jes Staley.md,9,4,
org|d,D-CO,org,organization,D-NV,vault,86,0,2,linked by connectivity pass,Network Map/Organizations/D-CO.md,4,0,
person|robert boyle,Robert Boyle,person,,,vault,4,1,3,linked by connectivity pass,Network Map/People/Robert Boyle.md,5,0,
person|martin luther king jr,Martin Luther King Jr,person,,,vault,13,1,2,Other connected pairs/groups 48,Network Map/People/Martin Luther King Jr.md,7,0,
org|common cause national governing board,Common Cause National Governing Board,org,organization,,vault,14,0,2,linked by connectivity pass,Network Map/Organizations/Common Cause National Governing Board.md,3,0,
org|anglo chemical,Anglo Chemical,org,organization,,vault,11,1,2,Other connected pairs/groups 15,Network Map/Organizations/Anglo Chemical.md,2,0,
person|lateefah simon,Lateefah Simon,person,,,vault,85,0,2,linked by connectivity pass,Network Map/People/Lateefah Simon.md,7,0,
person|michael dellaira,Michael Dellaira,person,,,vault,14,0,3,linked by connectivity pass,Network Map/People/Michael Dellaira.md,3,0,
org|guggenheim partners,Guggenheim Partners,org,company,,vault,24,1,2,Other connected pairs/groups 12,Network Map/Organizations/Guggenheim Partners.md,6,0,
person|walter bernard morris,Walter Bernard Morris,person,,,vault,8,0,2,linked by connectivity pass,Network Map/People/Walter Bernard Morris.md,3,0,
org|rosneft,Rosneft,org,organization,,vault,5,1,3,Other connected pairs/groups 18,Network Map/Organizations/Rosneft.md,3,0,
person|godfrey a rockefeller,Godfrey A. Rockefeller,person,,,vault,11,0,2,linked by connectivity pass,Network Map/People/Godfrey A. Rockefeller.md,6,0,
org|bestdoctor,BestDoctor,org,organization,,vault,45,1,1,Other connected pairs/groups 18,Network Map/Organizations/BestDoctor.md,2,0,
org|fabian society,Fabian Society,org,society/club,Fabian Society!,both,99,1,1,X posts only,Network Map/Organizations/Fabian Society.md,14,0,
org|church of scientology,Church of Scientology,org,organization,,vault,8,0,2,linked by connectivity pass,Network Map/Organizations/Church of Scientology.md,3,0,
person|elizabeth warren,Elizabeth Warren,person,,Elizabeth Ann Warren,both,105,0,2,linked by connectivity pass,Network Map/People/Elizabeth Warren.md,15,6,
org|crystal bridges museum,Crystal Bridges Museum,org,organization,,vault,4,1,2,Other connected pairs/groups 13,Network Map/Organizations/Crystal Bridges Museum.md,1,0,
org|elite model management,Elite Model Management,org,company,,vault,1,0,2,linked by connectivity pass,Network Map/Organizations/Elite Model Management.md,3,0,
person|tom hanks,Tom Hanks,person,,,both,51,0,1,linked by connectivity pass,Network Map/People/Tom Hanks.md,4,2,
org|mechanical engineering,Mechanical Engineering,org,organization,,vault,11,0,2,linked by connectivity pass,Network Map/Organizations/Mechanical Engineering.md,4,0,
org|daily mail,Daily Mail,org,organization,,vault,77,0,2,linked by connectivity pass,Network Map/Organizations/Daily Mail.md,3,0,
person|lil wayne,Lil Wayne,person,,,both,10,1,2,X posts only,Network Map/People/Lil Wayne.md,3,2,
org|bab,Bab,org,organization,,vault,1,0,5,linked by connectivity pass,Network Map/Organizations/Bab.md,3,0,
person|bob squier,Bob Squier,person,,,vault,25,1,2,Other connected pairs/groups 20,Network Map/People/Bob Squier.md,3,0,
org|united states department of justice,United States Department of Justice,org,government body,,vault,7,0,1,linked by connectivity pass,Network Map/Organizations/United States Department of Justice.md,3,0,
org|sinai interim agreement,Sinai Interim Agreement,org,organization,,vault,2,1,2,Other connected pairs/groups 53,Network Map/Organizations/Sinai Interim Agreement.md,2,0,
person|jack dorsey,Jack Dorsey,person,,,both,14,0,2,linked by connectivity pass,Network Map/People/Jack Dorsey.md,3,2,
person|ayanna pressley,Ayanna Pressley,person,,,vault,85,0,2,linked by connectivity pass,Network Map/People/Ayanna Pressley.md,7,0,
person|charlie chaplin,Charlie Chaplin,person,,,vault,16,0,2,linked by connectivity pass,Network Map/People/Charlie Chaplin.md,10,0,
person|lex greensill,Lex Greensill,person,,,vault,4,1,2,Greensill Capital,Network Map/People/Lex Greensill.md,3,0,
org|royal bank of canada,Royal Bank of Canada,org,company,Royal Bank Of Canada,vault,14,1,2,Canadian Pacific Railway,Network Map/Organizations/Royal Bank of Canada.md,4,0,
person|rob wiesenthal,Rob Wiesenthal,person,,,vault,14,3,2,Other connected pairs/groups 1,Network Map/People/Rob Wiesenthal.md,3,0,
person|jeff merkley,Jeff Merkley,person,,,vault,79,0,2,linked by connectivity pass,Network Map/People/Jeff Merkley.md,6,0,
person|oliver letwin,Oliver Letwin,person,,,vault,12,1,2,Other connected pairs/groups 24,Network Map/People/Oliver Letwin.md,3,0,
person|roger goodell,Roger Goodell,person,,,vault,14,1,2,Other connected pairs/groups 49,Network Map/People/Roger Goodell.md,1,0,
org|daily telegraph,Daily Telegraph,org,organization,,vault,77,0,2,linked by connectivity pass,Network Map/Organizations/Daily Telegraph.md,3,0,
person|felipa mendes benveniste,Felipa Mendes Benveniste,person,,,vault,3,1,,Other connected pairs/groups 13,Network Map/People/Felipa Mendes Benveniste.md,2,0,
person|antonin besse,Antonin Besse,person,,,vault,1,1,,Other connected pairs/groups 15,Network Map/People/Antonin Besse.md,1,0,
person|henry kissinger,Henry Kissinger,person,,,both,288,5,1,Other connected pairs/groups 37,Network Map/People/Henry Kissinger.md,22,24,
org|martha stewart living omnimedia,Martha Stewart Living Omnimedia,org,organization,,vault,2,1,3,Other connected pairs/groups 48,Network Map/Organizations/Martha Stewart Living Omnimedia.md,1,0,
person|max fisher,Max Fisher,person,,Max Martin Fisher,vault,22,0,1,linked by connectivity pass,Network Map/People/Max Fisher.md,3,0,
person|ted kennedy,Ted Kennedy,person,,,vault,10,1,2,Other connected pairs/groups 41,Network Map/People/Ted Kennedy.md,2,0,
org|church of england,Church of England,org,organization,,vault,17,0,3,linked by connectivity pass,Network Map/Organizations/Church of England.md,11,0,
org|e f hutton,E.F. Hutton,org,organization,,both,50,3,1,American Express,Network Map/Organizations/E.F. Hutton.md,1,0,
person|ted arison,Ted Arison,person,,,both,95,3,1,Other connected pairs/groups 49,Network Map/People/Ted Arison.md,10,1,
org|la strada international,La Strada International,org,NGO/nonprofit/think tank,LA STRADA INTERNATIONAL; La strada International,vault,1,0,4,linked by connectivity pass,Network Map/Organizations/La Strada International.md,5,0,
org|at and t,AT&T,org,organization,AT&T Corporation; AT&T Inc,vault,86,0,1,linked by connectivity pass,Network Map/Organizations/AT&T.md,13,0,
org|kaufman music center,Kaufman Music Center,org,NGO/nonprofit/think tank,,vault,26,2,2,Kaufman Music Center,Network Map/Organizations/Kaufman Music Center.md,3,0,
person|jamie wilson,Jamie Wilson,person,,,vault,2,1,2,Other connected pairs/groups 16,Network Map/People/Jamie Wilson.md,1,0,
person|john dee,John Dee,person,,,both,29,1,1,X posts only,Network Map/People/John Dee.md,7,3,
person|shawn ryan,Shawn Ryan,person,,,vault,9,0,1,linked by connectivity pass,Network Map/People/Shawn Ryan.md,3,0,
org|apple computer,Apple Computer,org,organization,,vault,29,0,2,linked by connectivity pass,Network Map/Organizations/Apple Computer.md,3,0,
org|nucor,Nucor,org,organization,Nucor Corporation,vault,5,1,3,Other connected pairs/groups 42,Network Map/Organizations/Nucor.md,2,0,
org|holderness school,Holderness School,org,university/school,,vault,6,0,2,linked by connectivity pass,Network Map/Organizations/Holderness School.md,4,0,
person|liesel pritzker,Liesel Anne Pritzker,person,,Liesel Pritzker,vault,6,1,2,Other connected pairs/groups 46,Network Map/People/Liesel Anne Pritzker.md,1,0,
org|monasteries,Monasteries,org,organization,,vault,9,0,3,linked by connectivity pass,Network Map/Organizations/Monasteries.md,3,0,
org|forsite labs,Forsite Labs,org,organization,,vault,1,1,,Other connected pairs/groups 33,Network Map/Organizations/Forsite Labs.md,1,0,
org|democratic congressional campaign committee,Democratic Congressional Campaign Committee,org,political organization,,vault,15,0,2,linked by connectivity pass,Network Map/Organizations/Democratic Congressional Campaign Committee.md,3,0,
person|ali abdullah saleh,Ali Abdullah Saleh,person,,,vault,5,0,,linked by connectivity pass,Network Map/People/Ali Abdullah Saleh.md,3,0,
person|anne dias-griffin,Anne Dias-Griffin,person,,,vault,13,0,2,linked by connectivity pass,Network Map/People/Anne Dias-Griffin.md,3,0,
org|model un,Model UN,org,organization,,vault,3,1,1,Other connected pairs/groups 49,Network Map/Organizations/Model UN.md,3,0,
org|urban zen foundation,Urban Zen Foundation,org,foundation,,vault,27,1,2,Other connected pairs/groups 28,Network Map/Organizations/Urban Zen Foundation.md,1,0,
person|blanche horowitz,Blanche Horowitz,person,,,vault,5,1,2,Other connected pairs/groups 19,Network Map/People/Blanche Horowitz.md,1,0,
person|newhouse sr,Newhouse Sr,person,,,vault,14,1,2,Advance Publications,Network Map/People/Newhouse Sr.md,2,0,
person|meyer guggenheim,Meyer Guggenheim,person,,,vault,8,0,2,linked by connectivity pass,Network Map/People/Meyer Guggenheim.md,3,0,
person|greg zaffiro,Greg Zaffiro,person,,,vault,4,1,1,linked by connectivity pass,Network Map/People/Greg Zaffiro.md,4,0,
person|abraham geiger,Abraham Geiger,person,,,vault,4,1,2,Other connected pairs/groups 11,Network Map/People/Abraham Geiger.md,2,0,
org|fox news,Fox News,org,organization,,vault,46,0,1,linked by connectivity pass,Network Map/Organizations/Fox News.md,3,0,
org|bayarea council,BayArea Council,org,NGO/nonprofit/think tank,,vault,4,1,2,Other connected pairs/groups 17,Network Map/Organizations/BayArea Council.md,1,0,
person|kay koplovitz,Kay Koplovitz,person,,,vault,15,1,2,Other connected pairs/groups 44,Network Map/People/Kay Koplovitz.md,1,0,
org|sealantic fund,Sealantic Fund,org,organization,,vault,5,1,2,Rockefeller Brothers Fund,Network Map/Organizations/Sealantic Fund.md,1,0,
org|sassoon and,Sassoon & Co,org,organization,,vault,4,1,2,Other connected pairs/groups 2,Network Map/Organizations/Sassoon & Co.md,1,0,
person|carl hitchcock,Carl Hitchcock,person,,,vault,8,0,2,linked by connectivity pass,Network Map/People/Carl Hitchcock.md,3,0,
org|embl,EMBL,org,organization,,vault,45,0,1,linked by connectivity pass,Network Map/Organizations/EMBL.md,3,0,
person|zbigniew brzezinski,Zbigniew Brzezinski,person,,,vault,11,0,2,linked by connectivity pass,Network Map/People/Zbigniew Brzezinski.md,6,0,
org|northrop grumman,Northrop Grumman,org,organization,Northrop Grumman Corporation,vault,19,1,2,Other connected pairs/groups 50,Network Map/Organizations/Northrop Grumman.md,2,0,
org|national iranian american council,National Iranian American Council,org,NGO/nonprofit/think tank,,vault,85,0,2,linked by connectivity pass,Network Map/Organizations/National Iranian American Council.md,7,0,
org|british petroleum,British Petroleum,org,organization,,vault,15,0,3,linked by connectivity pass,Network Map/Organizations/British Petroleum.md,5,0,
person|roderick m hills jr,Roderick M. Hills Jr,person,,,vault,10,1,2,Other connected pairs/groups 50,Network Map/People/Roderick M. Hills Jr.md,1,0,
org|paul weiss rifkind wharton and garrison,"Paul, Weiss, Rifkind, Wharton & Garrison",org,organization,"Paul Weiss; Paul, Weiss; Paul, Weiss, Rifkind; RIFKIND; Rifkind; WHARTON & GARRISON; Wharton &; Wharton & Garrison; Wharton & Garrison LLP",both,106,8,1,"Paul, Weiss, Rifkind, Wharton & Garrison","Network Map/Organizations/Paul, Weiss, Rifkind, Wharton & Garrison.md",27,0,
org|national amusements,National Amusements,org,organization,,vault,18,3,2,National Amusements,Network Map/Organizations/National Amusements.md,2,0,
org|juilliard school,Juilliard School,org,university/school,,vault,34,0,2,linked by connectivity pass,Network Map/Organizations/Juilliard School.md,6,0,
org|fruits of philosophy,Fruits of Philosophy,org,organization,,vault,7,0,2,linked by connectivity pass,Network Map/Organizations/Fruits of Philosophy.md,3,0,
person|alexander hamilton,Alexander Hamilton,person,,,vault,15,0,2,linked by connectivity pass,Network Map/People/Alexander Hamilton.md,3,0,
org|uk financial investments,UK Financial Investments,org,organization,,vault,12,1,2,Other connected pairs/groups 42,Network Map/Organizations/UK Financial Investments.md,3,0,
person|tim marshall,Tim Marshall,person,,,vault,4,1,3,Parsons School of Design,Network Map/People/Tim Marshall.md,1,0,
org|vanderbilt university,Vanderbilt University,org,university/school,,vault,19,0,2,linked by connectivity pass,Network Map/Organizations/Vanderbilt University.md,3,0,
org|asia society,Asia Society,org,society/club,,vault,14,1,2,Other connected pairs/groups 16,Network Map/Organizations/Asia Society.md,4,0,
org|finra,FINRA,org,organization,Finra,both,169,5,1,X posts only,Network Map/Organizations/FINRA.md,14,0,
org|cambridge university,Cambridge University,org,university/school,,vault,30,0,2,linked by connectivity pass,Network Map/Organizations/Cambridge University.md,6,0,
org|chapman university,Chapman University,org,university/school,,vault,16,0,2,linked by connectivity pass,Network Map/Organizations/Chapman University.md,3,0,
person|manish bapna,Manish Bapna,person,,,vault,6,1,3,Other connected pairs/groups 47,Network Map/People/Manish Bapna.md,1,0,
person|the earl,The Earl,person,,,vault,4,0,3,linked by connectivity pass,Network Map/People/The Earl.md,1,0,unresolved OCR name
org|rockefeller philanthropy advisors,Rockefeller Philanthropy Advisors,org,company,,vault,8,1,1,American Civil Liberties Union,Network Map/Organizations/Rockefeller Philanthropy Advisors.md,2,0,
org|new york city bar association,New York City Bar Association,org,NGO/nonprofit/think tank,,vault,20,1,2,Other connected pairs/groups 31,Network Map/Organizations/New York City Bar Association.md,1,0,
person|kevin scott mann,Kevin Scott Mann,person,,Kevin S. Mann,vault,1,1,,Other connected pairs/groups 25,Network Map/People/Kevin Scott Mann.md,1,0,
org|member board of directors,Member Board of Directors,org,organization,,vault,10,0,3,linked by connectivity pass,Network Map/Organizations/Member Board of Directors.md,3,0,
org|citco fund services,Citco Fund Services,org,organization,,vault,6,1,2,Other connected pairs/groups 12,Network Map/Organizations/Citco Fund Services.md,1,0,
person|edward alexander crowley,Edward Alexander Crowley,person,,,vault,5,0,3,linked by connectivity pass,Network Map/People/Edward Alexander Crowley.md,4,0,
org|dalton school,Dalton School,org,university/school,,vault,24,0,1,linked by connectivity pass,Network Map/Organizations/Dalton School.md,9,0,
person|leon panetta,Leon Panetta,person,,Leon E. Panetta,vault,50,2,1,Central Intelligence Agency,Network Map/People/Leon Panetta.md,7,0,
org|swiss bank,Swiss Bank Corporation,org,company,,vault,6,2,2,Swiss Bank Corporation,Network Map/Organizations/Swiss Bank Corporation.md,3,0,
org|center for strategic and international studies,Center for Strategic and International Studies,org,NGO/nonprofit/think tank,Center for Strategic & International Studies,vault,43,1,2,World Bank,Network Map/Organizations/Center for Strategic and International Studies.md,4,0,
org|detroit news,Detroit News,org,organization,,vault,4,0,3,linked by connectivity pass,Network Map/Organizations/Detroit News.md,5,0,
person|david horowitz,David Horowitz,person,,,both,127,2,1,Other connected pairs/groups 26,Network Map/People/David Horowitz.md,3,2,
org|home depot,Home Depot,org,organization,Home Depot Inc,vault,17,1,2,Other connected pairs/groups 3,Network Map/Organizations/Home Depot.md,3,0,
org|holy roman empire,Holy Roman Empire,org,organization,,vault,3,0,2,linked by connectivity pass,Network Map/Organizations/Holy Roman Empire.md,4,0,
org|french connection,French Connection,org,organization,,vault,1,0,2,linked by connectivity pass,Network Map/Organizations/French Connection.md,5,0,
org|fixed income trading,Fixed Income Trading,org,organization,,vault,15,0,2,linked by connectivity pass,Network Map/Organizations/Fixed Income Trading.md,1,0,originally-read entity
org|brahmo samaj,Brahmo Samaj,org,organization,,vault,1,1,,Other connected pairs/groups 20,Network Map/Organizations/Brahmo Samaj.md,1,0,
org|college of william and mary,College of William & Mary,org,university/school,College of William,vault,31,0,2,linked by connectivity pass,Network Map/Organizations/College of William & Mary.md,13,0,
org|british film institute,British Film Institute,org,NGO/nonprofit/think tank,British Film Institute Act,vault,9,1,2,Other connected pairs/groups 20,Network Map/Organizations/British Film Institute.md,3,0,
person|john hickenlooper,John Hickenlooper,person,,,vault,83,0,2,linked by connectivity pass,Network Map/People/John Hickenlooper.md,7,0,
org|massachusetts institute of technology,Massachusetts Institute of Technology,org,university/school,MIT,both,235,2,1,X posts only,Network Map/Organizations/Massachusetts Institute of Technology.md,41,0,
person|john zeglis,John Zeglis,person,,John D Zeglis; John D. Zeglis,vault,24,1,2,Other connected pairs/groups 10,Network Map/People/John Zeglis.md,4,0,
person|clarence moriwaki,Clarence Moriwaki,person,,,vault,1,1,2,Other connected pairs/groups 23,Network Map/People/Clarence Moriwaki.md,1,0,
org|continental grain,Continental Grain,org,organization,,vault,9,2,2,Continental Grain,Network Map/Organizations/Continental Grain.md,1,0,
person|david stern,David Stern,person,,David Joel Stern,vault,48,0,1,linked by connectivity pass,Network Map/People/David Stern.md,6,0,
org|social party of national unity,Social Party of National Unity,org,political organization,,vault,2,1,2,Other connected pairs/groups 43,Network Map/Organizations/Social Party of National Unity.md,1,0,
person|bandar bin sultan,Bandar bin Sultan,person,,,vault,9,1,1,Other connected pairs/groups 17,Network Map/People/Bandar bin Sultan.md,2,0,
org|investment banking of,Investment Banking of +,org,organization,,vault,5,1,3,Other connected pairs/groups 34,Network Map/Organizations/Investment Banking of +.md,1,0,
org|global investment opportunities group,Global Investment Opportunities Group,org,company,,vault,4,0,1,linked by connectivity pass,Network Map/Organizations/Global Investment Opportunities Group.md,1,0,originally-read entity
person|david krakauer,David Krakauer,person,,,vault,18,1,2,Santa Fe Institute,Network Map/People/David Krakauer.md,1,0,
org|svb financial group and silicon valley bank,SVB Financial Group & Silicon Valley Bank,org,company,,vault,14,1,2,Other connected pairs/groups 35,Network Map/Organizations/SVB Financial Group & Silicon Valley Bank.md,1,0,
person|kamal hassan ali,Kamal Hassan Ali,person,,,vault,12,2,2,Other connected pairs/groups 44,Network Map/People/Kamal Hassan Ali.md,3,0,
org|morgan,Morgan,org,company,,vault,6,0,2,linked by connectivity pass,Network Map/Organizations/Morgan.md,3,0,
org|halkbank headquarters,Halkbank Headquarters,org,organization,,vault,3,1,3,Halkbank,Network Map/Organizations/Halkbank Headquarters.md,1,0,
person|peter laugharn,Peter Laugharn,person,,,vault,6,2,3,Other connected pairs/groups 7,Network Map/People/Peter Laugharn.md,1,0,
person|alan c greenberg,Alan Courtney Greenberg,person,,Alan C. Greenberg,vault,9,0,2,linked by connectivity pass,Network Map/People/Alan Courtney Greenberg.md,3,0,
person|napoleon bonaparte,Napoleon Bonaparte,person,,,vault,3,0,3,linked by connectivity pass,Network Map/People/Napoleon Bonaparte.md,3,0,
org|avina americas,AVINA Americas,org,organization,,vault,1,1,3,Other connected pairs/groups 11,Network Map/Organizations/AVINA Americas.md,1,0,
org|coca cola,Coca-Cola,org,organization,,vault,82,0,2,linked by connectivity pass,Network Map/Organizations/Coca-Cola.md,10,0,
person|sarah bloom raskin,Sarah Bloom Raskin,person,,,vault,27,0,2,linked by connectivity pass,Network Map/People/Sarah Bloom Raskin.md,1,0,originally-read entity
org|scoutcraft,Scoutcraft,org,organization,,vault,5,0,4,linked by connectivity pass,Network Map/Organizations/Scoutcraft.md,3,0,
org|financial stability board,Financial Stability Board,org,organization,,vault,47,0,2,linked by connectivity pass,Network Map/Organizations/Financial Stability Board.md,5,0,
org|euronext,Euronext,org,organization,,vault,18,0,2,linked by connectivity pass,Network Map/Organizations/Euronext.md,3,0,
org|heartland institute,Heartland Institute,org,NGO/nonprofit/think tank,,vault,16,0,2,linked by connectivity pass,Network Map/Organizations/Heartland Institute.md,3,0,
org|rikan general trading dubai,Rikan General Trading LLC - Dubai,org,company,,vault,1,1,,Other connected pairs/groups 52,Network Map/Organizations/Rikan General Trading LLC - Dubai.md,2,0,
person|amschel rothschild,Amschel Rothschild,person,,Amschel Moses Rothschild,vault,12,1,2,Other connected pairs/groups 14,Network Map/People/Amschel Rothschild.md,4,0,
person|harvey spencer lewis,Harvey Spencer Lewis,person,,,vault,9,1,3,Other connected pairs/groups 14,Network Map/People/Harvey Spencer Lewis.md,2,0,
person|hardeep purie,Hardeep Purie,person,,,vault,6,1,2,Other connected pairs/groups 36,Network Map/People/Hardeep Purie.md,1,0,
person|nat bregman,Nat Bregman,person,,,vault,3,1,2,Other connected pairs/groups 7,Network Map/People/Nat Bregman.md,1,0,
org|marathon petroleum,Marathon Petroleum,org,organization,,vault,4,1,3,ARCO,Network Map/Organizations/Marathon Petroleum.md,1,0,
person|george osborne,George Osborne,person,,,vault,112,4,2,Bullingdon Club,Network Map/People/George Osborne.md,6,0,
org|general education board,General Education Board,org,organization,,vault,24,0,2,linked by connectivity pass,Network Map/Organizations/General Education Board.md,3,0,
org|likud,Likud,org,organization,,vault,14,0,2,linked by connectivity pass,Network Map/Organizations/Likud.md,4,0,
org|careismatic brands,Careismatic Brands,org,organization,Careismatic Brands LLC,vault,23,0,2,linked by connectivity pass,Network Map/Organizations/Careismatic Brands.md,5,0,
person|mary gay scanlon,Mary Gay Scanlon,person,,,vault,83,0,2,linked by connectivity pass,Network Map/People/Mary Gay Scanlon.md,5,0,
person|steven klinsky,Steven Klinsky,person,,,vault,11,0,1,linked by connectivity pass,Network Map/People/Steven Klinsky.md,4,0,
person|max levchin,Max Levchin,person,,,vault,50,0,2,linked by connectivity pass,Network Map/People/Max Levchin.md,3,0,
org|degree180,Degree180 LLC,org,company,,vault,2,1,2,Other connected pairs/groups 21,Network Map/Organizations/Degree180 LLC.md,1,0,
person|peter lanza,Peter Lanza,person,,,vault,1,1,,Other connected pairs/groups 11,Network Map/People/Peter Lanza.md,1,0,
org|alumni association,Alumni Association,org,NGO/nonprofit/think tank,,vault,3,1,2,Other connected pairs/groups 5,Network Map/Organizations/Alumni Association.md,1,0,
person|ajay banga,Ajay Banga,person,,,vault,47,0,2,linked by connectivity pass,Network Map/People/Ajay Banga.md,3,0,
org|persian cossack brigade,Persian Cossack Brigade,org,organization,,vault,5,1,2,Other connected pairs/groups 51,Network Map/Organizations/Persian Cossack Brigade.md,2,0,
org|medici,Medici,org,organization,,vault,7,0,1,linked by connectivity pass,Network Map/Organizations/Medici.md,5,0,
org|wilmerhale,WilmerHale,org,organization,WILMERHALE,vault,7,0,2,linked by connectivity pass,Network Map/Organizations/WilmerHale.md,6,0,
org|m pesa,M-Pesa,org,organization,M-PESA,vault,13,1,2,Other connected pairs/groups 46,Network Map/Organizations/M-Pesa.md,7,0,
org|disney,Disney,org,organization,,vault,114,2,1,Other connected pairs/groups 28,Network Map/Organizations/Disney.md,8,0,
person|james wilson,James Wilson,person,,,vault,5,0,2,linked by connectivity pass,Network Map/People/James Wilson.md,3,0,
person|alfred kelly,Alfred Kelly,person,,,vault,13,2,2,Other connected pairs/groups 4,Network Map/People/Alfred Kelly.md,1,0,
org|bain and company,Bain & Company,org,company,,vault,28,0,2,linked by connectivity pass,Network Map/Organizations/Bain & Company.md,7,0,
org|university college,University College,org,university/school,,vault,2,0,3,linked by connectivity pass,Network Map/Organizations/University College.md,3,0,
org|highbridge capital,Highbridge Capital Corporation,org,company,Highbridge Capital,both,51,1,1,X posts only,Network Map/Organizations/Highbridge Capital Corporation.md,3,0,
org|j pal,J-PAL,org,organization,,vault,4,1,2,Other connected pairs/groups 31,Network Map/Organizations/J-PAL.md,1,0,
org|church of person,Church of Person,org,organization,,vault,2,1,3,Other connected pairs/groups 2,Network Map/Organizations/Church of Person.md,1,0,
org|university of colorado boulder,University of Colorado Boulder,org,university/school,,vault,25,0,2,linked by connectivity pass,Network Map/Organizations/University of Colorado Boulder.md,4,0,
org|american studies,American Studies,org,organization,,vault,20,0,2,linked by connectivity pass,Network Map/Organizations/American Studies.md,4,0,
org|office for democratic institutions and human rights,Office for Democratic Institutions and Human Rights,org,organization,,vault,7,1,2,Other connected pairs/groups 45,Network Map/Organizations/Office for Democratic Institutions and Human Rights.md,4,0,
person|thomas willing,Thomas Willing,person,,,vault,4,1,3,Other connected pairs/groups 22,Network Map/People/Thomas Willing.md,2,0,
person|edward sassoon,Edward Sassoon,person,,,vault,6,0,2,linked by connectivity pass,Network Map/People/Edward Sassoon.md,4,0,
org|old navy,Old Navy,org,organization,,vault,3,2,,Other connected pairs/groups 9,Network Map/Organizations/Old Navy.md,1,0,
person|teresa teague,Teresa Teague,person,,,vault,12,1,1,Goldman Sachs,Network Map/People/Teresa Teague.md,3,0,
person|steven a cohen,Steven A. Cohen,person,,Steve Cohen; Steven Cohen,both,231,9,1,Other connected pairs/groups 1,Network Map/People/Steven A. Cohen.md,14,13,
person|neem karoli baba,Neem Karoli Baba,person,,Neem Kairoli Baba; Neem Karol Baba,vault,8,0,2,linked by connectivity pass,Network Map/People/Neem Karoli Baba.md,3,0,
org|reason foundation,Reason Foundation,org,foundation,,vault,6,1,2,Other connected pairs/groups 52,Network Map/Organizations/Reason Foundation.md,8,0,
person|charles abel buffum,Charles Abel Buffum,person,,,vault,1,1,4,Other connected pairs/groups 22,Network Map/People/Charles Abel Buffum.md,1,0,
person|larry ellison,Larry Ellison,person,,,vault,16,1,2,Oracle,Network Map/People/Larry Ellison.md,5,0,
person|howard baker,Howard Baker,person,,,vault,18,0,2,linked by connectivity pass,Network Map/People/Howard Baker.md,3,0,
person|peggy siegal,Peggy Siegal,person,,,both,63,6,1,Other connected pairs/groups 1,Network Map/People/Peggy Siegal.md,15,1,
person|michel fribourg,Michel Fribourg,person,,,vault,9,1,2,Continental Grain,Network Map/People/Michel Fribourg.md,1,0,
org|omega psi phi,Omega Psi Phi,org,greek-letter society,,vault,8,0,2,linked by connectivity pass,Network Map/Organizations/Omega Psi Phi.md,3,0,
person|howard hughes,Howard Hughes,person,,Howard R. HUGheS,vault,6,0,2,linked by connectivity pass,Network Map/People/Howard Hughes.md,4,0,
person|carl icahn,Carl Icahn,person,,,vault,14,0,2,linked by connectivity pass,Network Map/People/Carl Icahn.md,4,0,
org|warner bros discovery,Warner Bros. Discovery,org,organization,"Warner Bros. Discovery, Inc",vault,35,1,2,Charter Communications,Network Map/Organizations/Warner Bros. Discovery.md,6,0,
org|mcgill university,McGill University,org,university/school,Education McGill University,vault,14,1,2,Other connected pairs/groups 42,Network Map/Organizations/McGill University.md,11,0,
person|tony blair,Tony Blair,person,,,both,142,0,1,linked by connectivity pass,Network Map/People/Tony Blair.md,9,2,
org|carlyle group,Carlyle Group,org,company,CARLYLE GROUP; Carlyle Group Inc,vault,51,0,2,linked by connectivity pass,Network Map/Organizations/Carlyle Group.md,12,0,
person|shari arison,Shari Arison,person,,,vault,9,1,2,Other connected pairs/groups 52,Network Map/People/Shari Arison.md,4,0,
person|donna karan,Donna Karan,person,,,vault,27,1,2,Other connected pairs/groups 28,Network Map/People/Donna Karan.md,1,0,
person|bob sloan,Bob Sloan,person,,,both,31,3,1,S3 Partners,Network Map/People/Bob Sloan.md,3,6,
org|university of southern california,University of Southern California,org,university/school,,vault,33,0,2,linked by connectivity pass,Network Map/Organizations/University of Southern California.md,7,0,
org|committee on standards in public life,Committee on Standards in Public Life,org,NGO/nonprofit/think tank,,vault,72,1,2,Bullingdon Club,Network Map/Organizations/Committee on Standards in Public Life.md,1,0,
person|marco polo,Marco Polo,person,,,vault,10,0,2,linked by connectivity pass,Network Map/People/Marco Polo.md,4,0,
person|margo catsimatidis,Margo Catsimatidis,person,,,vault,12,1,2,Other connected pairs/groups 41,Network Map/People/Margo Catsimatidis.md,2,0,
person|richard s fuld jr,Richard Severin Fuld Jr,person,,Richard S. Fuld Jr,vault,28,1,2,Other connected pairs/groups 47,Network Map/People/Richard Severin Fuld Jr.md,2,0,
org|parliament,Parliament,org,government body,,vault,60,1,2,Other connected pairs/groups 49,Network Map/Organizations/Parliament.md,31,0,
person|samuel mathers,Samuel Liddell Mathers,person,,Samuel Mathers,vault,9,0,3,linked by connectivity pass,Network Map/People/Samuel Liddell Mathers.md,3,0,
person|john ruskin,John Ruskin,person,,,vault,11,0,2,linked by connectivity pass,Network Map/People/John Ruskin.md,3,0,
org|church fathers,Church Fathers,org,organization,,vault,5,0,3,linked by connectivity pass,Network Map/Organizations/Church Fathers.md,3,0,
org|university college london,University College London,org,university/school,,vault,18,0,2,linked by connectivity pass,Network Map/Organizations/University College London.md,5,0,
person|marcus klug,Marcus Klug,person,,,vault,45,1,1,Other connected pairs/groups 47,Network Map/People/Marcus Klug.md,3,0,
person|fernanda eberstadt,Fernanda Eberstadt,person,,,vault,11,0,2,linked by connectivity pass,Network Map/People/Fernanda Eberstadt.md,3,0,
person|bret arsenault,Bret Arsenault,person,,,vault,6,1,2,Microsoft,Network Map/People/Bret Arsenault.md,5,0,
org|citadel advisors,Citadel Advisors Llc,org,company,Citadel Advisors,vault,13,0,2,linked by connectivity pass,Network Map/Organizations/Citadel Advisors Llc.md,4,0,
person|elissa slotkin,Elissa Slotkin,person,,,vault,90,0,2,linked by connectivity pass,Network Map/People/Elissa Slotkin.md,8,0,
person|mikhail khodorkovsky,Mikhail Khodorkovsky,person,,,vault,5,1,2,Other connected pairs/groups 48,Network Map/People/Mikhail Khodorkovsky.md,3,0,
person|bill clinton,Bill Clinton,person,,William Jefferson Clinton,both,537,4,1,Other connected pairs/groups 18,Network Map/People/Bill Clinton.md,56,41,
org|kohlberg kravis roberts and,Kohlberg Kravis Roberts & Co,org,organization,Kohlberg Kravis Roberts & Co LP,vault,9,0,2,linked by connectivity pass,Network Map/Organizations/Kohlberg Kravis Roberts & Co.md,3,0,
person|francis maude,Francis Maude,person,,,both,31,2,1,Other connected pairs/groups 33,Network Map/People/Francis Maude.md,2,2,
org|yakama,Yakama,org,organization,YAKAMA,vault,0,0,,(isolated),Network Map/Organizations/Yakama.md,4,0,
org|national football league,National Football League,org,NGO/nonprofit/think tank,,vault,32,1,2,Other connected pairs/groups 49,Network Map/Organizations/National Football League.md,3,0,
person|jacob frank,Jacob Frank,person,,Jacob Joseph Frank,vault,1,0,2,linked by connectivity pass,Network Map/People/Jacob Frank.md,3,0,
org|american antiquarian society,American Antiquarian Society,org,society/club,,vault,9,0,2,linked by connectivity pass,Network Map/Organizations/American Antiquarian Society.md,4,0,
org|sbl sales and coverage,SBL Sales & Coverage,org,organization,,vault,3,0,2,linked by connectivity pass,Network Map/Organizations/SBL Sales & Coverage.md,1,0,originally-read entity
org|columbia hca healthcare,ColumbiaHCA Healthcare Corporation,org,company,,vault,3,1,2,Other connected pairs/groups 24,Network Map/Organizations/ColumbiaHCA Healthcare Corporation.md,2,0,
org|roman catholic church,Roman Catholic Church,org,organization,,vault,1,0,2,linked by connectivity pass,Network Map/Organizations/Roman Catholic Church.md,3,0,
person|joanne jensen,Joanne Jensen,person,,Joanne Restivo Jensen,vault,16,0,1,linked by connectivity pass,Network Map/People/Joanne Jensen.md,6,0,
org|washington post,Washington Post,org,organization,,vault,108,0,1,linked by connectivity pass,Network Map/Organizations/Washington Post.md,15,0,
org|catholic church,Catholic Church,org,organization,,vault,28,0,2,linked by connectivity pass,Network Map/Organizations/Catholic Church.md,19,0,
org|kate spade and,Kate Spade & Co,org,organization,KATE SPADE & CO,vault,18,0,2,linked by connectivity pass,Network Map/Organizations/Kate Spade & Co.md,3,0,
person|mark cuban,Mark Cuban,person,,,vault,16,0,2,linked by connectivity pass,Network Map/People/Mark Cuban.md,3,0,
person|tony kushner,Tony Kushner,person,,,vault,10,0,1,linked by connectivity pass,Network Map/People/Tony Kushner.md,5,0,
org|novo nordisk,Novo-Nordisk,org,organization,Novo Nordisk,vault,54,0,2,linked by connectivity pass,Network Map/Organizations/Novo-Nordisk.md,3,0,
person|sidley austin,Sidley Austin,person,,,vault,17,2,2,Other connected pairs/groups 9,Network Map/People/Sidley Austin.md,3,0,
org|filter,Filter,org,organization,,vault,1,0,2,linked by connectivity pass,Network Map/Organizations/Filter.md,3,0,
person|tim greimel,Tim Greimel,person,,,both,7,0,2,linked by connectivity pass,Network Map/People/Tim Greimel.md,3,3,
person|candace owens,Candace Owens,person,,Candace Amber Owens,both,251,13,1,Other connected pairs/groups 21,Network Map/People/Candace Owens.md,22,16,
org|emerita trustee,EmeritaTrustee,org,organization,,vault,3,1,2,Other connected pairs/groups 11,Network Map/Organizations/EmeritaTrustee.md,1,0,
org|totalenergies,TotalEnergies,org,organization,,vault,50,0,2,linked by connectivity pass,Network Map/Organizations/TotalEnergies.md,4,0,
org|meta,Meta,org,organization,,vault,9,0,2,linked by connectivity pass,Network Map/Organizations/Meta.md,3,0,
org|honeycomb asset management,Honeycomb Asset Management LP,org,company,,vault,5,1,1,Other connected pairs/groups 26,Network Map/Organizations/Honeycomb Asset Management LP.md,1,0,
person|peter moore,Peter Moore,person,,,vault,6,1,2,Other connected pairs/groups 51,Network Map/People/Peter Moore.md,3,0,
person|anthony diminno,Anthony DiMinno,person,,,vault,8,2,2,Other connected pairs/groups 4,Network Map/People/Anthony DiMinno.md,1,0,
org|visa,Visa,org,organization,VISA; VISA INC; Visa Inc,vault,28,1,2,Other connected pairs/groups 4,Network Map/Organizations/Visa.md,10,0,
org|academy,Academy,org,university/school,ACADEMY,vault,13,0,2,linked by connectivity pass,Network Map/Organizations/Academy.md,3,0,
person|jimmy savile,Jimmy Savile,person,,,both,33,0,1,linked by connectivity pass,Network Map/People/Jimmy Savile.md,3,2,
person|charles de gaulle,Charles de Gaulle,person,,,vault,12,0,3,linked by connectivity pass,Network Map/People/Charles de Gaulle.md,4,0,
org|gmhc,GMHC,org,organization,,vault,7,0,2,linked by connectivity pass,Network Map/Organizations/GMHC.md,3,0,
org|bonhams,Bonhams,org,organization,,vault,5,1,1,Other connected pairs/groups 6,Network Map/Organizations/Bonhams.md,1,0,
org|united artists,United Artists,org,organization,,vault,2,1,3,Other connected pairs/groups 13,Network Map/Organizations/United Artists.md,1,0,
org|international business council,International Business Council,org,NGO/nonprofit/think tank,,vault,14,0,1,linked by connectivity pass,Network Map/Organizations/International Business Council.md,5,0,
org|yale law school,Yale Law School,org,university/school,,vault,76,0,2,linked by connectivity pass,Network Map/Organizations/Yale Law School.md,12,0,
org|east india company,East India Company,org,company,,vault,14,0,1,linked by connectivity pass,Network Map/Organizations/East India Company.md,4,0,
person|anne taieb,Anne Taieb,person,,,vault,3,0,2,linked by connectivity pass,Network Map/People/Anne Taieb.md,1,0,originally-read entity
person|richard blum,Richard Charles Blum,person,,Richard Blum; Richard C. Blum,both,78,5,1,Other connected pairs/groups 1,Network Map/People/Richard Charles Blum.md,6,1,
org|mca records,MCA Records,org,company,,vault,17,0,2,linked by connectivity pass,Network Map/Organizations/MCA Records.md,3,0,
person|eduardo saverin,Eduardo Saverin,person,,Eduardo Luiz Saverin,vault,9,0,2,linked by connectivity pass,Network Map/People/Eduardo Saverin.md,4,0,
person|houston wade,Houston Wade,person,,,both,74,1,1,Other connected pairs/groups 23,Network Map/People/Houston Wade.md,4,1,
org|boston university,Boston University,org,university/school,,vault,23,0,2,linked by connectivity pass,Network Map/Organizations/Boston University.md,7,0,
person|al green,Al Green,person,,,vault,0,0,,(isolated),Network Map/People/Al Green.md,5,0,
org|e3tek group,E3tek Group,org,company,,vault,4,1,3,Other connected pairs/groups 29,Network Map/Organizations/E3tek Group.md,2,0,
org|zoe,Zoé,org,organization,Zoe,vault,6,0,2,linked by connectivity pass,Network Map/Organizations/Zoé.md,3,0,
org|international advisory council,International Advisory Council,org,NGO/nonprofit/think tank,,vault,17,0,2,linked by connectivity pass,Network Map/Organizations/International Advisory Council.md,4,0,
org|bronx high school of science,Bronx High School of Science,org,university/school,,vault,28,0,2,linked by connectivity pass,Network Map/Organizations/Bronx High School of Science.md,4,0,
org|pfizer,Pfizer,org,organization,Pfizer Inc,vault,32,1,2,Other connected pairs/groups 51,Network Map/Organizations/Pfizer.md,6,0,
org|university of texas,University of Texas,org,university/school,,vault,85,0,1,linked by connectivity pass,Network Map/Organizations/University of Texas.md,15,0,
org|trilantic north america,Trilantic North America,org,organization,,vault,13,0,2,linked by connectivity pass,Network Map/Organizations/Trilantic North America.md,5,0,
org|alliancebernstein,AllianceBernstein,org,organization,,vault,19,0,2,linked by connectivity pass,Network Map/Organizations/AllianceBernstein.md,6,0,
org|peter holmes a court,Peter Holmes à Court,org,government body,,vault,72,1,2,Bullingdon Club,Network Map/Organizations/Peter Holmes à Court.md,1,0,
person|richard wiesenthal,Richard Wiesenthal,person,,,vault,5,3,2,Other connected pairs/groups 1,Network Map/People/Richard Wiesenthal.md,1,0,
org|virtu financial,Virtu Financial,org,organization,"VIRTU; Virtu; Virtu Financial Inc; Virtu Financial, Inc",both,203,5,1,Other connected pairs/groups 45,Network Map/Organizations/Virtu Financial.md,13,0,
person|farahnaz pahlavi,Farahnaz Pahlavi,person,,,vault,6,1,3,Other connected pairs/groups 13,Network Map/People/Farahnaz Pahlavi.md,1,0,
org|executive board,Executive Board,org,organization,,vault,19,1,2,Other connected pairs/groups 32,Network Map/Organizations/Executive Board.md,3,0,
org|molson coors brewing company,Molson Coors Brewing Company,org,company,,vault,14,0,2,linked by connectivity pass,Network Map/Organizations/Molson Coors Brewing Company.md,3,0,
org|union pacific,Union Pacific Corp,org,company,Union Pacific,vault,16,0,2,linked by connectivity pass,Network Map/Organizations/Union Pacific Corp.md,3,0,
org|elron electronic industries,Elron Electronic Industries,org,company,,vault,3,1,3,Marconi Medical Systems,Network Map/Organizations/Elron Electronic Industries.md,1,0,
person|david bowes-lyon,David Bowes-Lyon,person,,,vault,78,1,2,Bullingdon Club,Network Map/People/David Bowes-Lyon.md,1,0,
org|reconnaissance and scouting,Reconnaissance and Scouting,org,organization,,vault,5,0,4,linked by connectivity pass,Network Map/Organizations/Reconnaissance and Scouting.md,3,0,
org|board chair,Board Chair,org,organization,,vault,6,0,3,linked by connectivity pass,Network Map/Organizations/Board Chair.md,3,0,
org|barefoot college,Barefoot College,org,university/school,,vault,27,1,2,Other connected pairs/groups 17,Network Map/Organizations/Barefoot College.md,1,0,
org|hermetic order,Hermetic Order,org,organization,,vault,7,0,3,linked by connectivity pass,Network Map/Organizations/Hermetic Order.md,3,0,
org|american humanist association,American Humanist Association,org,NGO/nonprofit/think tank,,vault,4,1,2,Other connected pairs/groups 13,Network Map/Organizations/American Humanist Association.md,3,0,
org|bradley impact fund,Bradley Impact Fund,org,organization,,vault,3,1,3,Other connected pairs/groups 20,Network Map/Organizations/Bradley Impact Fund.md,1,0,
org|kttv,KTTV,org,organization,"KTTV, Inc",vault,4,1,3,Other connected pairs/groups 44,Network Map/Organizations/KTTV.md,1,0,
person|anthony di lorio,Anthony di Lorio,person,,,vault,7,1,2,Deutsche Bank,Network Map/People/Anthony di Lorio.md,1,0,
person|eric schmidt,Eric Schmidt,person,,Eric Emerson Schmidt,vault,58,1,2,Alphabet Inc,Network Map/People/Eric Schmidt.md,7,0,
person|michael bloomberg,Michael Bloomberg,person,,Michael R. Bloomberg; Michael Rubens Bloomberg; Mike Bloomberg,both,169,3,1,X posts only,Network Map/People/Michael Bloomberg.md,19,3,
org|clinton global initiative,Clinton Global Initiative,org,NGO/nonprofit/think tank,,vault,20,0,1,linked by connectivity pass,Network Map/Organizations/Clinton Global Initiative.md,3,0,
person|nigel higgins,Nigel Higgins,person,,,vault,36,2,2,Other connected pairs/groups 17,Network Map/People/Nigel Higgins.md,2,0,
org|order routing trading operations,"Order Routing, Trading Operations",org,organization,,vault,2,1,2,Other connected pairs/groups 19,"Network Map/Organizations/Order Routing, Trading Operations.md",1,0,
org|o t o,O.T.O,org,organization,,vault,14,0,2,linked by connectivity pass,Network Map/Organizations/O.T.O.md,4,0,
org|harvard college,Harvard College,org,university/school,Harvard College!,vault,131,0,1,linked by connectivity pass,Network Map/Organizations/Harvard College.md,25,0,
org|fieldfresh pvt,FieldFresh Pvt. Ltd,org,company,,vault,1,1,,Other connected pairs/groups 18,Network Map/Organizations/FieldFresh Pvt. Ltd.md,1,0,
org|tesla,Tesla,org,organization,"Tesla, Inc",vault,8,0,1,linked by connectivity pass,Network Map/Organizations/Tesla.md,4,0,
org|somali army,Somali Army,org,organization,,vault,3,0,,linked by connectivity pass,Network Map/Organizations/Somali Army.md,3,0,
person|liesel pritzker simmons,Liesel Pritzker Simmons,person,,,vault,9,0,2,linked by connectivity pass,Network Map/People/Liesel Pritzker Simmons.md,4,0,
org|american sociological association,American Sociological Association,org,NGO/nonprofit/think tank,,vault,13,0,2,linked by connectivity pass,Network Map/Organizations/American Sociological Association.md,4,0,
org|district court,District Court,org,government body,,vault,10,0,2,linked by connectivity pass,Network Map/Organizations/District Court.md,3,0,
org|massachusetts general hospital,Massachusetts General Hospital,org,organization,,vault,6,1,2,Other connected pairs/groups 39,Network Map/Organizations/Massachusetts General Hospital.md,1,0,
org|after school satan club,After School Satan Club,org,university/school,,vault,1,0,2,linked by connectivity pass,Network Map/Organizations/After School Satan Club.md,3,0,
org|electron capital partners,Electron Capital Partners,org,company,,vault,10,2,1,linked by connectivity pass,Network Map/Organizations/Electron Capital Partners.md,4,0,
org|university of chicago booth school of business,University of Chicago Booth School of Business,org,university/school,,vault,25,0,2,linked by connectivity pass,Network Map/Organizations/University of Chicago Booth School of Business.md,4,0,
org|national archives,National Archives,org,organization,,vault,6,0,2,linked by connectivity pass,Network Map/Organizations/National Archives.md,3,0,
person|matt lauer,Matt Lauer,person,,,vault,5,3,2,Other connected pairs/groups 1,Network Map/People/Matt Lauer.md,1,0,
org|stanford graduate school of business,Stanford Graduate School of Business,org,university/school,,vault,35,0,2,linked by connectivity pass,Network Map/Organizations/Stanford Graduate School of Business.md,8,0,
org|industrial and commercial bank of china,Industrial and Commercial Bank of China,org,company,,vault,6,1,2,Other connected pairs/groups 10,Network Map/Organizations/Industrial and Commercial Bank of China.md,1,0,
org|brothers fund,Brothers Fund,org,company,,vault,4,0,2,linked by connectivity pass,Network Map/Organizations/Brothers Fund.md,4,0,
org|statoil,Statoil,org,organization,,vault,9,3,2,Statoil,Network Map/Organizations/Statoil.md,1,0,
person|adam smith,Adam Smith,person,,,vault,86,0,2,linked by connectivity pass,Network Map/People/Adam Smith.md,8,0,
person|samuel andrews,Samuel Andrews,person,,,vault,7,1,2,Standard Oil,Network Map/People/Samuel Andrews.md,1,0,
person|peter borish,Peter Borish,person,,,vault,24,0,2,linked by connectivity pass,Network Map/People/Peter Borish.md,8,0,
org|barney barnato,Barney Barnato,org,organization,,vault,4,0,2,linked by connectivity pass,Network Map/Organizations/Barney Barnato.md,3,0,
org|newsday,Newsday,org,organization,,vault,12,1,3,Other connected pairs/groups 13,Network Map/Organizations/Newsday.md,4,0,
org|business advisory,Business Advisory,org,organization,,vault,7,0,3,linked by connectivity pass,Network Map/Organizations/Business Advisory.md,1,0,originally-read entity
person|nathaniel rothschild,Nathaniel Rothschild,person,,,vault,79,5,2,Bullingdon Club,Network Map/People/Nathaniel Rothschild.md,2,0,
person|becca balint,Becca Balint,person,,,vault,85,0,2,linked by connectivity pass,Network Map/People/Becca Balint.md,7,0,
org|bealls,Bealls,org,organization,,vault,11,1,2,Alpha Kappa Psi,Network Map/Organizations/Bealls.md,1,0,
org|robinshood,Robinshood,org,organization,ROBINSHOOD,vault,8,0,2,linked by connectivity pass,Network Map/Organizations/Robinshood.md,8,0,
org|bitfinex,Bitfinex,org,organization,,vault,3,1,2,Other connected pairs/groups 19,Network Map/Organizations/Bitfinex.md,2,0,
org|british petroleum company,British Petroleum Company,org,company,,vault,11,0,3,linked by connectivity pass,Network Map/Organizations/British Petroleum Company.md,3,0,
person|george whipple,George Whipple,person,,George Hoyt Whipple,vault,33,0,2,linked by connectivity pass,Network Map/People/George Whipple.md,3,0,
person|james rouse,James Rouse,person,,,vault,7,1,2,Other connected pairs/groups 30,Network Map/People/James Rouse.md,1,0,
org|jet propulsion laboratory,Jet Propulsion Laboratory,org,organization,,vault,26,0,2,linked by connectivity pass,Network Map/Organizations/Jet Propulsion Laboratory.md,6,0,
person|tom ford,Tom Ford,person,,,vault,8,0,2,linked by connectivity pass,Network Map/People/Tom Ford.md,4,0,
person|mark carney,Mark Carney,person,,Mark Joseph Carney,both,58,3,1,Other connected pairs/groups 36,Network Map/People/Mark Carney.md,6,4,
org|garrett evangelical theological seminary,Garrett-Evangelical Theological Seminary,org,organization,,vault,5,1,2,Other connected pairs/groups 6,Network Map/Organizations/Garrett-Evangelical Theological Seminary.md,1,0,
org|freshfields bruckhaus deringer,Freshfields Bruckhaus Deringer,org,organization,,vault,15,1,2,Other connected pairs/groups 15,Network Map/Organizations/Freshfields Bruckhaus Deringer.md,2,0,
org|media group,Media Group,org,company,,vault,7,0,2,linked by connectivity pass,Network Map/Organizations/Media Group.md,1,0,originally-read entity
org|hewlett packard,Hewlett-Packard,org,organization,Hewlett Packard,vault,70,1,2,Other connected pairs/groups 26,Network Map/Organizations/Hewlett-Packard.md,7,0,
person|adam weishaupt,Adam Weishaupt,person,,,vault,2,1,3,Other connected pairs/groups 11,Network Map/People/Adam Weishaupt.md,1,0,
person|charles stewart,Charles Stewart,person,,,vault,5,1,1,Sotheby,Network Map/People/Charles Stewart.md,1,0,
person|walter v shipley,Walter V. Shipley,person,,,vault,12,1,2,Other connected pairs/groups 22,Network Map/People/Walter V. Shipley.md,2,0,
person|nancy kegan smith,Nancy Kegan Smith,person,,,vault,6,1,2,Other connected pairs/groups 49,Network Map/People/Nancy Kegan Smith.md,2,0,
org|southern poverty law center,Southern Poverty Law Center,org,NGO/nonprofit/think tank,,both,15,1,1,X posts only,Network Map/Organizations/Southern Poverty Law Center.md,6,0,
org|ford foundation,Ford Foundation,org,foundation,FORD FOUNDATION,vault,49,1,1,Other connected pairs/groups 26,Network Map/Organizations/Ford Foundation.md,15,0,
org|kkr,KKR,org,organization,KKR & Co; KKR & Co $; KKR & Co. Inc,both,132,1,1,X posts only,Network Map/Organizations/KKR.md,16,0,
org|bnp paribas,BNP Paribas,org,organization,BNP PARIBAS,vault,151,0,1,linked by connectivity pass,Network Map/Organizations/BNP Paribas.md,14,0,
org|seva foundation,Seva Foundation,org,foundation,,vault,16,0,2,linked by connectivity pass,Network Map/Organizations/Seva Foundation.md,3,0,
person|michael farmer,Michael Farmer,person,,Michael Stahel Farmer,vault,83,1,2,Other connected pairs/groups 15,Network Map/People/Michael Farmer.md,4,0,
org|civil service,Civil Service,org,organization,,vault,6,1,2,Other connected pairs/groups 18,Network Map/Organizations/Civil Service.md,3,0,
org|lux capital,Lux Capital,org,company,,vault,2,1,1,Other connected pairs/groups 43,Network Map/Organizations/Lux Capital.md,1,0,
org|impactassets,ImpactAssets,org,organization,,vault,0,0,,(isolated),Network Map/Organizations/ImpactAssets.md,4,0,
org|library of congress,Library of Congress,org,government body,,vault,28,1,2,Other connected pairs/groups 45,Network Map/Organizations/Library of Congress.md,5,0,
org|management board,Management Board,org,company,,vault,17,0,1,linked by connectivity pass,Network Map/Organizations/Management Board.md,3,0,
person|james k randall,James K. Randall,person,,,vault,14,0,3,linked by connectivity pass,Network Map/People/James K. Randall.md,3,0,
person|ghislaine maxwell,Ghislaine Maxwell,person,,,both,380,5,1,Other connected pairs/groups 2,Network Map/People/Ghislaine Maxwell.md,10,37,
person|hamilton e james,Hamilton E. James,person,,,vault,34,1,2,Blackstone,Network Map/People/Hamilton E. James.md,3,0,
org|la pyramide,La Pyramide,org,organization,,vault,3,1,3,Other connected pairs/groups 7,Network Map/Organizations/La Pyramide.md,1,0,
person|robert smith,Robert Smith,person,,Robert F. Smith,vault,6,0,2,linked by connectivity pass,Network Map/People/Robert Smith.md,3,0,
org|jewish chronicle,Jewish Chronicle,org,organization,JEWISH CHRONICLE; Jewish Chronicle.!'~!,vault,2,0,3,linked by connectivity pass,Network Map/Organizations/Jewish Chronicle.md,5,0,
org|quaker,Quaker,org,organization,,vault,5,0,2,linked by connectivity pass,Network Map/Organizations/Quaker.md,4,0,
person|michael miebach,Michael Miebach,person,,,vault,10,1,2,Other connected pairs/groups 48,Network Map/People/Michael Miebach.md,2,0,
org|vivendi,Vivendi,org,organization,,vault,44,2,2,Vivendi,Network Map/Organizations/Vivendi.md,6,0,
org|argyros school of business and economics,Argyros School of Business & Economics,org,university/school,,vault,16,0,2,linked by connectivity pass,Network Map/Organizations/Argyros School of Business & Economics.md,3,0,
org|reit,REIT,org,organization,,vault,9,0,2,linked by connectivity pass,Network Map/Organizations/REIT.md,3,0,
org|mei group,MEI Group,org,company,,vault,4,0,2,linked by connectivity pass,Network Map/Organizations/MEI Group.md,3,0,
org|bed bath and beyond,Bed Bath & Beyond,org,organization,"Bed Bath & Beyond Inc; Bed, Bath & Beyond; Bed, Bath, & Beyond",both,186,1,1,X posts only,Network Map/Organizations/Bed Bath & Beyond.md,11,0,
org|propa city community outreach,Propa City Community Outreach,org,organization,,vault,3,1,,Other connected pairs/groups 52,Network Map/Organizations/Propa City Community Outreach.md,1,0,
org|new york law school,New York Law School,org,university/school,,vault,3,0,3,linked by connectivity pass,Network Map/Organizations/New York Law School.md,3,0,
org|vichy,Vichy,org,organization,,vault,9,0,2,linked by connectivity pass,Network Map/Organizations/Vichy.md,4,0,
person|tammy baldwin,Tammy Baldwin,person,,,vault,83,0,2,linked by connectivity pass,Network Map/People/Tammy Baldwin.md,7,0,
org|aricom,Aricom,org,organization,,vault,35,1,2,Other connected pairs/groups 15,Network Map/Organizations/Aricom.md,2,0,
person|denis mcdonough,Denis McDonough,person,,,vault,50,0,2,linked by connectivity pass,Network Map/People/Denis McDonough.md,3,0,
person|adam bronfman,Adam Bronfman,person,,,vault,13,1,2,Other connected pairs/groups 11,Network Map/People/Adam Bronfman.md,1,0,
org|estee lauder companies,Estee Lauder Companies,org,organization,Estée Lauder Companies; Estée Lauder Companies Inc,vault,32,0,2,linked by connectivity pass,Network Map/Organizations/Estee Lauder Companies.md,9,0,
org|seagram company,Seagram Company Ltd,org,company,,vault,2,0,3,linked by connectivity pass,Network Map/Organizations/Seagram Company Ltd.md,3,0,
person|david cameron,David Cameron,person,,,vault,116,4,2,Bullingdon Club,Network Map/People/David Cameron.md,12,0,
org|industry cosmetics,Industry Cosmetics,org,organization,,vault,3,0,3,linked by connectivity pass,Network Map/Organizations/Industry Cosmetics.md,3,0,
org|airbnb,Airbnb,org,organization,,vault,18,0,2,linked by connectivity pass,Network Map/Organizations/Airbnb.md,3,0,
person|bernie sanders,Bernie Sanders,person,,,vault,99,0,2,linked by connectivity pass,Network Map/People/Bernie Sanders.md,10,0,
person|edward grey,Edward Grey,person,,,vault,56,1,2,Bullingdon Club,Network Map/People/Edward Grey.md,1,0,
org|silvergate media,Silvergate Media,org,company,Silvergate Media Limited,vault,9,0,2,linked by connectivity pass,Network Map/Organizations/Silvergate Media.md,4,0,
person|benjamin liepman prins,Benjamin Liepman Prins,person,,,vault,7,1,3,Other connected pairs/groups 18,Network Map/People/Benjamin Liepman Prins.md,1,0,
org|congress,Congress,org,government body,CONGRESS,both,383,5,1,Congress,Network Map/Organizations/Congress.md,85,0,
org|manichaeism christianity,Manichaeism - Christianity,org,organization,,vault,0,0,,(isolated),Network Map/Organizations/Manichaeism - Christianity.md,3,0,
org|ford models,Ford Models,org,organization,,vault,3,2,2,Ford Models,Network Map/Organizations/Ford Models.md,3,0,
org|bluemountain capital management,BlueMountain Capital Management,org,company,,vault,15,1,2,Other connected pairs/groups 19,Network Map/Organizations/BlueMountain Capital Management.md,1,0,
org|us foods holding,US Foods Holding Corp,org,company,US FOODS HOLDING CORP,vault,19,0,2,linked by connectivity pass,Network Map/Organizations/US Foods Holding Corp.md,3,0,
person|dean kamen,Dean Kamen,person,,Dean Kamen (2),both,168,2,1,Other connected pairs/groups 27,Network Map/People/Dean Kamen.md,6,4,
person|eva andersson,Eva Andersson,person,,,both,37,1,1,X posts only,Network Map/People/Eva Andersson.md,4,2,
person|peter calabro,Peter Calabro,person,,,vault,8,3,2,Other connected pairs/groups 3,Network Map/People/Peter Calabro.md,1,0,
org|global equities,Global Equities,org,organization,,vault,15,0,2,linked by connectivity pass,Network Map/Organizations/Global Equities.md,3,0,
person|john jacob astor,John Jacob Astor,person,,,vault,1,0,4,linked by connectivity pass,Network Map/People/John Jacob Astor.md,3,0,
org|boy scouts of america,Boy Scouts of America,org,organization,,vault,5,0,2,linked by connectivity pass,Network Map/Organizations/Boy Scouts of America.md,3,0,
org|u s navy,U.S. Navy,org,organization,,vault,12,0,3,linked by connectivity pass,Network Map/Organizations/U.S. Navy.md,4,0,
person|john yarker,John Yarker,person,,,vault,7,0,2,linked by connectivity pass,Network Map/People/John Yarker.md,4,0,
org|emerald music,Emerald Music,org,organization,,vault,7,1,2,Other connected pairs/groups 30,Network Map/Organizations/Emerald Music.md,1,0,
person|mike hollander,Mike Hollander,person,,,vault,7,2,2,GTCR,Network Map/People/Mike Hollander.md,1,0,
person|andrew aquino,Andrew Aquino,person,,,vault,5,0,3,linked by connectivity pass,Network Map/People/Andrew Aquino.md,3,0,
person|james jacob astor,James Jacob Astor,person,,,vault,11,1,2,Other connected pairs/groups 40,Network Map/People/James Jacob Astor.md,1,0,
org|daily news,Daily News,org,organization,,vault,16,0,2,linked by connectivity pass,Network Map/Organizations/Daily News.md,4,0,
org|city college of new york,City College of New York,org,university/school,Education City College of New York,vault,21,0,2,linked by connectivity pass,Network Map/Organizations/City College of New York.md,6,0,
person|michael steele,Michael Steele,person,,,vault,21,1,2,Republican National Committee,Network Map/People/Michael Steele.md,1,0,
person|peter palumbo,Peter Palumbo,person,,,vault,78,1,2,Bullingdon Club,Network Map/People/Peter Palumbo.md,1,0,
person|chelsea clinton,Chelsea Clinton,person,,,both,133,2,1,Other connected pairs/groups 18,Network Map/People/Chelsea Clinton.md,3,2,
org|university of michigan,University of Michigan,org,university/school,Education University of Michigan; University of Michigan $,vault,68,0,2,linked by connectivity pass,Network Map/Organizations/University of Michigan.md,13,0,
person|william morris,William Morris,person,,,vault,22,1,2,Other connected pairs/groups 54,Network Map/People/William Morris.md,7,0,
person|ban ki-moon,Ban Ki-moon,person,,,vault,11,1,2,Other connected pairs/groups 6,Network Map/People/Ban Ki-moon.md,3,0,
person|jeff skoll,Jeff Skoll,person,,,both,54,1,1,X posts only,Network Map/People/Jeff Skoll.md,3,5,
org|firstmark capital,FirstMark Capital,org,company,,both,22,1,1,X posts only,Network Map/Organizations/FirstMark Capital.md,3,0,
org|aladdin,Aladdin,org,organization,,vault,18,0,2,linked by connectivity pass,Network Map/Organizations/Aladdin.md,3,0,
org|discovery communications,Discovery Communications,org,organization,Discovery Communication,vault,18,2,2,Discovery Communications,Network Map/Organizations/Discovery Communications.md,2,0,
person|adam lanza,Adam Lanza,person,,,vault,1,1,,Other connected pairs/groups 11,Network Map/People/Adam Lanza.md,1,0,
person|glenn jacobson,Glenn Jacobson,person,,,vault,8,1,2,Greenbelt Capital Partners,Network Map/People/Glenn Jacobson.md,1,0,
person|herald ritch,Herald Ritch,person,,,vault,27,1,2,Sagent Advisors,Network Map/People/Herald Ritch.md,2,0,
person|seth magaziner,Seth Magaziner,person,,,vault,79,0,2,linked by connectivity pass,Network Map/People/Seth Magaziner.md,6,0,
org|denon,Denon,org,organization,,vault,6,1,3,Other connected pairs/groups 27,Network Map/Organizations/Denon.md,1,0,
person|victoria hargreaves,Victoria Hargreaves,person,,,vault,11,1,2,Other connected pairs/groups 40,Network Map/People/Victoria Hargreaves.md,1,0,
person|theresa rosa benari,Theresa Rosa Benari,person,,,vault,7,1,3,Other connected pairs/groups 18,Network Map/People/Theresa Rosa Benari.md,1,0,
person|mellody hobson,Mellody Hobson,person,,,vault,13,2,2,Starbucks,Network Map/People/Mellody Hobson.md,1,0,
org|argus media,Argus Media,org,company,,vault,3,1,2,Other connected pairs/groups 15,Network Map/Organizations/Argus Media.md,2,0,
person|henri jules fould,Henri Jules Fould,person,,,vault,13,1,,Other connected pairs/groups 36,Network Map/People/Henri Jules Fould.md,1,0,
person|jeb bush,Jeb Bush,person,,,vault,9,0,2,linked by connectivity pass,Network Map/People/Jeb Bush.md,3,0,
org|european central bank,European Central Bank,org,company,,vault,6,0,2,linked by connectivity pass,Network Map/Organizations/European Central Bank.md,3,0,
person|andre carson,Andre Carson,person,,,vault,85,0,2,linked by connectivity pass,Network Map/People/Andre Carson.md,7,0,
person|raphael warnock,Raphael Warnock,person,,,vault,87,0,2,linked by connectivity pass,Network Map/People/Raphael Warnock.md,8,0,
person|gerard encausse,Gerard Encausse,person,,,vault,10,0,3,linked by connectivity pass,Network Map/People/Gerard Encausse.md,3,0,
org|university of the district of columbia,University of the District of Columbia,org,university/school,,vault,6,1,2,Other connected pairs/groups 20,Network Map/Organizations/University of the District of Columbia.md,1,0,
org|macarthur fellowship,MacArthur Fellowship,org,organization,,vault,7,0,2,linked by connectivity pass,Network Map/Organizations/MacArthur Fellowship.md,3,0,
person|john redwood,John Redwood,person,,,vault,6,1,3,British Parliament,Network Map/People/John Redwood.md,1,0,
org|code for america,Code for America,org,organization,,vault,16,1,2,Other connected pairs/groups 13,Network Map/Organizations/Code for America.md,3,0,
person|ian gilmour,Ian Gilmour,person,,,vault,78,1,2,Bullingdon Club,Network Map/People/Ian Gilmour.md,1,0,
org|dreamworks animation,DreamWorks Animation,org,organization,,vault,13,1,2,Starbucks,Network Map/Organizations/DreamWorks Animation.md,2,0,
org|prince group,Prince Group,org,company,,vault,6,1,2,Other connected pairs/groups 22,Network Map/Organizations/Prince Group.md,1,0,
person|bob kerrey,Bob Kerrey,person,,,vault,6,1,2,Other connected pairs/groups 19,Network Map/People/Bob Kerrey.md,2,0,
person|nicola cobbold,Nicola Cobbold,person,,,vault,4,1,2,Other connected pairs/groups 50,Network Map/People/Nicola Cobbold.md,1,0,
person|edward carpenter,Edward Carpenter,person,,,vault,9,0,2,linked by connectivity pass,Network Map/People/Edward Carpenter.md,5,0,
person|christoph gebald,Christoph Gebald,person,,,vault,2,0,2,linked by connectivity pass,Network Map/People/Christoph Gebald.md,3,0,
person|william astor,William Astor,person,,William Waldorf Astor,vault,22,1,1,Congress,Network Map/People/William Astor.md,6,0,
org|sears,Sears,org,organization,,vault,31,0,1,linked by connectivity pass,Network Map/Organizations/Sears.md,4,0,
org|murray and aldrich,Murray & Aldrich,org,organization,,vault,2,1,3,Other connected pairs/groups 49,Network Map/Organizations/Murray & Aldrich.md,1,0,
org|cbam,CBAM,org,organization,,vault,4,0,3,linked by connectivity pass,Network Map/Organizations/CBAM.md,3,0,
org|rjr nabisco,RJR Nabisco,org,organization,,vault,19,0,2,linked by connectivity pass,Network Map/Organizations/RJR Nabisco.md,3,0,
org|bridgespan group,Bridgespan Group,org,company,Bridgespan Group!,vault,8,0,2,linked by connectivity pass,Network Map/Organizations/Bridgespan Group.md,3,0,
org|rsm tenon,RSM Tenon,org,organization,,vault,7,1,2,Saffery,Network Map/Organizations/RSM Tenon.md,1,0,
org|medicaid,Medicaid,org,organization,,vault,9,0,2,linked by connectivity pass,Network Map/Organizations/Medicaid.md,5,0,
org|sclc,SCLC,org,organization,,vault,3,1,2,Other connected pairs/groups 48,Network Map/Organizations/SCLC.md,1,0,
org|chrysler,Chrysler,org,organization,Chrysler Corporation,vault,55,0,1,linked by connectivity pass,Network Map/Organizations/Chrysler.md,6,0,
org|school of art,School of Art,org,university/school,,vault,9,1,2,Other connected pairs/groups 51,Network Map/Organizations/School of Art.md,1,0,
person|paul fribourg,Paul Fribourg,person,,Paul J. Fribourg,vault,13,1,1,Other connected pairs/groups 24,Network Map/People/Paul Fribourg.md,4,0,
person|willard e loeb,Willard E. Loeb,person,,,vault,8,0,2,linked by connectivity pass,Network Map/People/Willard E. Loeb.md,4,0,
org|american cancer society,American Cancer Society,org,society/club,,vault,5,0,2,linked by connectivity pass,Network Map/Organizations/American Cancer Society.md,3,0,
person|thomas schnepp,Thomas Schnepp,person,,,vault,8,1,2,Other connected pairs/groups 25,Network Map/People/Thomas Schnepp.md,1,0,
org|edict of nantes,Edict of Nantes,org,organization,,vault,2,0,4,linked by connectivity pass,Network Map/Organizations/Edict of Nantes.md,3,0,
org|safari club,Safari Club,org,society/club,,vault,16,0,2,linked by connectivity pass,Network Map/Organizations/Safari Club.md,9,0,
org|aravind eye foundation,Aravind Eye Foundation,org,foundation,,vault,7,1,3,Other connected pairs/groups 15,Network Map/Organizations/Aravind Eye Foundation.md,1,0,
org|cowen,Cowen Inc,org,company,,vault,7,1,3,Other connected pairs/groups 7,Network Map/Organizations/Cowen Inc.md,1,0,
org|afghanistan foundation,Afghanistan Foundation,org,foundation,,vault,6,1,2,Other connected pairs/groups 11,Network Map/Organizations/Afghanistan Foundation.md,1,0,
person|sidney webb,Sidney Webb,person,,,vault,16,0,2,linked by connectivity pass,Network Map/People/Sidney Webb.md,5,0,
org|national counterterrorism center,National Counterterrorism Center,org,NGO/nonprofit/think tank,,vault,20,1,2,Other connected pairs/groups 43,Network Map/Organizations/National Counterterrorism Center.md,4,0,
org|greensill capital,Greensill Capital,org,company,,vault,12,2,2,Greensill Capital,Network Map/Organizations/Greensill Capital.md,7,0,
person|semion mogilevich,Semion Mogilevich,person,,Semion Yudkovich Mogilevich,both,14,0,2,linked by connectivity pass,Network Map/People/Semion Mogilevich.md,5,2,
org|university of paris,University of Paris,org,university/school,Education University of Paris,vault,41,0,2,linked by connectivity pass,Network Map/Organizations/University of Paris.md,9,0,
person|james baker,James Baker,person,,James A. Baker,vault,25,1,1,linked by connectivity pass,Network Map/People/James Baker.md,5,0,
person|jon atack,Jon Atack,person,,,vault,2,1,2,Other connected pairs/groups 42,Network Map/People/Jon Atack.md,1,0,
person|walter mondale,Walter Mondale,person,,Walter F. Mondale,vault,67,0,2,linked by connectivity pass,Network Map/People/Walter Mondale.md,7,0,
person|amanda renteria,Amanda Renteria,person,,Amanda Andrea Renteria,vault,17,1,2,Other connected pairs/groups 13,Network Map/People/Amanda Renteria.md,4,0,
person|charles knowlton,Charles Knowlton,person,,,vault,8,0,2,linked by connectivity pass,Network Map/People/Charles Knowlton.md,3,0,
org|forest laboratories,Forest Laboratories,org,organization,,vault,8,1,2,Other connected pairs/groups 8,Network Map/Organizations/Forest Laboratories.md,1,0,
org|presbyterian hospital,Presbyterian Hospital,org,organization,,vault,8,0,3,linked by connectivity pass,Network Map/Organizations/Presbyterian Hospital.md,3,0,
org|mit sloan school of management,MIT Sloan School of Management,org,university/school,,vault,29,0,2,linked by connectivity pass,Network Map/Organizations/MIT Sloan School of Management.md,4,0,
person|ryan cohen,Ryan Cohen,person,,,both,90,0,1,X posts only,Network Map/People/Ryan Cohen.md,13,52,
org|markets coverage group,Markets Coverage Group,org,company,,vault,7,0,2,linked by connectivity pass,Network Map/Organizations/Markets Coverage Group.md,1,0,originally-read entity
org|french social party,French Social Party,org,political organization,,vault,1,1,3,Other connected pairs/groups 3,Network Map/Organizations/French Social Party.md,1,0,
person|henry chaplin,Henry Chaplin,person,,,vault,78,1,2,Bullingdon Club,Network Map/People/Henry Chaplin.md,1,0,
person|arthur sackler,Arthur Mitchell Sackler,person,,Arthur M. Sackler; Arthur Sackler,vault,12,0,2,linked by connectivity pass,Network Map/People/Arthur Mitchell Sackler.md,5,0,
org|fairchild semiconductor,Fairchild Semiconductor,org,organization,,vault,16,1,2,Other connected pairs/groups 31,Network Map/Organizations/Fairchild Semiconductor.md,2,0,
org|aga khan foundation,Aga Khan Foundation,org,foundation,AGA KHAN FOUNDATION,vault,18,0,2,linked by connectivity pass,Network Map/Organizations/Aga Khan Foundation.md,4,0,
org|new school,New School,org,university/school,,vault,21,1,2,Other connected pairs/groups 19,Network Map/Organizations/New School.md,11,0,
org|koplovitz and,Koplovitz & Co,org,organization,,vault,15,1,2,Other connected pairs/groups 44,Network Map/Organizations/Koplovitz & Co.md,1,0,
org|second circuit,Second Circuit,org,organization,,vault,44,0,2,linked by connectivity pass,Network Map/Organizations/Second Circuit.md,7,0,
person|getulio vargas,Getulio Vargas,person,,,vault,7,1,2,Other connected pairs/groups 35,Network Map/People/Getulio Vargas.md,1,0,
org|greenlight capital,Greenlight Capital,org,company,,both,65,1,1,Other connected pairs/groups 26,Network Map/Organizations/Greenlight Capital.md,3,0,
org|hezbollah,Hezbollah,org,organization,,both,51,1,1,X posts only,Network Map/Organizations/Hezbollah.md,4,0,
org|bronx lebanon hospital,Bronx-Lebanon Hospital,org,organization,,vault,1,1,3,Other connected pairs/groups 20,Network Map/Organizations/Bronx-Lebanon Hospital.md,1,0,
org|imperial bank of persia,Imperial Bank of Persia,org,company,,vault,5,1,2,Other connected pairs/groups 27,Network Map/Organizations/Imperial Bank of Persia.md,3,0,
org|hasty pudding club,Hasty Pudding Club,org,society/club,,vault,10,0,1,linked by connectivity pass,Network Map/Organizations/Hasty Pudding Club.md,5,0,
org|shearson lehman american express,Shearson LehmanAmerican Express,org,organization,,vault,23,1,2,Other connected pairs/groups 45,Network Map/Organizations/Shearson LehmanAmerican Express.md,2,0,
person|umaimah mendhro,Umaimah Mendhro,person,,,vault,6,1,2,Other connected pairs/groups 51,Network Map/People/Umaimah Mendhro.md,1,0,
org|coors,Coors,org,organization,COORS,vault,10,0,3,linked by connectivity pass,Network Map/Organizations/Coors.md,6,0,
person|karolina follis,Karolina Follis,person,,,vault,12,0,2,linked by connectivity pass,Network Map/People/Karolina Follis.md,9,0,
person|noor delawari,Noor Delawari,person,,,vault,6,1,2,Other connected pairs/groups 11,Network Map/People/Noor Delawari.md,1,0,
org|carnegie hall,Carnegie Hall,org,organization,,vault,10,0,2,linked by connectivity pass,Network Map/Organizations/Carnegie Hall.md,4,0,
org|fuqua school of business,Fuqua School of Business,org,university/school,,vault,19,0,2,linked by connectivity pass,Network Map/Organizations/Fuqua School of Business.md,3,0,
person|robert mosbacher sr,Robert Mosbacher Sr,person,,,vault,1,1,,Other connected pairs/groups 49,Network Map/People/Robert Mosbacher Sr.md,1,0,
org|bill and melinda gates foundation,Bill & Melinda Gates Foundation,org,foundation,Bill & Melinda Gates; Gates Foundation,vault,39,1,1,Wellcome Trust,Network Map/Organizations/Bill & Melinda Gates Foundation.md,9,0,
org|rit capital partners,RIT Capital Partners,org,company,RIT Capital Partners plc,vault,36,0,2,linked by connectivity pass,Network Map/Organizations/RIT Capital Partners.md,5,0,
org|mastercard,Mastercard,org,organization,MASTERCARD; MasterCard; Mastercard Inc,vault,46,1,1,Other connected pairs/groups 48,Network Map/Organizations/Mastercard.md,10,0,
person|jamal khashoggi,Jamal Khashoggi,person,,Jamal Ahmad Hamza Khashoggi,both,64,3,1,X posts only,Network Map/People/Jamal Khashoggi.md,6,5,
person|nematollah nassiri,Nematollah Nassiri,person,,,vault,12,0,2,linked by connectivity pass,Network Map/People/Nematollah Nassiri.md,4,0,
org|british army,British Army,org,organization,,vault,36,0,2,linked by connectivity pass,Network Map/Organizations/British Army.md,11,0,
person|doug morris,Doug Morris,person,,,vault,26,0,2,linked by connectivity pass,Network Map/People/Doug Morris.md,5,0,
org|league of nations,League of Nations,org,NGO/nonprofit/think tank,,vault,12,0,2,linked by connectivity pass,Network Map/Organizations/League of Nations.md,4,0,
person|cornel west,Cornel Ronald West,person,,Cornel West,vault,13,0,2,linked by connectivity pass,Network Map/People/Cornel Ronald West.md,3,0,
org|makerbot industries,Makerbot Industries,org,company,,vault,27,1,2,Other connected pairs/groups 20,Network Map/Organizations/Makerbot Industries.md,1,0,
org|agricultural affairs,Agricultural Affairs,org,organization,,vault,5,0,2,linked by connectivity pass,Network Map/Organizations/Agricultural Affairs.md,3,0,
person|victor rothschild,Victor Rothschild,person,,,vault,15,2,2,Other connected pairs/groups 9,Network Map/People/Victor Rothschild.md,5,0,
org|london organising committee,London Organising Committee,org,NGO/nonprofit/think tank,,vault,3,1,3,Other connected pairs/groups 8,Network Map/Organizations/London Organising Committee.md,1,0,
person|glenn d lowry,Glenn David Lowry,person,,Glenn D Lowry; Glenn D. Lowry,vault,11,0,2,linked by connectivity pass,Network Map/People/Glenn David Lowry.md,6,0,
person|mikhail gorbachev,Mikhail Gorbachev,person,,,both,23,1,1,Other connected pairs/groups 23,Network Map/People/Mikhail Gorbachev.md,5,2,
org|american academy of arts,American Academy of Arts,org,university/school,,vault,11,0,2,linked by connectivity pass,Network Map/Organizations/American Academy of Arts.md,4,0,
person|brett ratner,Brett Ratner,person,,,vault,3,1,1,Other connected pairs/groups 2,Network Map/People/Brett Ratner.md,2,0,
org|eton college,Eton College,org,university/school,,vault,108,0,2,linked by connectivity pass,Network Map/Organizations/Eton College.md,11,0,
org|founder and chief investment officer,Founder & Chief Investment Officer,org,organization,,vault,25,0,2,linked by connectivity pass,Network Map/Organizations/Founder & Chief Investment Officer.md,3,0,
person|joseph beuys,Joseph Beuys,person,,,vault,3,0,2,linked by connectivity pass,Network Map/People/Joseph Beuys.md,3,0,
org|order of canada,Order of Canada,org,society/club,,vault,16,0,2,linked by connectivity pass,Network Map/Organizations/Order of Canada.md,4,0,
person|jakaya mrisho kikwete,Jakaya Mrisho Kikwete,person,,,vault,8,2,2,Other connected pairs/groups 6,Network Map/People/Jakaya Mrisho Kikwete.md,1,0,
org|pritzker organization,Pritzker Organization,org,organization,,vault,9,1,2,Other connected pairs/groups 52,Network Map/Organizations/Pritzker Organization.md,3,0,
org|excel venture management,Excel Venture Management,org,company,,vault,28,1,2,Other connected pairs/groups 32,Network Map/Organizations/Excel Venture Management.md,2,0,
person|maria amalia,Maria Amalia,person,,,vault,5,0,4,linked by connectivity pass,Network Map/People/Maria Amalia.md,3,0,
org|department of energy,Department of Energy,org,government body,,vault,6,0,2,linked by connectivity pass,Network Map/Organizations/Department of Energy.md,3,0,
person|john kerry,John Kerry,person,,John F. Kerry,both,74,0,1,linked by connectivity pass,Network Map/People/John Kerry.md,10,2,
org|tel aviv university film school,Tel Aviv University Film School,org,university/school,,vault,1,1,3,Other connected pairs/groups 54,Network Map/Organizations/Tel Aviv University Film School.md,1,0,
person|mitchell sviridoff,Mitchell Sviridoff,person,,,vault,7,1,2,Other connected pairs/groups 46,Network Map/People/Mitchell Sviridoff.md,1,0,
person|richard dugas jr,Richard Dugas Jr,person,,,both,17,1,1,PulteGroup,Network Map/People/Richard Dugas Jr.md,1,3,
org|new york magazine,New York Magazine,org,organization,,vault,14,1,2,Other connected pairs/groups 50,Network Map/Organizations/New York Magazine.md,1,0,
person|robert brookings,Robert Brookings,person,,Robert S. Brookings,vault,2,0,2,linked by connectivity pass,Network Map/People/Robert Brookings.md,3,0,
person|richard attias,Richard Attias,person,,,both,24,2,1,Other connected pairs/groups 8,Network Map/People/Richard Attias.md,4,3,
person|emma rothschild,Emma Rothschild,person,,Emma Georgina Rothschild,vault,14,0,2,linked by connectivity pass,Network Map/People/Emma Rothschild.md,4,0,
org|fp group,FP Group,org,company,,vault,2,1,2,Other connected pairs/groups 27,Network Map/Organizations/FP Group.md,1,0,
org|american revolutionary war,American Revolutionary War,org,organization,,vault,10,0,2,linked by connectivity pass,Network Map/Organizations/American Revolutionary War.md,4,0,
org|edison electric illuminating,Edison Electric Illuminating,org,organization,,vault,2,1,2,Other connected pairs/groups 29,Network Map/Organizations/Edison Electric Illuminating.md,1,0,
org|microsoft,Microsoft,org,organization,MICROSOFT; Microsoft Corp; Microsoft Corp $,vault,164,3,1,Microsoft,Network Map/Organizations/Microsoft.md,45,0,
org|public sector,Public Sector,org,organization,,vault,27,0,2,linked by connectivity pass,Network Map/Organizations/Public Sector.md,1,0,originally-read entity
person|timothy beaumont,Timothy Beaumont,person,,,vault,78,1,2,Bullingdon Club,Network Map/People/Timothy Beaumont.md,1,0,
org|molson coors beverage company,Molson Coors Beverage Company,org,company,,vault,1,0,4,linked by connectivity pass,Network Map/Organizations/Molson Coors Beverage Company.md,3,0,
org|hyatt hotel,Hyatt Hotel Corporation,org,company,Hyatt Hotel,vault,9,1,3,Other connected pairs/groups 38,Network Map/Organizations/Hyatt Hotel Corporation.md,2,0,
org|omicron delta epsilon,Omicron Delta Epsilon,org,greek-letter society,,vault,12,0,2,linked by connectivity pass,Network Map/Organizations/Omicron Delta Epsilon.md,3,0,
org|labour party,Labour Party,org,political organization,Labour party,vault,68,0,2,linked by connectivity pass,Network Map/Organizations/Labour Party.md,11,0,
org|general mills,General Mills,org,organization,,vault,15,0,2,linked by connectivity pass,Network Map/Organizations/General Mills.md,3,0,
org|council of economic advisers,Council of Economic Advisers,org,NGO/nonprofit/think tank,,vault,21,1,2,Other connected pairs/groups 16,Network Map/Organizations/Council of Economic Advisers.md,6,0,
person|bob annibale,Bob Annibale,person,,,vault,4,2,2,Other connected pairs/groups 19,Network Map/People/Bob Annibale.md,2,0,
org|freedomworks,FreedomWorks,org,organization,,vault,4,1,3,Other connected pairs/groups 33,Network Map/Organizations/FreedomWorks.md,1,0,
person|joe johal,Joe Johal,person,,,vault,5,2,2,Other connected pairs/groups 10,Network Map/People/Joe Johal.md,2,0,
person|naa blitzer,Naa Blitzer,person,,,vault,2,1,2,Other connected pairs/groups 49,Network Map/People/Naa Blitzer.md,1,0,
org|israel defense forces,Israel Defense Forces,org,organization,,vault,11,0,2,linked by connectivity pass,Network Map/Organizations/Israel Defense Forces.md,5,0,
org|cathie wood,Cathie Wood,org,organization,,vault,11,0,2,linked by connectivity pass,Network Map/Organizations/Cathie Wood.md,4,0,
person|malcolm knight,Malcolm Knight,person,,Malcolm D. Knight,vault,6,1,2,Other connected pairs/groups 17,Network Map/People/Malcolm Knight.md,1,0,
org|kappa kappa gamma,Kappa Kappa Gamma,org,greek-letter society,,vault,8,0,2,linked by connectivity pass,Network Map/Organizations/Kappa Kappa Gamma.md,3,0,
person|max nicholson,Max Nicholson,person,,,vault,8,0,2,linked by connectivity pass,Network Map/People/Max Nicholson.md,5,0,
org|smithsonian institution,Smithsonian Institution,org,organization,,vault,13,1,2,GTCR,Network Map/Organizations/Smithsonian Institution.md,4,0,
person|julius rosenberg,Julius Rosenberg,person,,,vault,5,1,2,Other connected pairs/groups 40,Network Map/People/Julius Rosenberg.md,1,0,
org|taliban,Taliban,org,organization,,vault,4,0,2,linked by connectivity pass,Network Map/Organizations/Taliban.md,3,0,
org|federal bureau of investigation,Federal Bureau of Investigation,org,government body,FBI,both,312,1,1,X posts only,Network Map/Organizations/Federal Bureau of Investigation.md,39,0,
org|jewish agency,Jewish Agency,org,government body,,vault,9,0,2,linked by connectivity pass,Network Map/Organizations/Jewish Agency.md,3,0,
person|saddam hussein,Saddam Hussein,person,,,vault,29,0,2,linked by connectivity pass,Network Map/People/Saddam Hussein.md,4,0,
person|hisashi owada,Hisashi Owada,person,,,vault,11,1,2,Other connected pairs/groups 37,Network Map/People/Hisashi Owada.md,1,0,
person|jim inhofe,Jim Inhofe,person,,,vault,22,0,2,linked by connectivity pass,Network Map/People/Jim Inhofe.md,3,0,
person|alexandria ocasio-cortez,Alexandria O-Cortez,person,,,vault,79,0,2,linked by connectivity pass,Network Map/People/Alexandria O-Cortez.md,5,0,
org|bacchus,Bacchus,org,organization,,vault,7,0,2,linked by connectivity pass,Network Map/Organizations/Bacchus.md,3,0,
org|humana,Humana Inc,org,company,Humana Inc $,vault,27,0,2,linked by connectivity pass,Network Map/Organizations/Humana Inc.md,9,0,
person|hassan sheikh mohamud,Hassan Sheikh Mohamud,person,,,vault,3,0,,linked by connectivity pass,Network Map/People/Hassan Sheikh Mohamud.md,3,0,
person|john profumo,John Profumo,person,,,vault,84,2,2,Bullingdon Club,Network Map/People/John Profumo.md,2,0,
person|robert morris,Robert Morris,person,,,vault,18,2,2,Congress,Network Map/People/Robert Morris.md,5,0,
org|billiton,Billiton,org,organization,,vault,10,1,2,Shell,Network Map/Organizations/Billiton.md,1,0,
org|fir tree partners,Fir Tree Partners,org,company,,vault,7,1,2,Other connected pairs/groups 3,Network Map/Organizations/Fir Tree Partners.md,1,0,
org|willing morris and company,Willing Morris & Company,org,company,,vault,4,1,3,Congress,Network Map/Organizations/Willing Morris & Company.md,1,0,
org|african development bank,African Development Bank,org,company,,vault,47,0,2,linked by connectivity pass,Network Map/Organizations/African Development Bank.md,3,0,
org|zeta beta tau,Zeta Beta Tau,org,greek-letter society,,vault,12,0,2,linked by connectivity pass,Network Map/Organizations/Zeta Beta Tau.md,4,0,
org|dura society,Dura Society,org,society/club,,vault,5,1,3,Other connected pairs/groups 28,Network Map/Organizations/Dura Society.md,3,0,
org|standard and poor,Standard & Poor,org,organization,,vault,54,0,2,linked by connectivity pass,Network Map/Organizations/Standard & Poor.md,5,0,
org|anglo american,Anglo American,org,organization,Anglo American Corporation; Anglo American plc,vault,8,1,2,Other connected pairs/groups 5,Network Map/Organizations/Anglo American.md,5,0,
org|institutional investors roundtable,Institutional Investors Roundtable,org,organization,,vault,8,1,2,Other connected pairs/groups 4,Network Map/Organizations/Institutional Investors Roundtable.md,1,0,
org|nbc news,NBC News,org,organization,NBC NEWS,vault,34,0,2,linked by connectivity pass,Network Map/Organizations/NBC News.md,7,0,
person|francois pinault,Francois Pinault,person,,,vault,16,1,2,Other connected pairs/groups 33,Network Map/People/Francois Pinault.md,3,0,
org|grand cross,Grand Cross,org,organization,,vault,2,0,3,linked by connectivity pass,Network Map/Organizations/Grand Cross.md,4,0,
person|gwendolyn fay rothschild,Gwendolyn Fay Rothschild,person,,,vault,6,0,3,linked by connectivity pass,Network Map/People/Gwendolyn Fay Rothschild.md,3,0,
person|thomas perkins,Thomas Perkins,person,,Thomas James Perkins,vault,16,0,2,linked by connectivity pass,Network Map/People/Thomas Perkins.md,3,0,
person|leon polak,Leon Polak,person,,,vault,5,1,2,Other connected pairs/groups 45,Network Map/People/Leon Polak.md,1,0,
org|kpmg,KPMG,org,organization,,vault,18,0,1,linked by connectivity pass,Network Map/Organizations/KPMG.md,4,0,
person|mark vicente,Mark Vicente,person,,,vault,2,1,2,Other connected pairs/groups 42,Network Map/People/Mark Vicente.md,3,0,
org|universal music group,Universal Music Group,org,company,UNIVERSAL MUSIC GROUP; Universal Music Group NV,vault,65,4,2,Universal Music Group,Network Map/Organizations/Universal Music Group.md,17,0,
org|netflix,Netflix,org,organization,NETFLIX,vault,52,1,1,Other connected pairs/groups 50,Network Map/Organizations/Netflix.md,11,0,
org|geffen film company,Geffen Film Company,org,company,"Geffen Film Company, Inc",vault,8,0,2,linked by connectivity pass,Network Map/Organizations/Geffen Film Company.md,4,0,
org|imperial bank,Imperial Bank,org,company,,vault,2,0,2,linked by connectivity pass,Network Map/Organizations/Imperial Bank.md,3,0,
person|caroline burke,Caroline Burke,person,,,vault,7,0,2,linked by connectivity pass,Network Map/People/Caroline Burke.md,6,0,
org|permianlide,PermianLide,org,organization,,vault,7,1,2,New Mountain Capital,Network Map/Organizations/PermianLide.md,1,0,
person|bunker roy,Bunker Roy,person,,,vault,27,1,2,Other connected pairs/groups 17,Network Map/People/Bunker Roy.md,1,0,
person|joseph sassoon,Joseph Sassoon,person,,,vault,5,2,2,Other connected pairs/groups 2,Network Map/People/Joseph Sassoon.md,2,0,
org|kidder peabody and,"Kidder, Peabody & Co",org,organization,,vault,11,0,2,linked by connectivity pass,"Network Map/Organizations/Kidder, Peabody & Co.md",4,0,
org|peace corps,Peace Corps,org,organization,,vault,22,1,2,Other connected pairs/groups 7,Network Map/Organizations/Peace Corps.md,6,0,
person|marie claire,Marie Claire,person,,,vault,10,0,2,linked by connectivity pass,Network Map/People/Marie Claire.md,4,0,
person|george clooney,George Clooney,person,,George Timothy Clooney,vault,14,1,2,Other connected pairs/groups 23,Network Map/People/George Clooney.md,3,0,
person|martinez de pasqually,Martinez de Pasqually,person,,,vault,1,0,4,linked by connectivity pass,Network Map/People/Martinez de Pasqually.md,3,0,
person|sam nunn,Sam Nunn,person,,,vault,12,0,2,linked by connectivity pass,Network Map/People/Sam Nunn.md,3,0,
org|selwyn house school,Selwyn House School,org,university/school,,vault,10,0,3,linked by connectivity pass,Network Map/Organizations/Selwyn House School.md,4,0,
org|heritage foundation,Heritage Foundation,org,foundation,,vault,19,0,2,linked by connectivity pass,Network Map/Organizations/Heritage Foundation.md,3,0,
org|metropolitan museum of art,Metropolitan Museum of Art,org,organization,,vault,37,1,2,Parsons School of Design,Network Map/Organizations/Metropolitan Museum of Art.md,13,0,
org|miami beach auto tag agency,Miami Beach Auto Tag Agency,org,government body,,vault,7,1,2,Other connected pairs/groups 48,Network Map/Organizations/Miami Beach Auto Tag Agency.md,1,0,
org|alphabet,Alphabet Inc,org,company,Alphabet; Alphabet Inc $; GoogleAlphabet,vault,31,2,2,Alphabet Inc,Network Map/Organizations/Alphabet Inc.md,6,0,
org|episcopal church,Episcopal Church,org,organization,,vault,26,0,2,linked by connectivity pass,Network Map/Organizations/Episcopal Church.md,10,0,
person|john yarmuth,John Yarmuth,person,,Lay John Yarmuth,vault,6,3,2,Other connected pairs/groups 2,Network Map/People/John Yarmuth.md,2,0,
org|brigham young university,Brigham Young University,org,university/school,,vault,34,1,2,Other connected pairs/groups 20,Network Map/Organizations/Brigham Young University.md,3,0,
org|dixons carphone,Dixons Carphone,org,organization,,vault,72,1,2,Bullingdon Club,Network Map/Organizations/Dixons Carphone.md,3,0,
person|angela ahrendts,Angela Ahrendts,person,,,vault,6,1,3,Burberry,Network Map/People/Angela Ahrendts.md,1,0,
org|bear,Bear,org,organization,,vault,12,0,2,linked by connectivity pass,Network Map/Organizations/Bear.md,4,0,
org|boston college,Boston College,org,university/school,,vault,36,0,2,linked by connectivity pass,Network Map/Organizations/Boston College.md,7,0,
org|robin hood,Robin Hood,org,organization,ROBINHOOD,vault,47,0,1,linked by connectivity pass,Network Map/Organizations/Robin Hood.md,4,0,
org|milken institute,Milken Institute,org,NGO/nonprofit/think tank,,vault,24,0,1,linked by connectivity pass,Network Map/Organizations/Milken Institute.md,3,0,
org|rembrandt,Rembrandt,org,organization,,vault,1,0,4,linked by connectivity pass,Network Map/Organizations/Rembrandt.md,3,0,
person|harry mount,Harry Mount,person,,,vault,78,4,2,Bullingdon Club,Network Map/People/Harry Mount.md,1,0,
org|st james,St. James,org,organization,St James,vault,5,0,3,linked by connectivity pass,Network Map/Organizations/St. James.md,3,0,
org|jewish division of the new york public library,Jewish Division of the New York Public Library,org,organization,,vault,6,1,2,Other connected pairs/groups 41,Network Map/Organizations/Jewish Division of the New York Public Library.md,1,0,
person|mohammad reza pahlavi,Mohammad Reza Pahlavi,person,,,vault,15,0,2,linked by connectivity pass,Network Map/People/Mohammad Reza Pahlavi.md,6,0,
person|james hodges,James Hodges,person,,,vault,6,1,1,Sotheby,Network Map/People/James Hodges.md,1,0,
person|cindy bunch,Cindy Bunch,person,,,vault,4,1,3,Other connected pairs/groups 3,Network Map/People/Cindy Bunch.md,1,0,
person|william e conway jr,William E. Conway Jr,person,,,vault,10,0,2,linked by connectivity pass,Network Map/People/William E. Conway Jr.md,6,0,
org|michigan state university,Michigan State University,org,university/school,,vault,24,0,2,linked by connectivity pass,Network Map/Organizations/Michigan State University.md,3,0,
org|tin star,Tin Star,org,organization,,vault,18,0,2,linked by connectivity pass,Network Map/Organizations/Tin Star.md,4,0,
org|planned parenthood,Planned Parenthood,org,organization,,vault,33,0,2,linked by connectivity pass,Network Map/Organizations/Planned Parenthood.md,4,0,
org|monetary authority of singapore,Monetary Authority of Singapore,org,organization,,vault,29,0,2,linked by connectivity pass,Network Map/Organizations/Monetary Authority of Singapore.md,4,0,
org|thule society,Thule Society,org,society/club,,vault,9,2,3,Other connected pairs/groups 11,Network Map/Organizations/Thule Society.md,2,0,
person|austan goolsbee,Austan Goolsbee,person,,Austan Dean Goolsbee,vault,12,1,2,Other connected pairs/groups 16,Network Map/People/Austan Goolsbee.md,3,0,
person|john king,John King,person,,,vault,30,1,2,Other connected pairs/groups 20,Network Map/People/John King.md,2,0,
org|un foundation,UN Foundation,org,international body,,vault,11,2,2,UN Foundation,Network Map/Organizations/UN Foundation.md,1,0,
person|andrew mccollum,Andrew McCollum,person,,,vault,9,0,2,linked by connectivity pass,Network Map/People/Andrew McCollum.md,3,0,
person|lawrence s hershfield,Lawrence S. Hershfield,person,,,vault,7,1,2,Leucadia,Network Map/People/Lawrence S. Hershfield.md,1,0,
person|steve tisch,Steve Tisch,person,,,vault,22,1,2,Other connected pairs/groups 54,Network Map/People/Steve Tisch.md,5,0,
org|canadian pacific,Canadian Pacific,org,organization,,vault,8,1,2,DM&E,Network Map/Organizations/Canadian Pacific.md,3,0,
person|stanley wojcicki,Stanley Wojcicki,person,,,vault,3,1,2,Other connected pairs/groups 53,Network Map/People/Stanley Wojcicki.md,1,0,
person|john henry,John Henry,person,,,vault,4,1,3,Other connected pairs/groups 39,Network Map/People/John Henry.md,1,0,
person|carla pellegrino,Carla Pellegrino,person,,,vault,4,2,3,Other connected pairs/groups 6,Network Map/People/Carla Pellegrino.md,4,0,
person|al gore,Al Gore,person,,,both,211,2,1,Other connected pairs/groups 12,Network Map/People/Al Gore.md,7,12,
person|rahul verma,Rahul Verma,person,,,vault,3,1,3,Other connected pairs/groups 49,Network Map/People/Rahul Verma.md,1,0,
org|s3 partners,S3 Partners,org,company,,both,24,4,1,S3 Partners,Network Map/Organizations/S3 Partners.md,4,0,
person|melissa lautenberg cifu,Melissa Lautenberg Cifu,person,,,vault,3,0,2,linked by connectivity pass,Network Map/People/Melissa Lautenberg Cifu.md,3,0,
person|fanny kuhn,Fanny Kuhn,person,,,vault,1,1,4,Other connected pairs/groups 32,Network Map/People/Fanny Kuhn.md,1,0,
person|abby rockefeller,Abby Aldrich Rockefeller,person,,Abby Rockefeller,vault,33,0,2,linked by connectivity pass,Network Map/People/Abby Aldrich Rockefeller.md,4,0,
org|ascensus,Ascensus,org,organization,,vault,4,1,2,Other connected pairs/groups 16,Network Map/Organizations/Ascensus.md,2,0,
person|mark zuckerberg,Mark Zuckerberg,person,,Mark Elliot Zuckerberg,both,174,0,1,linked by connectivity pass,Network Map/People/Mark Zuckerberg.md,12,7,
person|charles ayres,Charles Ayres,person,,,vault,3,1,3,Trilantic,Network Map/People/Charles Ayres.md,1,0,
person|andrew stein,Andrew Stein,person,,,vault,3,0,1,linked by connectivity pass,Network Map/People/Andrew Stein.md,4,0,
person|greg becker,Greg Becker,person,,,vault,14,1,2,Other connected pairs/groups 35,Network Map/People/Greg Becker.md,1,0,
person|jennifer granholm,Jennifer Granholm,person,,,vault,11,0,2,linked by connectivity pass,Network Map/People/Jennifer Granholm.md,3,0,
person|richard farson,Richard Farson,person,,,vault,9,1,2,Other connected pairs/groups 52,Network Map/People/Richard Farson.md,1,0,
org|pepsico,PepsiCo,org,organization,PEPSICO; PEPSICO INC,both,48,2,1,Other connected pairs/groups 48,Network Map/Organizations/PepsiCo.md,10,0,
org|reserve officers,Reserve Officers,org,organization,,vault,18,0,2,linked by connectivity pass,Network Map/Organizations/Reserve Officers.md,3,0,
person|wilbur ross,Wilbur Ross,person,,,vault,52,0,2,linked by connectivity pass,Network Map/People/Wilbur Ross.md,4,0,originally-read entity
org|mossad,Mossad,org,organization,,vault,25,0,1,linked by connectivity pass,Network Map/Organizations/Mossad.md,5,0,
org|bcci,BCCI,org,organization,BCCI SA,vault,50,2,1,BCCI,Network Map/Organizations/BCCI.md,5,0,
person|chris coons,Chris Coons,person,,,vault,88,0,2,linked by connectivity pass,Network Map/People/Chris Coons.md,8,0,
org|oxycontin,OxyContin,org,organization,,vault,9,0,2,linked by connectivity pass,Network Map/Organizations/OxyContin.md,4,0,
person|hannah de rothschild,Hannah de Rothschild,person,,,vault,1,1,3,Bullingdon Club,Network Map/People/Hannah de Rothschild.md,1,0,
org|pacific,Pacific Corporation,org,company,PACIFIC; Pacific,vault,5,1,2,Other connected pairs/groups 29,Network Map/Organizations/Pacific Corporation.md,3,0,
person|michael ovitz,Michael Ovitz,person,,Michael Steven Ovitz,both,103,1,1,linked by connectivity pass,Network Map/People/Michael Ovitz.md,3,3,
org|beta gamma sigma,Beta Gamma Sigma,org,greek-letter society,,vault,42,0,2,linked by connectivity pass,Network Map/Organizations/Beta Gamma Sigma.md,9,0,
person|kathy ruemmler,Kathy Ruemmler,person,,Kathryn Ruemmler,both,460,7,1,X posts only,Network Map/People/Kathy Ruemmler.md,12,66,
person|jason horowitz,Jason Horowitz,person,,,vault,19,0,2,linked by connectivity pass,Network Map/People/Jason Horowitz.md,3,0,
org|eli lilly,Eli Lilly,org,organization,,vault,35,0,2,linked by connectivity pass,Network Map/Organizations/Eli Lilly.md,3,0,
person|oladimeji ojo,Oladimeji Ojo,person,,,vault,12,1,1,"Paul, Weiss, Rifkind, Wharton & Garrison",Network Map/People/Oladimeji Ojo.md,1,0,
person|steve olson,Steve Olson,person,,,vault,5,1,2,Other connected pairs/groups 50,Network Map/People/Steve Olson.md,2,0,
person|michael milken,Michael Milken,person,,Michael Robert Milken,vault,19,0,2,linked by connectivity pass,Network Map/People/Michael Milken.md,5,0,
org|capital group,Capital Group,org,company,,vault,21,0,2,linked by connectivity pass,Network Map/Organizations/Capital Group.md,5,0,
org|j p morgan,J.P. Morgan,org,company,J. P. Morgan,both,44,2,1,Other connected pairs/groups 39,Network Map/Organizations/J.P. Morgan.md,4,0,
person|elyakim rubinstein,Elyakim Rubinstein,person,,,vault,7,1,2,Other connected pairs/groups 30,Network Map/People/Elyakim Rubinstein.md,1,0,
org|harvard business,Harvard Business,org,organization,,vault,12,0,2,linked by connectivity pass,Network Map/Organizations/Harvard Business.md,3,0,
org|td ameritrade,TD Ameritrade,org,organization,,vault,53,0,1,linked by connectivity pass,Network Map/Organizations/TD Ameritrade.md,3,0,
org|leventis david group,Leventis-David Group,org,company,,vault,1,1,,Other connected pairs/groups 24,Network Map/Organizations/Leventis-David Group.md,1,0,
org|ubs,UBS,org,organization,UBS AG; UBS Group AG,vault,165,1,1,Swiss Bank Corporation,Network Map/Organizations/UBS.md,29,0,
org|chase manhattan bank,Chase Manhattan Bank,org,company,,vault,21,0,2,linked by connectivity pass,Network Map/Organizations/Chase Manhattan Bank.md,4,0,
org|hotchkiss school,Hotchkiss School,org,university/school,,vault,17,0,2,linked by connectivity pass,Network Map/Organizations/Hotchkiss School.md,3,0,
person|david l house,David L. House,person,,,vault,3,0,3,linked by connectivity pass,Network Map/People/David L. House.md,1,0,originally-read entity
org|paypal,PayPal,org,organization,,vault,22,0,2,linked by connectivity pass,Network Map/Organizations/PayPal.md,3,0,
person|eric warburg,Eric Warburg,person,,,vault,6,1,3,Other connected pairs/groups 29,Network Map/People/Eric Warburg.md,1,0,
org|new york public library,New York Public Library,org,organization,,vault,9,0,2,linked by connectivity pass,Network Map/Organizations/New York Public Library.md,3,0,
person|lance wallnau,Lance Wallnau,person,,,vault,12,0,2,linked by connectivity pass,Network Map/People/Lance Wallnau.md,3,0,
person|gaur radebe,Gaur Radebe,person,,,vault,3,2,2,Other connected pairs/groups 7,Network Map/People/Gaur Radebe.md,1,0,
org|red cross,Red Cross,org,international body,,vault,9,0,2,linked by connectivity pass,Network Map/Organizations/Red Cross.md,7,0,
org|polygram entertainment,PolyGram Entertainment,org,company,,vault,22,0,2,linked by connectivity pass,Network Map/Organizations/PolyGram Entertainment.md,3,0,
person|douglas a warner,Douglas A. Warner,person,,,vault,12,1,2,Other connected pairs/groups 28,Network Map/People/Douglas A. Warner.md,2,0,
person|roy niederhoffer,Roy Niederhoffer,person,,,vault,5,1,3,Other connected pairs/groups 44,Network Map/People/Roy Niederhoffer.md,1,0,
org|google,Google Inc,org,company,"Google, Inc",vault,7,0,2,linked by connectivity pass,Network Map/Organizations/Google Inc.md,3,0,
org|federal reserve bank,Federal Reserve Bank,org,government body,,vault,48,0,1,linked by connectivity pass,Network Map/Organizations/Federal Reserve Bank.md,3,0,
org|american express,American Express,org,organization,,vault,61,4,2,American Express,Network Map/Organizations/American Express.md,9,0,
org|pamukbank,Pamukbank,org,organization,,vault,3,1,3,Halkbank,Network Map/Organizations/Pamukbank.md,1,0,
org|mca universal,MCAUniversal,org,organization,,vault,8,1,2,Other connected pairs/groups 47,Network Map/Organizations/MCAUniversal.md,1,0,
org|dupont,DuPont,org,organization,DUPONT; Du Pont; Dupont,vault,19,2,2,DuPont,Network Map/Organizations/DuPont.md,5,0,
person|bret leas,Bret Leas,person,,,vault,10,1,2,Apollo,Network Map/People/Bret Leas.md,1,0,
person|penny pritzker,Penny Pritzker,person,,,vault,13,0,2,linked by connectivity pass,Network Map/People/Penny Pritzker.md,4,0,
org|o il,O-IL,org,organization,,vault,77,0,2,linked by connectivity pass,Network Map/Organizations/O-IL.md,5,0,
person|eric zinterhofer,Eric Zinterhofer,person,,Eric Louis Zinterhofer,vault,17,1,2,Other connected pairs/groups 30,Network Map/People/Eric Zinterhofer.md,2,0,
person|parker corning,Parker Corning,person,,,vault,10,1,2,U.S. House of Representatives,Network Map/People/Parker Corning.md,1,0,
org|wellcome trust,Wellcome Trust,org,foundation,,vault,13,2,1,Wellcome Trust,Network Map/Organizations/Wellcome Trust.md,5,0,
person|sean fitzpatrick,Sean FitzPatrick,person,,,vault,1,1,,Other connected pairs/groups 15,Network Map/People/Sean FitzPatrick.md,1,0,
org|olympic,Olympic,org,organization,,vault,18,0,2,linked by connectivity pass,Network Map/Organizations/Olympic.md,3,0,
person|jason williamson,Jason Williamson,person,,Jason D. Williamson,vault,11,1,1,"Paul, Weiss, Rifkind, Wharton & Garrison",Network Map/People/Jason Williamson.md,4,0,
person|john kelly,John Kelly,person,,John Hubert Kelly,vault,5,1,2,Other connected pairs/groups 42,Network Map/People/John Kelly.md,2,0,
org|u s army,U.S. Army,org,organization,U.S. ARMY,vault,61,0,2,linked by connectivity pass,Network Map/Organizations/U.S. Army.md,11,0,
person|maurice chessa,Maurice Chessa,person,,,vault,24,0,2,linked by connectivity pass,Network Map/People/Maurice Chessa.md,8,0,
person|maxwell frost,Maxwell Frost,person,,,vault,85,0,2,linked by connectivity pass,Network Map/People/Maxwell Frost.md,7,0,
person|ariel zev emanuel,Ariel Zev Parmar Emanuel,person,,Ariel Zev Emanuel,vault,7,1,2,Other connected pairs/groups 15,Network Map/People/Ariel Zev Parmar Emanuel.md,2,0,
org|rock tech lithium,Rock Tech Lithium,org,organization,,vault,6,1,2,Other connected pairs/groups 10,Network Map/Organizations/Rock Tech Lithium.md,1,0,
person|steve daetz,Steve Daetz,person,,,vault,18,1,2,Other connected pairs/groups 53,Network Map/People/Steve Daetz.md,2,0,
org|apollo,Apollo,org,organization,APOLLO,both,118,6,1,Apollo,Network Map/Organizations/Apollo.md,28,0,
org|irgun,Irgun,org,organization,,vault,18,1,2,Other connected pairs/groups 39,Network Map/Organizations/Irgun.md,6,0,
org|magdalen college,Magdalen College,org,university/school,,vault,20,0,2,linked by connectivity pass,Network Map/Organizations/Magdalen College.md,4,0,
org|credit suisse,Credit Suisse,org,organization,CREDIT SUISSE,vault,105,1,1,Other connected pairs/groups 25,Network Map/Organizations/Credit Suisse.md,18,0,
org|university of st thomas,University of St. Thomas,org,university/school,University of St Thomas,vault,12,0,2,linked by connectivity pass,Network Map/Organizations/University of St. Thomas.md,4,0,
person|david j greenwald,David J. Greenwald,person,,,vault,7,1,2,Fried Frank,Network Map/People/David J. Greenwald.md,1,0,
person|nathan myhrvold,Nathan Myhrvold,person,,,both,146,0,1,linked by connectivity pass,Network Map/People/Nathan Myhrvold.md,4,2,
org|steering committee,Steering Committee,org,NGO/nonprofit/think tank,,vault,16,0,2,linked by connectivity pass,Network Map/Organizations/Steering Committee.md,3,0,
org|universal pictures,Universal Pictures,org,company,,vault,35,0,2,linked by connectivity pass,Network Map/Organizations/Universal Pictures.md,5,0,
org|citi community development,Citi Community Development,org,organization,,vault,8,1,2,Other connected pairs/groups 19,Network Map/Organizations/Citi Community Development.md,2,0,
person|julian huxley,Julian Huxley,person,,Julian Sorell Huxley,vault,14,0,2,linked by connectivity pass,Network Map/People/Julian Huxley.md,7,0,
org|nationsbenefits,NationsBenefits,org,organization,,vault,8,1,3,Other connected pairs/groups 35,Network Map/Organizations/NationsBenefits.md,4,0,
org|bankers trust,Bankers Trust,org,foundation,,vault,15,1,2,Other connected pairs/groups 5,Network Map/Organizations/Bankers Trust.md,3,0,
org|mellon,Mellon,org,organization,MELLON,vault,12,0,2,linked by connectivity pass,Network Map/Organizations/Mellon.md,6,0,
org|alzheimer,Alzheimer,org,organization,,vault,23,0,2,linked by connectivity pass,Network Map/Organizations/Alzheimer.md,3,0,
org|gartner,Gartner,org,organization,,vault,91,0,1,linked by connectivity pass,Network Map/Organizations/Gartner.md,4,0,
person|john collins,John Collins,person,,,vault,39,2,2,Shell,Network Map/People/John Collins.md,2,0,
org|lancaster university,Lancaster University,org,university/school,,vault,12,0,2,linked by connectivity pass,Network Map/Organizations/Lancaster University.md,7,0,
org|jhu aclu,Jhu-Aclu,org,organization,JHU-ACLU,vault,2,1,2,Other connected pairs/groups 16,Network Map/Organizations/Jhu-Aclu.md,1,0,
org|media coalition,Media Coalition,org,company,,vault,1,1,2,Other connected pairs/groups 26,Network Map/Organizations/Media Coalition.md,1,0,
org|ralcorp,Ralcorp,org,organization,,vault,9,1,2,Other connected pairs/groups 41,Network Map/Organizations/Ralcorp.md,1,0,
person|stephen l norris,Stephen L. Norris,person,,,vault,5,0,3,linked by connectivity pass,Network Map/People/Stephen L. Norris.md,4,0,
org|e f hutton and company,"E.F. Hutton & Company, Inc",org,company,,vault,17,0,2,linked by connectivity pass,"Network Map/Organizations/E.F. Hutton & Company, Inc.md",3,0,
org|princeton university,Princeton University,org,university/school,Princeton,vault,122,0,2,linked by connectivity pass,Network Map/Organizations/Princeton University.md,33,0,
org|aspen institute,Aspen Institute,org,NGO/nonprofit/think tank,,vault,6,1,2,Other connected pairs/groups 16,Network Map/Organizations/Aspen Institute.md,6,0,
person|peter scott,Peter Scott,person,,,vault,8,0,2,linked by connectivity pass,Network Map/People/Peter Scott.md,5,0,
org|halkbank,Halkbank,org,organization,,vault,9,2,2,Halkbank,Network Map/Organizations/Halkbank.md,2,0,
person|william knox,William Knox,person,,,vault,11,0,3,linked by connectivity pass,Network Map/People/William Knox.md,4,0,
org|bayer,Bayer,org,organization,Bayer AG,vault,18,1,2,Other connected pairs/groups 17,Network Map/Organizations/Bayer.md,4,0,
org|north atlantic treaty organization,North Atlantic Treaty Organization,org,organization,,vault,15,0,2,linked by connectivity pass,Network Map/Organizations/North Atlantic Treaty Organization.md,4,0,
person|ileana ros-lehtinen,Ileana Ros-Lehtinen,person,,,vault,17,0,2,linked by connectivity pass,Network Map/People/Ileana Ros-Lehtinen.md,4,0,
org|occupation business,Occupation Business,org,organization,,vault,20,0,2,linked by connectivity pass,Network Map/Organizations/Occupation Business.md,3,0,
person|john calvin,John Calvin,person,,,vault,7,0,3,linked by connectivity pass,Network Map/People/John Calvin.md,5,0,
person|samuel liddell macgregor,Samuel Liddell MacGregor,person,,,vault,11,0,3,linked by connectivity pass,Network Map/People/Samuel Liddell MacGregor.md,3,0,
org|j paul getty trust,J. Paul Getty Trust,org,foundation,,vault,7,0,2,linked by connectivity pass,Network Map/Organizations/J. Paul Getty Trust.md,5,0,
org|core club,Core Club,org,society/club,CORE Club; CorE CLUB,vault,19,1,1,Other connected pairs/groups 2,Network Map/Organizations/Core Club.md,4,0,
person|roils biggest,Roils Biggest,person,,,vault,5,1,2,Other connected pairs/groups 52,Network Map/People/Roils Biggest.md,1,0,
person|evelyn de rothschild,Evelyn de Rothschild,person,,Evelyn Robert de Rothschild,vault,13,2,2,Other connected pairs/groups 8,Network Map/People/Evelyn de Rothschild.md,6,0,
person|tobias picker,Tobias Picker,person,,,vault,14,0,3,linked by connectivity pass,Network Map/People/Tobias Picker.md,3,0,
person|seymour milstein,Seymour Milstein,person,,,vault,5,1,2,Other connected pairs/groups 20,Network Map/People/Seymour Milstein.md,2,0,
org|madewell,Madewell,org,organization,,vault,3,1,,Other connected pairs/groups 9,Network Map/Organizations/Madewell.md,1,0,
person|dick cheney,Dick Cheney,person,,,vault,25,1,2,Other connected pairs/groups 27,Network Map/People/Dick Cheney.md,3,0,
person|dawn ostroff,Dawn Ostroff,person,,,vault,9,1,2,Condé Nast,Network Map/People/Dawn Ostroff.md,1,0,
person|ed koch,Ed Koch,person,,,vault,25,0,2,linked by connectivity pass,Network Map/People/Ed Koch.md,3,0,
org|starcom worldwide,Starcom Worldwide,org,organization,,vault,6,1,2,Other connected pairs/groups 51,Network Map/Organizations/Starcom Worldwide.md,2,0,
org|national endowment for the arts,National Endowment for the Arts,org,foundation,,vault,6,0,2,linked by connectivity pass,Network Map/Organizations/National Endowment for the Arts.md,4,0,
person|william grenfell,William Grenfell,person,,,vault,78,1,2,Bullingdon Club,Network Map/People/William Grenfell.md,1,0,
person|leonardo dicaprio,Leonardo DiCaprio,person,,,vault,9,0,2,linked by connectivity pass,Network Map/People/Leonardo DiCaprio.md,3,0,
org|bhb holdings,BHB Holdings,org,company,,vault,7,1,2,Other connected pairs/groups 16,Network Map/Organizations/BHB Holdings.md,1,0,
org|euronext paris,Euronext Paris,org,organization,,vault,7,0,2,linked by connectivity pass,Network Map/Organizations/Euronext Paris.md,3,0,
org|marmon herrington,Marmon-Herrington,org,organization,,vault,5,1,2,Other connected pairs/groups 47,Network Map/Organizations/Marmon-Herrington.md,1,0,
org|abn amro,ABN-AMRO Sa,org,organization,ABN AMRO; ABN-AMRO,vault,10,0,2,linked by connectivity pass,Network Map/Organizations/ABN-AMRO Sa.md,3,0,
org|financial services,Financial Services,org,organization,,vault,5,0,2,linked by connectivity pass,Network Map/Organizations/Financial Services.md,4,0,
person|timothy geithner,Timothy Geithner,person,,Timothy F. Geithner,vault,14,0,2,linked by connectivity pass,Network Map/People/Timothy Geithner.md,3,0,
org|chartered financial analyst,Chartered Financial Analyst,org,organization,,vault,22,0,2,linked by connectivity pass,Network Map/Organizations/Chartered Financial Analyst.md,3,0,
org|ferrari,Ferrari,org,organization,,vault,8,0,2,linked by connectivity pass,Network Map/Organizations/Ferrari.md,3,0,
org|universal lubricants,Universal Lubricants,org,organization,,vault,3,1,2,New Mountain Capital,Network Map/Organizations/Universal Lubricants.md,1,0,
person|tina smith,Tina Smith,person,,,vault,83,0,2,linked by connectivity pass,Network Map/People/Tina Smith.md,7,0,
person|mary french,Mary French,person,,,vault,16,1,2,Other connected pairs/groups 48,Network Map/People/Mary French.md,2,0,
person|peter fleming,Peter Fleming,person,,,vault,84,1,2,Bullingdon Club,Network Map/People/Peter Fleming.md,2,0,
person|jacob schiff,Jacob Schiff,person,,Jacob Henry Schiff,vault,5,0,2,linked by connectivity pass,Network Map/People/Jacob Schiff.md,5,0,
org|pepperdine university,Pepperdine University,org,university/school,,vault,17,0,2,linked by connectivity pass,Network Map/Organizations/Pepperdine University.md,4,0,
org|university of denver,University of Denver,org,university/school,,vault,12,0,2,linked by connectivity pass,Network Map/Organizations/University of Denver.md,4,0,
person|bonnie nettles,Bonnie Nettles,person,,,vault,3,1,3,Other connected pairs/groups 20,Network Map/People/Bonnie Nettles.md,2,0,
org|senate homeland security,Senate Homeland Security,org,government body,,vault,3,1,2,Other connected pairs/groups 34,Network Map/Organizations/Senate Homeland Security.md,1,0,
person|david rubenstein,David Rubenstein,person,,,vault,48,0,2,linked by connectivity pass,Network Map/People/David Rubenstein.md,10,0,
org|blum capital partners,Blum Capital Partners,org,company,,vault,3,1,2,Other connected pairs/groups 1,Network Map/Organizations/Blum Capital Partners.md,2,0,
org|council of advisors on science and technology,Council of Advisors on Science and Technology,org,company,,both,13,4,1,Other connected pairs/groups 25,Network Map/Organizations/Council of Advisors on Science and Technology.md,1,0,
person|michael granoff,Michael Granoff,person,,Michael D. Granoff,vault,4,1,2,Other connected pairs/groups 48,Network Map/People/Michael Granoff.md,2,0,
org|united biomedical,"United Biomedical, Inc",org,company,,vault,1,1,,Other connected pairs/groups 21,"Network Map/Organizations/United Biomedical, Inc.md",1,0,
person|larry summers,Larry Summers,person,,Lawrence H. Summers; Lawrence Summers,both,190,0,1,linked by connectivity pass,Network Map/People/Larry Summers.md,6,10,
person|preet bharara,Preet Bharara,person,,,vault,17,0,2,linked by connectivity pass,Network Map/People/Preet Bharara.md,3,0,
org|lauder business school,Lauder Business School,org,university/school,,vault,2,1,2,Other connected pairs/groups 45,Network Map/Organizations/Lauder Business School.md,1,0,
person|richard fuld,Richard Fuld,person,,Richard S. Fuld; Richard Severin Fuld,vault,46,1,2,Lehman Brothers,Network Map/People/Richard Fuld.md,4,0,
org|guardian media group,Guardian Media Group,org,company,,vault,33,1,2,Other connected pairs/groups 9,Network Map/Organizations/Guardian Media Group.md,2,0,
person|kenneth cole,Kenneth Cole,person,,,vault,15,1,2,Other connected pairs/groups 36,Network Map/People/Kenneth Cole.md,2,0,
org|auburn university,Auburn University,org,university/school,,vault,16,0,2,linked by connectivity pass,Network Map/Organizations/Auburn University.md,3,0,
person|w averell harriman,W. Averell Harriman,person,,,vault,15,0,2,linked by connectivity pass,Network Map/People/W. Averell Harriman.md,3,0,
person|frank j caufield,Frank J. Caufield,person,,,vault,16,0,2,linked by connectivity pass,Network Map/People/Frank J. Caufield.md,3,0,
person|tom cruise,Tom Cruise,person,,,vault,17,0,2,linked by connectivity pass,Network Map/People/Tom Cruise.md,4,0,originally-read entity
person|george washington,George Washington,person,,,vault,19,0,2,linked by connectivity pass,Network Map/People/George Washington.md,8,0,
org|financial conduct authority,Financial Conduct Authority,org,organization,,vault,4,1,2,Other connected pairs/groups 32,Network Map/Organizations/Financial Conduct Authority.md,2,0,
person|darren walker,Darren Walker,person,,,both,40,1,1,Other connected pairs/groups 26,Network Map/People/Darren Walker.md,3,1,
person|josh harris,Josh Harris,person,,,both,65,2,1,Apollo Global Management,Network Map/People/Josh Harris.md,5,4,
person|rose guggenheim,Rose Guggenheim,person,,,vault,8,0,2,linked by connectivity pass,Network Map/People/Rose Guggenheim.md,4,0,
person|francois hollande,Francois Hollande,person,,,vault,22,0,2,linked by connectivity pass,Network Map/People/Francois Hollande.md,4,0,
person|ilhan omar,Ilhan Omar,person,,,both,106,0,1,linked by connectivity pass,Network Map/People/Ilhan Omar.md,8,3,
org|usaid,USAID,org,international body,,both,64,3,1,Other connected pairs/groups 28,Network Map/Organizations/USAID.md,10,0,
person|scott chan,Scott Chan,person,,,vault,12,3,2,Other connected pairs/groups 4,Network Map/People/Scott Chan.md,2,0,
org|omicron delta kappa,Omicron Delta Kappa,org,greek-letter society,,vault,19,0,2,linked by connectivity pass,Network Map/Organizations/Omicron Delta Kappa.md,3,0,
person|aleister crowley,Aleister Crowley,person,,,vault,28,0,2,linked by connectivity pass,Network Map/People/Aleister Crowley.md,14,0,
org|marantz japan,Marantz Japan,org,organization,,vault,6,1,3,Other connected pairs/groups 27,Network Map/Organizations/Marantz Japan.md,1,0,
person|robert de niro,Robert De Niro,person,,Robert Anthony De Niro,vault,21,1,2,Other connected pairs/groups 52,Network Map/People/Robert De Niro.md,7,0,
person|julie iny,Julie Iny,person,,,vault,3,1,2,Other connected pairs/groups 41,Network Map/People/Julie Iny.md,2,0,
person|vladimir putin,Vladimir Putin,person,,,both,114,0,1,linked by connectivity pass,Network Map/People/Vladimir Putin.md,9,4,
person|david lawrence,David Lawrence,person,,,vault,6,0,2,linked by connectivity pass,Network Map/People/David Lawrence.md,4,0,
org|tulco,Tulco,org,organization,Tulco LLC,vault,5,1,3,Other connected pairs/groups 54,Network Map/Organizations/Tulco.md,1,0,
org|federal communications commission,Federal Communications Commission,org,government body,,vault,20,1,2,Other connected pairs/groups 32,Network Map/Organizations/Federal Communications Commission.md,2,0,
org|img models worldwide,IMG Models Worldwide,org,organization,,vault,0,0,,(isolated),Network Map/Organizations/IMG Models Worldwide.md,9,0,
org|salomon brothers,Salomon Brothers,org,company,Salomon Brothers.291,vault,120,1,1,Other connected pairs/groups 53,Network Map/Organizations/Salomon Brothers.md,10,0,
person|preston royxe,Preston Royxe,person,,,vault,0,0,,(isolated),Network Map/People/Preston Royxe.md,3,0,
org|graduate of massachusetts institute of technology,Graduate of Massachusetts Institute of Technology,org,university/school,,vault,5,0,2,linked by connectivity pass,Network Map/Organizations/Graduate of Massachusetts Institute of Technology.md,3,0,
person|antony acland,Antony Acland,person,,,vault,78,1,2,Bullingdon Club,Network Map/People/Antony Acland.md,1,0,
org|georgetown,Georgetown,org,organization,,vault,10,0,2,linked by connectivity pass,Network Map/Organizations/Georgetown.md,3,0,
person|aly khan,Aly Khan,person,,Aly Muhammad Aga Khan,vault,18,0,2,linked by connectivity pass,Network Map/People/Aly Khan.md,4,0,
org|sinn fein,Sinn Féin,org,organization,,vault,2,1,2,Other connected pairs/groups 35,Network Map/Organizations/Sinn Féin.md,1,0,
org|confederacy,Confederacy,org,organization,,vault,8,0,2,linked by connectivity pass,Network Map/Organizations/Confederacy.md,4,0,
org|tandem computers,Tandem Computers,org,organization,,vault,16,1,2,Other connected pairs/groups 24,Network Map/Organizations/Tandem Computers.md,2,0,
org|goodyear,Goodyear,org,organization,,vault,50,0,2,linked by connectivity pass,Network Map/Organizations/Goodyear.md,3,0,
person|dana rohrabacher,Dana Rohrabacher,person,,,vault,4,0,2,linked by connectivity pass,Network Map/People/Dana Rohrabacher.md,3,0,
person|margaret majer,Margaret Majer,person,,,vault,4,1,2,Other connected pairs/groups 42,Network Map/People/Margaret Majer.md,2,0,
org|fidelity investments,Fidelity Investments,org,organization,,vault,16,0,2,linked by connectivity pass,Network Map/Organizations/Fidelity Investments.md,4,0,
org|panetta institute,Panetta Institute,org,NGO/nonprofit/think tank,,vault,8,1,2,Central Intelligence Agency,Network Map/Organizations/Panetta Institute.md,2,0,
person|michael eisner,Michael Eisner,person,,Michael Dammann Eisner,vault,23,1,2,Other connected pairs/groups 28,Network Map/People/Michael Eisner.md,5,0,
org|cabinet office,Cabinet Office,org,organization,,vault,15,0,2,linked by connectivity pass,Network Map/Organizations/Cabinet Office.md,5,0,
person|lucius d clay,Lucius D. Clay,person,,,vault,17,1,2,Other connected pairs/groups 46,Network Map/People/Lucius D. Clay.md,1,0,
person|knut kloster,Knut Kloster,person,,,both,88,1,1,X posts only,Network Map/People/Knut Kloster.md,6,1,
org|burger king,Burger King,org,organization,,vault,35,0,2,linked by connectivity pass,Network Map/Organizations/Burger King.md,3,0,
org|judaism,Judaism,org,organization,,vault,25,0,1,linked by connectivity pass,Network Map/Organizations/Judaism.md,12,0,
person|lisa rochester,Lisa Rochester,person,,,vault,85,0,2,linked by connectivity pass,Network Map/People/Lisa Rochester.md,7,0,
org|fleming family and partners,Fleming Family & Partners,org,company,,vault,73,1,2,Other connected pairs/groups 33,Network Map/Organizations/Fleming Family & Partners.md,2,0,
org|axa,Axa,org,organization,,vault,72,0,1,linked by connectivity pass,Network Map/Organizations/Axa.md,3,0,
person|philip sassoon,Philip Sassoon,person,,,vault,78,1,2,Bullingdon Club,Network Map/People/Philip Sassoon.md,1,0,
person|george floyd,George Floyd,person,,,vault,10,0,2,linked by connectivity pass,Network Map/People/George Floyd.md,5,0,
org|nomura,Nomura,org,organization,,vault,14,0,2,linked by connectivity pass,Network Map/Organizations/Nomura.md,3,0,
person|walter scott,Walter Scott,person,,Walter Montagu Douglas Scott,vault,59,1,2,Bullingdon Club,Network Map/People/Walter Scott.md,2,0,
org|lockheed,Lockheed,org,organization,Lockheed Corporation,vault,12,0,2,linked by connectivity pass,Network Map/Organizations/Lockheed.md,3,0,
person|charles greenway,Charles Greenway,person,,,vault,11,0,3,linked by connectivity pass,Network Map/People/Charles Greenway.md,4,0,
org|beleza natural,Beleza Natural,org,organization,,vault,7,1,2,Other connected pairs/groups 18,Network Map/Organizations/Beleza Natural.md,2,0,
org|international peace institute,International Peace Institute,org,NGO/nonprofit/think tank,,vault,4,0,1,linked by connectivity pass,Network Map/Organizations/International Peace Institute.md,3,0,
person|edward lee,Edward Lee,person,,,vault,4,0,2,linked by connectivity pass,Network Map/People/Edward Lee.md,3,0,
org|merrill lynch and,Merrill Lynch & Co,org,organization,,vault,13,0,2,linked by connectivity pass,Network Map/Organizations/Merrill Lynch & Co.md,4,0,
person|mark tritton,Mark Tritton,person,,,both,203,4,1,X posts only,Network Map/People/Mark Tritton.md,5,19,
person|david saltzman,David Saltzman,person,,,vault,8,0,2,linked by connectivity pass,Network Map/People/David Saltzman.md,7,0,
org|bank of america,Bank of America,org,company,BANK OF AMERICA; Bank Of America Corp; Bank of America Corporation,vault,128,3,2,Bank of America,Network Map/Organizations/Bank of America.md,23,0,
person|ehud barak,Ehud Barak,person,,,both,145,3,1,X posts only,Network Map/People/Ehud Barak.md,5,5,
org|german confederation,German Confederation,org,organization,,vault,1,0,2,linked by connectivity pass,Network Map/Organizations/German Confederation.md,4,0,
org|south puerto rico sugar,South Puerto Rico Sugar,org,organization,,vault,4,1,2,Gulf and Western Industries,Network Map/Organizations/South Puerto Rico Sugar.md,1,0,
person|mervyn solomon,Mervyn Solomon,person,,,vault,7,1,2,Other connected pairs/groups 30,Network Map/People/Mervyn Solomon.md,1,0,
org|vanguard group,Vanguard Group,org,company,Vanguard Group Inc,vault,15,0,2,linked by connectivity pass,Network Map/Organizations/Vanguard Group.md,6,0,
person|delia ramirez,Delia Ramirez,person,,,vault,85,0,2,linked by connectivity pass,Network Map/People/Delia Ramirez.md,7,0,
person|roman martinez,Roman Martinez,person,,Roman Martinez IV Re-Elected,vault,14,1,2,Other connected pairs/groups 51,Network Map/People/Roman Martinez.md,3,0,
org|defense committee,Defense Committee,org,NGO/nonprofit/think tank,,vault,6,0,3,linked by connectivity pass,Network Map/Organizations/Defense Committee.md,1,0,originally-read entity
person|lisa belzberg,Lisa Belzberg,person,,,vault,13,1,2,Other connected pairs/groups 42,Network Map/People/Lisa Belzberg.md,1,0,
person|carolyne roehm,Carolyne Roehm,person,,,vault,11,1,2,Other connected pairs/groups 21,Network Map/People/Carolyne Roehm.md,3,0,
org|longtail re,Longtail Re,org,organization,,vault,17,1,2,Stone Ridge,Network Map/Organizations/Longtail Re.md,1,0,
org|hermetic order of the golden dawn,Hermetic Order of the Golden Dawn,org,society/club,,vault,8,0,3,linked by connectivity pass,Network Map/Organizations/Hermetic Order of the Golden Dawn.md,3,0,
person|samuel graham,Samuel Graham,person,,,vault,10,1,2,Greenbelt Capital Partners,Network Map/People/Samuel Graham.md,1,0,
person|jerry nadler,Jerry Nadler,person,,,vault,85,0,2,linked by connectivity pass,Network Map/People/Jerry Nadler.md,7,0,
org|elon,Elon,org,organization,,both,41,1,1,X posts only,Network Map/Organizations/Elon.md,3,0,
org|atlantic petroleum,Atlantic Petroleum,org,organization,,vault,3,1,3,Other connected pairs/groups 16,Network Map/Organizations/Atlantic Petroleum.md,1,0,
person|harold a loeb,Harold A. Loeb,person,,,vault,7,0,2,linked by connectivity pass,Network Map/People/Harold A. Loeb.md,3,0,
person|robert schiff,Robert Schiff,person,,,vault,10,2,2,Other connected pairs/groups 7,Network Map/People/Robert Schiff.md,1,0,
org|walt disney company,Walt Disney Company,org,company,,vault,69,0,2,linked by connectivity pass,Network Map/Organizations/Walt Disney Company.md,6,0,
person|madeleine albright,Madeleine Albright,person,,,vault,40,0,2,linked by connectivity pass,Network Map/People/Madeleine Albright.md,4,0,
person|paul tudor jones,Paul Tudor Jones,person,,,both,272,4,1,X posts only,Network Map/People/Paul Tudor Jones.md,15,10,
person|martha stewart,Martha Stewart,person,,,vault,15,1,2,Other connected pairs/groups 48,Network Map/People/Martha Stewart.md,4,0,
person|bryan lourd,Bryan Lourd,person,,,vault,11,0,2,linked by connectivity pass,Network Map/People/Bryan Lourd.md,3,0,
org|lazard freres,Lazard Freres,org,organization,,vault,13,2,3,Lazard Freres,Network Map/Organizations/Lazard Freres.md,2,0,
org|new york women,New York Women,org,organization,,vault,15,0,2,linked by connectivity pass,Network Map/Organizations/New York Women.md,3,0,
person|hugh munro-lucas-tooth,Hugh Munro-Lucas-Tooth,person,,,vault,78,1,2,Bullingdon Club,Network Map/People/Hugh Munro-Lucas-Tooth.md,1,0,
org|australian securities exchange,Australian Securities Exchange,org,company,,vault,15,1,2,Other connected pairs/groups 5,Network Map/Organizations/Australian Securities Exchange.md,2,0,
person|frederick russell burnham,Frederick Russell Burnham,person,,,vault,5,0,4,linked by connectivity pass,Network Map/People/Frederick Russell Burnham.md,3,0,
person|peter orlovsky,Peter Orlovsky,person,,,vault,1,0,3,linked by connectivity pass,Network Map/People/Peter Orlovsky.md,3,0,
person|shou zi chew,Shou Zi Chew,person,,,vault,8,1,2,Other connected pairs/groups 53,Network Map/People/Shou Zi Chew.md,1,0,
person|huma abedin,Huma Abedin,person,,,both,144,2,1,X posts only,Network Map/People/Huma Abedin.md,3,6,
person|edward b burling,Edward B. Burling,person,,,vault,6,1,2,Other connected pairs/groups 25,Network Map/People/Edward B. Burling.md,1,0,
person|joseph lauder,Joseph Lauder,person,,,vault,19,1,2,Other connected pairs/groups 31,Network Map/People/Joseph Lauder.md,6,0,
person|tom mullion,Tom Mullion,person,,,vault,11,1,2,Other connected pairs/groups 30,Network Map/People/Tom Mullion.md,1,0,
org|dior,Dior,org,organization,,vault,2,0,3,linked by connectivity pass,Network Map/Organizations/Dior.md,3,0,
person|jeff zients,Jeff Zients,person,,,vault,8,1,2,Other connected pairs/groups 40,Network Map/People/Jeff Zients.md,1,0,
org|university of california berkeley,"University of California, Berkeley",org,university/school,UC Berkeley; University of California Berkeley,both,104,1,1,X posts only,"Network Map/Organizations/University of California, Berkeley.md",19,0,originally-read entity
person|bernard arnault,Bernard Arnault,person,,,vault,16,1,1,Other connected pairs/groups 18,Network Map/People/Bernard Arnault.md,2,0,
org|liverpool homeopathic hospital,Liverpool Homeopathic Hospital,org,organization,,vault,4,1,2,Other connected pairs/groups 42,Network Map/Organizations/Liverpool Homeopathic Hospital.md,1,0,
org|burmah oil,Burmah Oil,org,organization,,vault,6,0,2,linked by connectivity pass,Network Map/Organizations/Burmah Oil.md,3,0,
org|marconi medical systems,Marconi Medical Systems,org,organization,,vault,5,2,3,Marconi Medical Systems,Network Map/Organizations/Marconi Medical Systems.md,1,0,
person|anthony scaramucci,Anthony Scaramucci,person,,,vault,55,1,2,Other connected pairs/groups 1,Network Map/People/Anthony Scaramucci.md,6,0,
person|kay madati,Kay Madati,person,,,vault,2,1,3,Other connected pairs/groups 43,Network Map/People/Kay Madati.md,1,0,
person|linda pritzker,Linda Pritzker,person,,,vault,9,0,2,linked by connectivity pass,Network Map/People/Linda Pritzker.md,3,0,
org|company of the bank of england,Company of the Bank of England,org,company,,vault,1,0,3,linked by connectivity pass,Network Map/Organizations/Company of the Bank of England.md,3,0,
person|james w stone,James W. Stone,person,,,vault,18,3,2,Lehman Brothers,Network Map/People/James W. Stone.md,1,0,
org|nato,NATO,org,international body,,vault,80,0,1,linked by connectivity pass,Network Map/Organizations/NATO.md,10,0,
org|gerrards cross,Gerrards Cross,org,organization,,vault,27,0,2,linked by connectivity pass,Network Map/Organizations/Gerrards Cross.md,4,0,
org|avon,Avon,org,organization,AVON,both,12,2,1,Other connected pairs/groups 16,Network Map/Organizations/Avon.md,2,0,
person|kenneth lampl,Kenneth Lampl,person,,,vault,14,0,3,linked by connectivity pass,Network Map/People/Kenneth Lampl.md,3,0,
org|toigo foundation,Toigo Foundation,org,foundation,,vault,8,1,2,Other connected pairs/groups 4,Network Map/Organizations/Toigo Foundation.md,1,0,
org|partners,Limited Partners,org,company,"Partners, Inc",vault,8,0,3,linked by connectivity pass,Network Map/Organizations/Limited Partners.md,3,0,
person|jami miscik,Jami Miscik,person,,,vault,17,1,2,Other connected pairs/groups 40,Network Map/People/Jami Miscik.md,1,0,
org|gcvo,GCVO,org,organization,,vault,5,0,3,linked by connectivity pass,Network Map/Organizations/GCVO.md,3,0,
org|webb patterson and hadley,"Webb, Patterson & Hadley",org,organization,,vault,2,1,3,Other connected pairs/groups 49,"Network Map/Organizations/Webb, Patterson & Hadley.md",1,0,
org|baghdadi,Baghdadi,org,organization,,vault,70,0,1,linked by connectivity pass,Network Map/Organizations/Baghdadi.md,3,0,
person|bill ford,Bill Ford,person,,,vault,5,1,1,General Atlantic,Network Map/People/Bill Ford.md,1,0,
org|second boer war,Second Boer War,org,organization,Second Boer War!,vault,13,0,3,linked by connectivity pass,Network Map/Organizations/Second Boer War.md,5,0,
person|fareen aga khan,Fareen Aga Khan,person,,,vault,10,1,3,Other connected pairs/groups 32,Network Map/People/Fareen Aga Khan.md,1,0,
person|peter smith,Peter Smith,person,,,vault,14,1,2,Other connected pairs/groups 24,Network Map/People/Peter Smith.md,1,0,
person|michael adelman,Michael Adelman,person,,,vault,4,1,2,S3 Partners,Network Map/People/Michael Adelman.md,1,0,
org|hollywood high school,Hollywood High School,org,university/school,,vault,9,0,3,linked by connectivity pass,Network Map/Organizations/Hollywood High School.md,3,0,
person|margaret thatcher,Margaret Thatcher,person,,Margaret Hilda Thatcher,vault,31,0,2,linked by connectivity pass,Network Map/People/Margaret Thatcher.md,5,0,
org|mobil,Mobil,org,organization,,vault,11,0,1,linked by connectivity pass,Network Map/Organizations/Mobil.md,3,0,
org|starbucks,Starbucks,org,organization,,vault,27,2,2,Starbucks,Network Map/Organizations/Starbucks.md,3,0,
org|u s sales and client strategy,U.S. Sales & Client Strategy,org,organization,,vault,5,1,2,Other connected pairs/groups 43,Network Map/Organizations/U.S. Sales & Client Strategy.md,1,0,
org|daily beast,Daily Beast,org,organization,,vault,6,1,1,Vivendi,Network Map/Organizations/Daily Beast.md,1,0,
org|eib global,EIB Global,org,organization,,vault,2,1,3,Other connected pairs/groups 29,Network Map/Organizations/EIB Global.md,1,0,
org|house of lords,House of Lords,org,government body,,vault,124,1,2,Other connected pairs/groups 33,Network Map/Organizations/House of Lords.md,21,0,
org|societe,Societe,org,organization,SOCIETE,vault,8,0,2,linked by connectivity pass,Network Map/Organizations/Societe.md,3,0,
org|times mirror,Times Mirror,org,organization,Times-Mirror,vault,18,3,2,Times Mirror,Network Map/Organizations/Times Mirror.md,6,0,
org|central powers,Central Powers,org,organization,,vault,9,0,2,linked by connectivity pass,Network Map/Organizations/Central Powers.md,3,0,
person|henry swieca,Henry Swieca,person,,,vault,4,1,2,Other connected pairs/groups 28,Network Map/People/Henry Swieca.md,1,0,
org|university of notre dame,University of Notre Dame,org,university/school,,vault,40,1,2,Kresge Foundation,Network Map/Organizations/University of Notre Dame.md,6,0,
person|joseph di mambro,Joseph Di Mambro,person,,,vault,9,0,2,linked by connectivity pass,Network Map/People/Joseph Di Mambro.md,4,0,
org|wikimedia 2,Wikimedia 2,org,organization,,vault,4,0,2,linked by connectivity pass,Network Map/Organizations/Wikimedia 2.md,3,0,unresolved OCR name
person|richard mack,Richard Mack,person,,,vault,4,1,3,Other connected pairs/groups 47,Network Map/People/Richard Mack.md,2,0,
org|genentech,Genentech,org,organization,,vault,30,1,2,Other connected pairs/groups 34,Network Map/Organizations/Genentech.md,2,0,
org|paul and,Paul &,org,organization,,vault,24,0,1,linked by connectivity pass,Network Map/Organizations/Paul &.md,3,0,
org|division of trading and markets,Division of Trading and Markets,org,organization,Division of Trading & Markets,vault,6,0,2,linked by connectivity pass,Network Map/Organizations/Division of Trading and Markets.md,3,0,
person|jennifer pritzker,Jennifer Pritzker,person,,Jennifer N. Pritzker; Jennifer Natalya Pritzker,vault,9,0,2,linked by connectivity pass,Network Map/People/Jennifer Pritzker.md,4,0,
org|wendy,Wendy,org,organization,,vault,19,0,2,linked by connectivity pass,Network Map/Organizations/Wendy.md,3,0,originally-read entity
org|crescent heights,Crescent Heights,org,organization,,vault,10,0,2,linked by connectivity pass,Network Map/Organizations/Crescent Heights.md,3,0,
org|standard oil,Standard Oil,org,organization,Standard Oil Co; Standard Oil Company; Standard Oil co,vault,50,3,1,Standard Oil,Network Map/Organizations/Standard Oil.md,11,0,
org|exchequer,Exchequer,org,organization,,vault,98,0,2,linked by connectivity pass,Network Map/Organizations/Exchequer.md,8,0,
person|hussain aga khan,Hussain Aga Khan,person,,,vault,10,1,3,Other connected pairs/groups 32,Network Map/People/Hussain Aga Khan.md,1,0,
org|republican national convention,Republican National Convention,org,political organization,,vault,16,0,2,linked by connectivity pass,Network Map/Organizations/Republican National Convention.md,3,0,
person|michel ray popper,Michel Ray Popper,person,,,vault,18,0,2,linked by connectivity pass,Network Map/People/Michel Ray Popper.md,4,0,
org|aipac,AIPAC,org,organization,,vault,9,0,1,linked by connectivity pass,Network Map/Organizations/AIPAC.md,4,0,
org|nycha,NYCHA,org,organization,,vault,2,0,2,linked by connectivity pass,Network Map/Organizations/NYCHA.md,3,0,
person|charles haydon,Charles Haydon,person,,,vault,4,1,3,Other connected pairs/groups 6,Network Map/People/Charles Haydon.md,2,0,
person|dianne feinstein,Dianne Feinstein,person,,Dianne Eeinsteinin,vault,29,1,1,linked by connectivity pass,Network Map/People/Dianne Feinstein.md,6,0,originally-read entity
org|chevron,Chevron,org,organization,Chevron Corporation,vault,57,0,2,linked by connectivity pass,Network Map/Organizations/Chevron.md,5,0,
org|intel,Intel,org,organization,Intel Corporation,both,153,3,1,Other connected pairs/groups 14,Network Map/Organizations/Intel.md,9,0,
org|fellowship,Fellowship,org,organization,,vault,10,0,2,linked by connectivity pass,Network Map/Organizations/Fellowship.md,3,0,
person|vanessa haydon,Vanessa Haydon,person,,,vault,6,0,2,Other connected pairs/groups 8,Network Map/People/Vanessa Haydon.md,1,0,
person|patrick ciganer-albeniz,Patrick Ciganer-Albeniz,person,,,vault,9,0,2,linked by connectivity pass,Network Map/People/Patrick Ciganer-Albeniz.md,3,0,
person|deepak chopra,Deepak Chopra,person,,,both,133,0,1,linked by connectivity pass,Network Map/People/Deepak Chopra.md,4,2,
org|american postal workers union,American Postal Workers Union,org,organization,,vault,10,1,2,Other connected pairs/groups 14,Network Map/Organizations/American Postal Workers Union.md,1,0,
org|kuhn loeb and company,Kuhn Loeb & Company,org,company,,vault,18,1,2,Lehman Brothers,Network Map/Organizations/Kuhn Loeb & Company.md,1,0,
person|alan gayer,Alan Gayer,person,,,vault,6,1,3,Other connected pairs/groups 12,Network Map/People/Alan Gayer.md,1,0,
org|board on,Board on,org,organization,,vault,10,0,2,linked by connectivity pass,Network Map/Organizations/Board on.md,2,0,originally-read entity
org|university of chicago,University of Chicago,org,university/school,Education University of Chicago; UNIVERSITY OF CHICAGO,vault,92,0,2,linked by connectivity pass,Network Map/Organizations/University of Chicago.md,15,0,
org|platinum nightclub,Platinum Nightclub,org,organization,,vault,2,0,3,linked by connectivity pass,Network Map/Organizations/Platinum Nightclub.md,3,0,
org|american jewish committee,American Jewish Committee,org,NGO/nonprofit/think tank,,vault,12,0,2,linked by connectivity pass,Network Map/Organizations/American Jewish Committee.md,5,0,
person|mitt romney,Mitt Romney,person,,,vault,35,0,2,linked by connectivity pass,Network Map/People/Mitt Romney.md,13,0,
org|purdue,Purdue,org,organization,PURDUE,vault,7,0,2,linked by connectivity pass,Network Map/Organizations/Purdue.md,3,0,
person|suzanne cook,Suzanne Cook,person,,,vault,6,1,2,Other connected pairs/groups 40,Network Map/People/Suzanne Cook.md,1,0,
person|roman abramovich,Roman Abramovich,person,,,vault,16,0,1,linked by connectivity pass,Network Map/People/Roman Abramovich.md,3,0,
person|edgar bronfman,Edgar Bronfman,person,,Edgar Miles Bronfman,both,103,2,1,X posts only,Network Map/People/Edgar Bronfman.md,6,5,
person|carla hills,Carla Hills,person,,Carla Anderson Hills,vault,60,0,2,linked by connectivity pass,Network Map/People/Carla Hills.md,4,0,
org|dentons,Dentons,org,organization,,vault,6,0,2,linked by connectivity pass,Network Map/Organizations/Dentons.md,3,0,
org|kappa sigma,Kappa Sigma,org,greek-letter society,,vault,8,0,2,linked by connectivity pass,Network Map/Organizations/Kappa Sigma.md,3,0,
person|alfonso cortina,Alfonso Cortina,person,,,vault,5,1,3,Other connected pairs/groups 12,Network Map/People/Alfonso Cortina.md,1,0,
person|william j burns,William J. Burns,person,,,vault,39,1,1,Central Intelligence Agency,Network Map/People/William J. Burns.md,3,0,
org|saffery,Saffery,org,organization,,vault,7,2,2,Saffery,Network Map/Organizations/Saffery.md,4,0,
org|trilantic,Trilantic,org,organization,TRILANTIC,vault,10,2,3,Trilantic,Network Map/Organizations/Trilantic.md,1,0,
person|charles douglas-home,Charles Douglas-Home,person,,,vault,78,1,2,Bullingdon Club,Network Map/People/Charles Douglas-Home.md,1,0,
org|politico,Politico,org,organization,,vault,16,0,2,linked by connectivity pass,Network Map/Organizations/Politico.md,3,0,
org|sfac new holdings,"SFAC New Holdings, Inc",org,company,"SFAC NEW HOLDINGS, INC",vault,22,0,2,linked by connectivity pass,"Network Map/Organizations/SFAC New Holdings, Inc.md",4,0,
person|michael kerr,Michael Kerr,person,,,vault,78,1,2,Bullingdon Club,Network Map/People/Michael Kerr.md,1,0,
org|american university,American University,org,university/school,,vault,26,0,2,linked by connectivity pass,Network Map/Organizations/American University.md,6,0,
person|mohammed bin salman,Mohammed bin Salman,person,,,both,99,0,1,linked by connectivity pass,Network Map/People/Mohammed bin Salman.md,3,3,
person|rhodes house,Rhodes House,person,,,vault,7,1,2,linked by connectivity pass,Network Map/People/Rhodes House.md,4,0,
org|carnival,Carnival Corporation,org,company,Carnival,both,42,1,1,X posts only,Network Map/Organizations/Carnival Corporation.md,4,0,
org|endeavor,Endeavor,org,organization,,vault,28,1,2,Other connected pairs/groups 15,Network Map/Organizations/Endeavor.md,3,0,
org|conservation international,Conservation International,org,NGO/nonprofit/think tank,,vault,19,0,2,linked by connectivity pass,Network Map/Organizations/Conservation International.md,3,0,
org|founder and chief economist,Co-Founder & Chief Economist,org,organization,,vault,1,0,4,linked by connectivity pass,Network Map/Organizations/Co-Founder & Chief Economist.md,1,0,originally-read entity
org|york capital management,York Capital Management,org,company,,vault,32,1,2,Other connected pairs/groups 40,Network Map/Organizations/York Capital Management.md,3,0,
person|paul helbronner,Paul Helbronner,person,,,vault,13,1,,Other connected pairs/groups 36,Network Map/People/Paul Helbronner.md,1,0,
person|charlene barshefsky,Charlene Barshefsky,person,,,vault,42,0,2,linked by connectivity pass,Network Map/People/Charlene Barshefsky.md,3,0,
person|stafford cripps,Stafford Cripps,person,,,vault,10,1,2,Other connected pairs/groups 41,Network Map/People/Stafford Cripps.md,2,0,
person|thomas lamont,Thomas Lamont,person,,Thomas W. Lamont,both,134,2,1,X posts only,Network Map/People/Thomas Lamont.md,3,2,
org|dubin and swieca capital management,Dubin & Swieca Capital Management,org,company,,vault,4,1,2,Other connected pairs/groups 28,Network Map/Organizations/Dubin & Swieca Capital Management.md,1,0,
person|mike pompeo,Mike Pompeo,person,,,vault,22,0,2,linked by connectivity pass,Network Map/People/Mike Pompeo.md,3,0,
org|world data lab,World Data Lab,org,organization,,vault,5,2,2,World Data Lab,Network Map/Organizations/World Data Lab.md,3,0,
person|marty natalegawa,Marty Natalegawa,person,,Marty M. Natalegawa,vault,7,2,2,Other connected pairs/groups 6,Network Map/People/Marty Natalegawa.md,2,0,
org|region global connecticut,Region Global Connecticut,org,organization,,vault,1,1,3,Other connected pairs/groups 30,Network Map/Organizations/Region Global Connecticut.md,1,0,
person|tracy a atkinson,Tracy A. Atkinson,person,,,vault,3,1,3,Other connected pairs/groups 52,Network Map/People/Tracy A. Atkinson.md,1,0,
org|merck,Merck,org,organization,,vault,15,0,2,linked by connectivity pass,Network Map/Organizations/Merck.md,4,0,
person|sam walton,Sam Walton,person,,,vault,15,2,2,Alpha Kappa Psi,Network Map/People/Sam Walton.md,4,0,
org|duke realty baur,Duke Realty - Baur,org,organization,,vault,1,0,2,linked by connectivity pass,Network Map/Organizations/Duke Realty - Baur.md,5,0,
org|daughters of yahweh community outreach,Daughters of Yahweh Community Outreach,org,organization,,vault,3,1,,Other connected pairs/groups 26,Network Map/Organizations/Daughters of Yahweh Community Outreach.md,1,0,
person|andrew ali embiricos,Andrew Ali Embiricos,person,,,vault,10,1,3,Other connected pairs/groups 14,Network Map/People/Andrew Ali Embiricos.md,1,0,
org|world steel association,World Steel Association,org,NGO/nonprofit/think tank,,vault,5,0,3,linked by connectivity pass,Network Map/Organizations/World Steel Association.md,3,0,
person|ernestine dupont,Ernestine DuPont,person,,,vault,13,1,,Other connected pairs/groups 13,Network Map/People/Ernestine DuPont.md,1,0,
org|science and corporate communications,Science & Corporate Communications,org,organization,,vault,17,1,2,linked by connectivity pass,Network Map/Organizations/Science & Corporate Communications.md,1,0,originally-read entity
org|university of ottawa,University of Ottawa,org,university/school,Education University of Ottawa,vault,15,0,2,linked by connectivity pass,Network Map/Organizations/University of Ottawa.md,5,0,
person|andy warhol,Andy Warhol,person,,,both,49,1,2,Other connected pairs/groups 15,Network Map/People/Andy Warhol.md,24,2,
org|forbes,Forbes,org,organization,FORBES,vault,163,0,1,linked by connectivity pass,Network Map/Organizations/Forbes.md,38,0,
person|bernie marcus,Bernie Marcus,person,,,vault,12,1,2,Alpha Kappa Psi,Network Map/People/Bernie Marcus.md,1,0,
person|maria theresa,Maria Theresa,person,,,vault,8,1,3,Other connected pairs/groups 47,Network Map/People/Maria Theresa.md,11,0,
org|petrochina,PetroChina,org,organization,,vault,33,1,2,Other connected pairs/groups 9,Network Map/Organizations/PetroChina.md,2,0,
person|wavy gravy,Wavy Gravy,person,,,vault,16,0,2,linked by connectivity pass,Network Map/People/Wavy Gravy.md,4,0,
org|u s securities and exchange commission,U.S. Securities and Exchange Commission,org,government body,SEC; Sec; Securities and Exchange Commission; US Securities and Exchange Commission,vault,203,7,1,U.S. Securities and Exchange Commission,Network Map/Organizations/U.S. Securities and Exchange Commission.md,67,0,
person|joe kiani,Joe Kiani,person,,,both,17,4,2,Other connected pairs/groups 41,Network Map/People/Joe Kiani.md,7,2,
org|national science foundation,National Science Foundation,org,foundation,,vault,13,0,2,linked by connectivity pass,Network Map/Organizations/National Science Foundation.md,4,0,
person|brad karp,Brad Karp,person,,,both,114,2,1,X posts only,Network Map/People/Brad Karp.md,3,15,originally-read entity
person|yves saint laurent,Yves Saint Laurent,person,,,vault,7,0,3,linked by connectivity pass,Network Map/People/Yves Saint Laurent.md,3,0,
person|paul polman,Paul Polman,person,,,vault,18,1,2,Unilever,Network Map/People/Paul Polman.md,2,0,
person|roger sherman,Roger Sherman,person,,,vault,15,1,2,Other connected pairs/groups 31,Network Map/People/Roger Sherman.md,2,0,
org|media burn,Media Burn,org,company,,vault,3,1,2,Other connected pairs/groups 25,Network Map/Organizations/Media Burn.md,1,0,
org|exxonmobil,ExxonMobil,org,organization,Exxon; Exxon Corporation; ExxonMobil Corporation,both,51,1,1,X posts only,Network Map/Organizations/ExxonMobil.md,10,0,
org|inclusive capital partners,Inclusive Capital Partners,org,company,,vault,3,1,2,Other connected pairs/groups 38,Network Map/Organizations/Inclusive Capital Partners.md,2,0,
person|darius guppy,Darius Guppy,person,,,vault,78,1,2,Bullingdon Club,Network Map/People/Darius Guppy.md,2,0,
person|leonid bershidsky,Leonid Bershidsky,person,,,vault,5,1,2,Other connected pairs/groups 45,Network Map/People/Leonid Bershidsky.md,1,0,
org|haym salomon,Haym Salomon,org,organization,,vault,11,0,2,linked by connectivity pass,Network Map/Organizations/Haym Salomon.md,4,0,
person|william howard taft,William Howard Taft,person,,William H. Taft,vault,20,0,2,linked by connectivity pass,Network Map/People/William Howard Taft.md,5,0,
org|meta platforms,Meta Platforms,org,organization,,vault,17,1,2,Goldman Sachs,Network Map/Organizations/Meta Platforms.md,4,0,
person|roderick maltman hills,Roderick Maltman Hills,person,,Roderick M. Hills,vault,16,1,2,U.S. Securities and Exchange Commission,Network Map/People/Roderick Maltman Hills.md,1,0,
org|assembly,Assembly,org,organization,ASSEMBLY,vault,18,0,2,linked by connectivity pass,Network Map/Organizations/Assembly.md,4,0,
person|kenneth fuchs,Kenneth Fuchs,person,,,vault,14,0,3,linked by connectivity pass,Network Map/People/Kenneth Fuchs.md,3,0,
org|westminster school,Westminster School,org,university/school,,vault,7,0,2,linked by connectivity pass,Network Map/Organizations/Westminster School.md,3,0,
org|catz,Catz,org,organization,,vault,8,0,2,linked by connectivity pass,Network Map/Organizations/Catz.md,1,0,originally-read entity
org|foro,Foro,org,organization,,vault,0,0,,(isolated),Network Map/Organizations/Foro.md,3,0,
org|university of north carolina,University of North Carolina,org,university/school,,vault,26,0,2,linked by connectivity pass,Network Map/Organizations/University of North Carolina.md,6,0,
person|robert andrews millikan,Robert Andrews Millikan,person,,,vault,15,1,2,Other connected pairs/groups 21,Network Map/People/Robert Andrews Millikan.md,1,0,
person|will smith,Will Smith,person,,,vault,11,0,2,linked by connectivity pass,Network Map/People/Will Smith.md,3,0,
org|united states trade representative,United States Trade Representative,org,organization,,vault,28,0,2,linked by connectivity pass,Network Map/Organizations/United States Trade Representative.md,3,0,
person|rob katz,Rob Katz,person,,,vault,13,2,2,Apollo,Network Map/People/Rob Katz.md,1,0,
org|partner and head,Partner & Head,org,organization,,vault,20,0,2,linked by connectivity pass,Network Map/Organizations/Partner & Head.md,2,0,originally-read entity
org|l f rothschild and,L.F. Rothschild & Co,org,organization,L. F. Rothschild!'41,both,37,3,1,Other connected pairs/groups 44,Network Map/Organizations/L.F. Rothschild & Co.md,2,0,
org|gsma,GSMA,org,organization,,vault,27,1,2,Other connected pairs/groups 15,Network Map/Organizations/GSMA.md,1,0,
org|hospital for sick children,Hospital for Sick Children,org,organization,,vault,6,1,3,Other connected pairs/groups 12,Network Map/Organizations/Hospital for Sick Children.md,1,0,
org|bridgestone,Bridgestone,org,organization,,vault,48,0,2,linked by connectivity pass,Network Map/Organizations/Bridgestone.md,3,0,
org|cornell,Cornell,org,organization,,vault,20,0,2,linked by connectivity pass,Network Map/Organizations/Cornell.md,5,0,
org|synagogue council of america,Synagogue Council of America,org,NGO/nonprofit/think tank,,vault,14,1,2,Lehman Brothers,Network Map/Organizations/Synagogue Council of America.md,2,0,
person|rashida tlaib,Rashida Tlaib,person,,,vault,83,0,2,linked by connectivity pass,Network Map/People/Rashida Tlaib.md,4,0,
org|gtcr,GTCR,org,organization,,vault,7,2,2,GTCR,Network Map/Organizations/GTCR.md,1,0,
org|phi beta kappa,Phi Beta Kappa,org,greek-letter society,,vault,33,0,2,linked by connectivity pass,Network Map/Organizations/Phi Beta Kappa.md,16,0,
person|abigail greene,Abigail Greene,person,,,vault,30,0,2,linked by connectivity pass,Network Map/People/Abigail Greene.md,3,0,
org|michelin,Michelin,org,organization,,vault,47,0,2,linked by connectivity pass,Network Map/Organizations/Michelin.md,3,0,
person|bettij elias,Bettij Elias,person,,,vault,7,1,3,Other connected pairs/groups 11,Network Map/People/Bettij Elias.md,1,0,
person|lance whitehead,Lance Whitehead,person,,,vault,9,0,2,linked by connectivity pass,Network Map/People/Lance Whitehead.md,4,0,
org|royal academy trust,Royal Academy Trust,org,university/school,,vault,15,1,2,Other connected pairs/groups 5,Network Map/Organizations/Royal Academy Trust.md,2,0,
org|department of athletics,Department of Athletics,org,government body,,vault,1,1,,Other connected pairs/groups 27,Network Map/Organizations/Department of Athletics.md,1,0,
org|global head,Global Head,org,organization,Global Co-Head,vault,5,0,2,linked by connectivity pass,Network Map/Organizations/Global Head.md,3,0,
person|paul deighton,Paul Deighton,person,,Paul Clive Deighton,vault,6,2,2,Other connected pairs/groups 8,Network Map/People/Paul Deighton.md,3,0,
person|marcus daly,Marcus Daly,person,,,vault,5,1,3,Other connected pairs/groups 34,Network Map/People/Marcus Daly.md,1,0,
org|lvmh,LVMH,org,organization,,vault,24,1,1,Other connected pairs/groups 18,Network Map/Organizations/LVMH.md,5,0,
org|rockresorts,RockResorts,org,organization,,vault,9,1,2,Vail Resorts,Network Map/Organizations/RockResorts.md,1,0,
org|grameen bank,Grameen Bank,org,company,,vault,13,1,2,Other connected pairs/groups 35,Network Map/Organizations/Grameen Bank.md,7,0,
org|junior chamber,Junior Chamber,org,organization,,vault,7,1,2,Other connected pairs/groups 35,Network Map/Organizations/Junior Chamber.md,1,0,
org|rothschild investment trust,Rothschild Investment Trust,org,foundation,,vault,15,1,2,Other connected pairs/groups 8,Network Map/Organizations/Rothschild Investment Trust.md,3,0,
person|j p morgan jr,J. P. Morgan Jr,person,,,vault,5,0,2,linked by connectivity pass,Network Map/People/J. P. Morgan Jr.md,3,0,
person|stefan krause,Stefan Krause,person,,,vault,7,2,1,Other connected pairs/groups 10,Network Map/People/Stefan Krause.md,2,0,
person|hosni mubarak,Hosni Mubarak,person,,,vault,5,0,,linked by connectivity pass,Network Map/People/Hosni Mubarak.md,3,0,
person|francisco mendes,Francisco Mendes,person,,,vault,3,0,,linked by connectivity pass,Network Map/People/Francisco Mendes.md,3,0,
org|wildlife conservation society,Wildlife Conservation Society,org,society/club,,vault,25,0,2,linked by connectivity pass,Network Map/Organizations/Wildlife Conservation Society.md,5,0,
org|rice university,Rice University,org,university/school,,vault,34,1,2,Other connected pairs/groups 27,Network Map/Organizations/Rice University.md,3,0,
person|thomas bloodworth,Thomas Bloodworth,person,,,vault,3,1,3,Other connected pairs/groups 29,Network Map/People/Thomas Bloodworth.md,4,0,
person|ted turner,Ted Turner,person,,,both,20,2,1,UN Foundation,Network Map/People/Ted Turner.md,6,4,
person|david faber,David Faber,person,,,vault,78,1,2,Bullingdon Club,Network Map/People/David Faber.md,1,0,
person|anthony salz,Anthony Salz,person,,,vault,15,1,2,Other connected pairs/groups 15,Network Map/People/Anthony Salz.md,2,0,
org|university college dublin,University College Dublin,org,university/school,Education University College Dublin,vault,7,0,2,linked by connectivity pass,Network Map/Organizations/University College Dublin.md,3,0,
person|rashid qurbanbekov,Rashid Qurbanbekov,person,,,vault,8,1,2,Other connected pairs/groups 47,Network Map/People/Rashid Qurbanbekov.md,2,0,
org|us army,US Army,org,organization,,vault,5,0,3,linked by connectivity pass,Network Map/Organizations/US Army.md,3,0,
person|golden dawn,Golden Dawn,person,,,vault,9,0,3,linked by connectivity pass,Network Map/People/Golden Dawn.md,3,0,
person|susie wiles,Susie Wiles,person,,,both,19,1,1,White House,Network Map/People/Susie Wiles.md,2,1,
org|patricof and,Patricof & Co,org,organization,,vault,5,1,2,Other connected pairs/groups 4,Network Map/Organizations/Patricof & Co.md,1,0,
org|cecilia,Cécilia,org,organization,,vault,9,0,2,linked by connectivity pass,Network Map/Organizations/Cécilia.md,3,0,
person|dalai lama,Dalai Lama,person,,,vault,10,0,2,linked by connectivity pass,Network Map/People/Dalai Lama.md,6,0,
org|harvard business review,Harvard Business Review,org,organization,,vault,11,0,2,linked by connectivity pass,Network Map/Organizations/Harvard Business Review.md,3,0,
org|national youngarts foundation,National YoungArts Foundation,org,foundation,,vault,8,1,2,Other connected pairs/groups 2,Network Map/Organizations/National YoungArts Foundation.md,3,0,
org|new york state assembly,New York State Assembly,org,organization,,vault,13,1,1,Other connected pairs/groups 29,Network Map/Organizations/New York State Assembly.md,2,0,
person|charles h townsend,Charles H. Townsend,person,,,vault,9,1,2,Condé Nast,Network Map/People/Charles H. Townsend.md,1,0,
org|shoe of canada,Shoe Corporation of Canada,org,company,,vault,10,1,2,Other connected pairs/groups 7,Network Map/Organizations/Shoe Corporation of Canada.md,1,0,
person|edward wood,Edward Wood,person,,,vault,78,1,2,Bullingdon Club,Network Map/People/Edward Wood.md,1,0,
person|isaac halphen,Isaac Halphen,person,,,vault,13,1,,Other connected pairs/groups 39,Network Map/People/Isaac Halphen.md,1,0,
person|n edie lutnick,N. Edie Lutnick,person,,,vault,3,0,3,linked by connectivity pass,Network Map/People/N. Edie Lutnick.md,3,0,
org|harvard kennedy school,Harvard Kennedy School,org,university/school,,vault,18,0,2,linked by connectivity pass,Network Map/Organizations/Harvard Kennedy School.md,4,0,
org|areva,AREVA,org,organization,Areva,both,54,2,1,Other connected pairs/groups 10,Network Map/Organizations/AREVA.md,3,0,
org|compaq,Compaq,org,organization,,vault,23,1,2,Other connected pairs/groups 24,Network Map/Organizations/Compaq.md,2,0,
org|swarthmore college,Swarthmore College,org,university/school,Education Swarthmore College,vault,25,0,2,linked by connectivity pass,Network Map/Organizations/Swarthmore College.md,4,0,
person|mark pocan,Mark Pocan,person,,,vault,83,0,2,linked by connectivity pass,Network Map/People/Mark Pocan.md,6,0,
person|robert rosenman,Robert Rosenman,person,,,vault,11,1,2,Other connected pairs/groups 25,Network Map/People/Robert Rosenman.md,1,0,
org|national endowment for the humanities,National Endowment for the Humanities,org,foundation,,vault,11,0,2,linked by connectivity pass,Network Map/Organizations/National Endowment for the Humanities.md,3,0,
person|peter thiel,Peter Thiel,person,,Peter Andreas Thiel,both,143,0,1,linked by connectivity pass,Network Map/People/Peter Thiel.md,5,2,
person|josh empson,Josh Empson,person,,,vault,17,1,2,Other connected pairs/groups 43,Network Map/People/Josh Empson.md,1,0,
org|metlife,MetLife,org,organization,MetLife Inc; MetLife Inc $,vault,13,0,2,linked by connectivity pass,Network Map/Organizations/MetLife.md,3,0,
org|new world symphony,New World Symphony,org,organization,,vault,10,1,2,Other connected pairs/groups 2,Network Map/Organizations/New World Symphony.md,2,0,
org|society of american magicians,Society of American Magicians,org,society/club,,vault,3,0,2,linked by connectivity pass,Network Map/Organizations/Society of American Magicians.md,4,0,
org|o ny,O-NY,org,organization,,vault,0,0,,(isolated),Network Map/Organizations/O-NY.md,4,0,
org|superintendent of finance,Superintendent of Finance,org,organization,,vault,12,0,2,linked by connectivity pass,Network Map/Organizations/Superintendent of Finance.md,4,0,
person|isaac sackler,Isaac Sackler,person,,,vault,9,1,2,Other connected pairs/groups 39,Network Map/People/Isaac Sackler.md,2,0,
org|world economic forum,World Economic Forum,org,international body,WEF,vault,15,0,2,linked by connectivity pass,Network Map/Organizations/World Economic Forum.md,4,0,
org|mci,"MCI, Inc",org,company,MCI Inc,vault,48,1,1,Other connected pairs/groups 47,"Network Map/Organizations/MCI, Inc.md",3,0,
org|lambda legal,Lambda Legal,org,organization,,vault,8,0,2,linked by connectivity pass,Network Map/Organizations/Lambda Legal.md,3,0,
org|house of commons,House of Commons,org,government body,,vault,21,0,2,linked by connectivity pass,Network Map/Organizations/House of Commons.md,9,0,
person|doug cifu,Doug Cifu,person,,,both,305,9,1,X posts only,Network Map/People/Doug Cifu.md,5,71,
person|tamara yevgenyevna,Tamara Yevgenyevna,person,,,vault,5,1,3,Other connected pairs/groups 54,Network Map/People/Tamara Yevgenyevna.md,1,0,
person|pramila jayapal,Pramila Jayapal,person,,,vault,83,0,2,linked by connectivity pass,Network Map/People/Pramila Jayapal.md,7,0,
org|viad,Viad Corp,org,company,,vault,3,0,3,linked by connectivity pass,Network Map/Organizations/Viad Corp.md,3,0,
org|tribeca enterprises,Tribeca Enterprises,org,company,,vault,18,1,2,Other connected pairs/groups 1,Network Map/Organizations/Tribeca Enterprises.md,4,0,
org|council of the americas,Council of the Americas,org,NGO/nonprofit/think tank,,vault,15,1,2,Other connected pairs/groups 25,Network Map/Organizations/Council of the Americas.md,1,0,
person|sharon springer,Sharon Springer,person,,,vault,5,1,2,Warner Bros,Network Map/People/Sharon Springer.md,1,0,
person|leslie wexner,Leslie Wexner,person,,Les Wexner; Leslie Herbert Wexner,both,236,3,1,X posts only,Network Map/People/Leslie Wexner.md,9,22,
org|deloitte haskins and sells,Deloitte Haskins & Sells,org,organization,"Deloitte, Haskins, & Sells",vault,22,2,2,Deloitte Haskins & Sells,Network Map/Organizations/Deloitte Haskins & Sells.md,2,0,
person|siegmund warburg,Siegmund Warburg,person,,,vault,5,0,2,linked by connectivity pass,Network Map/People/Siegmund Warburg.md,3,0,
person|sandy berger,Sandy Berger,person,,,both,57,0,1,linked by connectivity pass,Network Map/People/Sandy Berger.md,5,2,
person|bob woodward,Bob Woodward,person,,,vault,54,0,2,linked by connectivity pass,Network Map/People/Bob Woodward.md,3,0,
person|bob iger,Bob Iger,person,,,vault,49,0,2,linked by connectivity pass,Network Map/People/Bob Iger.md,4,0,
org|beta theta pi,Beta Theta Pi,org,greek-letter society,,vault,9,0,2,linked by connectivity pass,Network Map/Organizations/Beta Theta Pi.md,5,0,
person|moses angel,Moses Angel,person,,,vault,3,0,2,linked by connectivity pass,Network Map/People/Moses Angel.md,3,0,
org|university relations and communications,University Relations and Communications,org,university/school,,vault,6,1,2,linked by connectivity pass,Network Map/Organizations/University Relations and Communications.md,1,0,originally-read entity
person|marcie frost,Marcie Frost,person,,,vault,1,1,,Other connected pairs/groups 21,Network Map/People/Marcie Frost.md,1,0,
org|audit and finance committee,Audit and Finance Committee,org,NGO/nonprofit/think tank,,vault,13,0,2,linked by connectivity pass,Network Map/Organizations/Audit and Finance Committee.md,3,0,
org|hermetic,Hermetic,org,organization,,vault,6,0,2,linked by connectivity pass,Network Map/Organizations/Hermetic.md,7,0,
org|ibm,IBM,org,organization,IBM Corp,vault,60,0,2,linked by connectivity pass,Network Map/Organizations/IBM.md,10,0,
org|universal studios,Universal Studios,org,company,,vault,43,1,2,Other connected pairs/groups 53,Network Map/Organizations/Universal Studios.md,7,0,
person|frank pellegrino jr,Frank Pellegrino Jr,person,,,vault,2,2,4,Other connected pairs/groups 6,Network Map/People/Frank Pellegrino Jr.md,3,0,
org|banco garantia,Banco Garantia,org,organization,,vault,16,1,2,Other connected pairs/groups 17,Network Map/Organizations/Banco Garantia.md,1,0,
person|pete buttigieg,Pete Buttigieg,person,,,vault,37,0,2,linked by connectivity pass,Network Map/People/Pete Buttigieg.md,3,0,
org|sarah scaife foundation,Sarah Scaife Foundation,org,foundation,,vault,7,0,2,linked by connectivity pass,Network Map/Organizations/Sarah Scaife Foundation.md,4,0,
person|danielle beasley,Danielle Beasley,person,,,vault,3,1,,Other connected pairs/groups 26,Network Map/People/Danielle Beasley.md,1,0,
person|cecilia attias,Cecilia Attias,person,,,vault,9,0,2,linked by connectivity pass,Network Map/People/Cecilia Attias.md,3,0,
person|martin heinrich,Martin Heinrich,person,,,vault,85,0,2,linked by connectivity pass,Network Map/People/Martin Heinrich.md,7,0,
org|lion king,Lion King,org,organization,,vault,12,0,2,linked by connectivity pass,Network Map/Organizations/Lion King.md,3,0,
org|partnership for excellence,Partnership for Excellence,org,organization,,vault,15,0,1,linked by connectivity pass,Network Map/Organizations/Partnership for Excellence.md,3,0,
org|wayne state university,Wayne State University,org,university/school,,vault,23,1,2,Kresge Foundation,Network Map/Organizations/Wayne State University.md,2,0,
org|new york world,New York World,org,organization,,vault,5,0,2,linked by connectivity pass,Network Map/Organizations/New York World.md,3,0,
person|sanford weill,Sanford Weill,person,,Sanford I. Weill,vault,6,0,2,linked by connectivity pass,Network Map/People/Sanford Weill.md,3,0,
person|lisa new,Lisa New,person,,,both,61,0,1,linked by connectivity pass,Network Map/People/Lisa New.md,3,8,
org|school of law,School of Law,org,university/school,,vault,20,0,2,linked by connectivity pass,Network Map/Organizations/School of Law.md,3,0,
org|council on foreign relations,Council on Foreign Relations,org,NGO/nonprofit/think tank,CFR,both,216,2,1,Council on Foreign Relations,Network Map/Organizations/Council on Foreign Relations.md,37,0,
org|charles koch institute,Charles Koch Institute,org,NGO/nonprofit/think tank,,vault,12,0,2,linked by connectivity pass,Network Map/Organizations/Charles Koch Institute.md,4,0,
person|dannel malloy,Dannel Malloy,person,,Dannel Patrick Malloy,both,131,1,1,X posts only,Network Map/People/Dannel Malloy.md,4,2,
person|joseph d kearney,Joseph D. Kearney,person,,,vault,16,1,2,Other connected pairs/groups 43,Network Map/People/Joseph D. Kearney.md,1,0,
org|syracuse university,Syracuse University,org,university/school,,vault,44,0,2,linked by connectivity pass,Network Map/Organizations/Syracuse University.md,7,0,
org|well good,Well+Good,org,organization,,vault,9,0,2,linked by connectivity pass,Network Map/Organizations/Well+Good.md,3,0,
org|foreign affairs,Foreign Affairs,org,organization,,vault,14,0,2,linked by connectivity pass,Network Map/Organizations/Foreign Affairs.md,3,0,
org|pine river capital management,Pine River Capital Management,org,company,,vault,15,1,2,Other connected pairs/groups 51,Network Map/Organizations/Pine River Capital Management.md,1,0,
org|fannie mae,Fannie Mae,org,organization,,vault,30,0,2,linked by connectivity pass,Network Map/Organizations/Fannie Mae.md,3,0,
org|paribas,Paribas,org,organization,,vault,37,0,2,linked by connectivity pass,Network Map/Organizations/Paribas.md,3,0,
person|william knapp,William Knapp,person,,,vault,25,0,2,linked by connectivity pass,Network Map/People/William Knapp.md,3,0,
org|world jewish congress,World Jewish Congress,org,government body,,vault,20,1,2,Other connected pairs/groups 30,Network Map/Organizations/World Jewish Congress.md,3,0,
org|news and commentary,News & Commentary,org,organization,NEWS & COMMENTARY,vault,7,0,2,linked by connectivity pass,Network Map/Organizations/News & Commentary.md,3,0,
person|edward markey,Edward Markey,person,,,vault,85,0,2,linked by connectivity pass,Network Map/People/Edward Markey.md,7,0,
person|matilda cuomo,Matilda Cuomo,person,,,vault,3,1,4,Other connected pairs/groups 48,Network Map/People/Matilda Cuomo.md,1,0,
org|knicks,Knicks,org,organization,,vault,11,0,2,linked by connectivity pass,Network Map/Organizations/Knicks.md,3,0,
person|edward burne-jones,Edward Burne-Jones,person,,Edward Coley Burne-Jones,vault,9,0,2,linked by connectivity pass,Network Map/People/Edward Burne-Jones.md,3,0,
org|citadel,Citadel,org,organization,CITADEL,vault,29,1,1,Other connected pairs/groups 23,Network Map/Organizations/Citadel.md,3,0,
person|sol kerzner,Sol Kerzner,person,,,both,34,0,1,linked by connectivity pass,Network Map/People/Sol Kerzner.md,4,2,
person|masjed soleiman,Masjed Soleiman,person,,,vault,11,0,3,linked by connectivity pass,Network Map/People/Masjed Soleiman.md,3,0,
org|usibc,USIBC,org,organization,,vault,11,1,2,Other connected pairs/groups 38,Network Map/Organizations/USIBC.md,1,0,
org|phi gamma delta,Phi Gamma Delta,org,greek-letter society,,vault,14,1,2,Other connected pairs/groups 22,Network Map/Organizations/Phi Gamma Delta.md,4,0,
person|pierre omidyar,Pierre Omidyar,person,,Pierre Morad Omidyar,both,56,1,1,X posts only,Network Map/People/Pierre Omidyar.md,6,3,
org|bainco international investors,Bainco International Investors,org,NGO/nonprofit/think tank,,vault,3,1,1,Other connected pairs/groups 17,Network Map/Organizations/Bainco International Investors.md,2,0,
person|veronica escobar,Veronica Escobar,person,,,vault,83,0,2,linked by connectivity pass,Network Map/People/Veronica Escobar.md,7,0,
org|wood,Wood,org,organization,,vault,6,0,2,linked by connectivity pass,Network Map/Organizations/Wood.md,4,0,
org|bank of england,Bank of England,org,company,,vault,54,1,2,linked by connectivity pass,Network Map/Organizations/Bank of England.md,7,0,
org|mc2 model management,MC2 Model Management,org,company,,vault,3,0,1,linked by connectivity pass,Network Map/Organizations/MC2 Model Management.md,3,0,
person|theodore newman kaufman,Theodore Newman Kaufman,person,,Theodore N. Kaufman,vault,0,0,,(isolated),Network Map/People/Theodore Newman Kaufman.md,3,0,
person|amasa j parker,Amasa J. Parker,person,,,vault,13,1,2,Congress,Network Map/People/Amasa J. Parker.md,1,0,
person|leonard darwin,Leonard Darwin,person,,,vault,3,1,3,Other connected pairs/groups 6,Network Map/People/Leonard Darwin.md,1,0,
person|laurance rockefeller,Laurance Spelman Rockefeller,person,,Laurance Rockefeller; Laurance S. Rockefeller,vault,19,0,2,linked by connectivity pass,Network Map/People/Laurance Spelman Rockefeller.md,4,0,
org|davita healthcare partners,DaVita HealthCare Partners,org,company,,vault,13,0,2,linked by connectivity pass,Network Map/Organizations/DaVita HealthCare Partners.md,3,0,
person|lucy diana,Lucy Diana,person,,,vault,6,1,2,Other connected pairs/groups 37,Network Map/People/Lucy Diana.md,1,0,
person|nelson mandela,Nelson Mandela,person,,Nelson Rolihlahla Mandela,both,31,2,1,X posts only,Network Map/People/Nelson Mandela.md,12,4,
person|sacks oliver,Sacks Oliver,person,,,vault,1,0,,linked by connectivity pass,Network Map/People/Sacks Oliver.md,3,0,
org|ordre du temple,Ordre du Temple,org,organization,,vault,13,0,2,linked by connectivity pass,Network Map/Organizations/Ordre du Temple.md,3,0,
person|mallika chopra,Mallika Chopra,person,,,vault,5,0,2,linked by connectivity pass,Network Map/People/Mallika Chopra.md,3,0,
org|pike,Pike,org,organization,,vault,3,0,3,linked by connectivity pass,Network Map/Organizations/Pike.md,4,0,
person|ralph waldo emerson,Ralph Waldo Emerson,person,,,vault,16,0,2,linked by connectivity pass,Network Map/People/Ralph Waldo Emerson.md,4,0,
org|ubs securities,UBS Securities,org,company,UBS SECURITIES; UBS SECURITIES LLC,vault,10,0,1,linked by connectivity pass,Network Map/Organizations/UBS Securities.md,4,0,
person|jeff cohodes,Jeff Cohodes,person,,,vault,2,1,3,Other connected pairs/groups 23,Network Map/People/Jeff Cohodes.md,1,0,
org|berg allenberg agency,Berg-Allenberg Agency,org,government body,,vault,7,1,3,Other connected pairs/groups 18,Network Map/Organizations/Berg-Allenberg Agency.md,1,0,
person|joseph clay kent,Joseph Clay Kent,person,,,vault,10,1,2,Other connected pairs/groups 43,Network Map/People/Joseph Clay Kent.md,2,0,
org|council on foreign,Council on Foreign,org,NGO/nonprofit/think tank,,vault,31,0,2,linked by connectivity pass,Network Map/Organizations/Council on Foreign.md,3,0,
org|esprit,Esprit,org,organization,ESPRIT,vault,16,1,2,Other connected pairs/groups 31,Network Map/Organizations/Esprit.md,6,0,
org|kresge foundation,Kresge Foundation,org,foundation,,vault,18,3,2,Kresge Foundation,Network Map/Organizations/Kresge Foundation.md,2,0,
org|european union,European Union,org,international body,,vault,19,0,2,linked by connectivity pass,Network Map/Organizations/European Union.md,6,0,
org|defending our neighbors fund,Defending Our Neighbors Fund,org,organization,,vault,4,0,2,linked by connectivity pass,Network Map/Organizations/Defending Our Neighbors Fund.md,3,0,
org|sullivan and cromwell,Sullivan & Cromwell,org,organization,SULLIVAN & CROMWELL LLP; Sullivan & Cromwell LLP,vault,22,0,1,linked by connectivity pass,Network Map/Organizations/Sullivan & Cromwell.md,4,0,
person|peter peterson,Peter Peterson,person,,Peter G. Peterson; Peter George Peterson,vault,75,0,2,linked by connectivity pass,Network Map/People/Peter Peterson.md,11,0,
person|andrew young,Andrew Young,person,,,vault,16,1,2,Other connected pairs/groups 14,Network Map/People/Andrew Young.md,2,0,
org|general electric,General Electric,org,organization,,both,152,2,1,Other connected pairs/groups 3,Network Map/Organizations/General Electric.md,10,0,
person|chuck schumer,Chuck Schumer,person,,,vault,99,0,2,linked by connectivity pass,Network Map/People/Chuck Schumer.md,10,0,
org|paramount pictures,Paramount Pictures,org,company,Paramount Pictures Corporation; Paramount Pictures Inc,vault,24,0,2,linked by connectivity pass,Network Map/Organizations/Paramount Pictures.md,10,0,
org|financial services forum,Financial Services Forum,org,NGO/nonprofit/think tank,,vault,22,0,2,linked by connectivity pass,Network Map/Organizations/Financial Services Forum.md,3,0,
org|worshipful company of mercers,Worshipful Company of Mercers,org,company,,vault,5,0,3,linked by connectivity pass,Network Map/Organizations/Worshipful Company of Mercers.md,4,0,
org|u s congress,U.S. Congress,org,government body,,vault,18,0,2,linked by connectivity pass,Network Map/Organizations/U.S. Congress.md,3,0,
person|john william dawson,John William Dawson,person,,,vault,3,1,3,Other connected pairs/groups 42,Network Map/People/John William Dawson.md,2,0,
org|khosla ventures,Khosla Ventures,org,company,,vault,11,0,2,linked by connectivity pass,Network Map/Organizations/Khosla Ventures.md,3,0,
org|guardian,Guardian,org,organization,,vault,21,0,2,linked by connectivity pass,Network Map/Organizations/Guardian.md,7,0,
org|salk institute,Salk Institute,org,NGO/nonprofit/think tank,,vault,19,1,1,Other connected pairs/groups 30,Network Map/Organizations/Salk Institute.md,5,0,
person|warren krafchik,Warren Krafchik,person,,,vault,5,1,4,Other connected pairs/groups 38,Network Map/People/Warren Krafchik.md,1,0,
person|jeffrey ubben,Jeffrey Williams Ubben,person,,Jeffrey Ubben; Jeffrey W. Ubben,vault,3,1,2,Other connected pairs/groups 38,Network Map/People/Jeffrey Williams Ubben.md,2,0,
person|benazir bhutto,Benazir Bhutto,person,,,vault,12,1,2,Alpha Kappa Psi,Network Map/People/Benazir Bhutto.md,1,0,
org|clinton administration,Clinton Administration,org,government body,,vault,41,0,2,linked by connectivity pass,Network Map/Organizations/Clinton Administration.md,6,0,
org|raytheon,Raytheon,org,organization,Raytheon Corporation,vault,39,0,1,linked by connectivity pass,Network Map/Organizations/Raytheon.md,4,0,
org|carnegie mellon university,Carnegie Mellon University,org,university/school,,vault,18,0,2,linked by connectivity pass,Network Map/Organizations/Carnegie Mellon University.md,3,0,
person|edwin m loeb,Edwin M. Loeb,person,,,vault,8,0,2,linked by connectivity pass,Network Map/People/Edwin M. Loeb.md,4,0,
person|sarah kiani,Sarah Kiani,person,,,vault,18,1,2,Other connected pairs/groups 25,Network Map/People/Sarah Kiani.md,4,0,
person|matt a'hearn,Matt A'Hearn,person,,,vault,5,1,2,Other connected pairs/groups 28,Network Map/People/Matt A'Hearn.md,1,0,
person|adnan khashoggi,Adnan Khashoggi,person,,,both,193,4,1,Other connected pairs/groups 4,Network Map/People/Adnan Khashoggi.md,7,11,
person|strobe talbott,Strobe Talbott,person,,,vault,43,1,2,Brookings Institution,Network Map/People/Strobe Talbott.md,5,0,
person|eric molson,Eric Molson,person,,,vault,8,0,3,linked by connectivity pass,Network Map/People/Eric Molson.md,4,0,
org|oregonian,Oregonian,org,organization,,vault,15,1,2,Charter Communications,Network Map/Organizations/Oregonian.md,3,0,
person|kevin kelleher,Kevin Kelleher,person,,,vault,9,1,2,Other connected pairs/groups 44,Network Map/People/Kevin Kelleher.md,1,0,
person|jack pritzker,Jack Pritzker,person,,,vault,2,1,3,Other connected pairs/groups 38,Network Map/People/Jack Pritzker.md,1,0,
person|stacy mason,Stacy Mason,person,,,vault,9,1,2,Other connected pairs/groups 53,Network Map/People/Stacy Mason.md,1,0,
person|prescott bush,Prescott Bush,person,,Prescott Sheldon Bush,vault,14,0,2,linked by connectivity pass,Network Map/People/Prescott Bush.md,6,0,
person|keith black,Keith Black,person,,Keith D. Black,vault,7,1,2,Other connected pairs/groups 44,Network Map/People/Keith Black.md,1,0,
person|tim wirth,Tim Wirth,person,,,vault,11,1,2,UN Foundation,Network Map/People/Tim Wirth.md,1,0,
person|lesley wheeler lilley,Lesley Wheeler Lilley,person,,,vault,2,1,4,Other connected pairs/groups 45,Network Map/People/Lesley Wheeler Lilley.md,1,0,
org|treasury single account,Treasury Single Account,org,organization,,vault,5,1,2,Other connected pairs/groups 49,Network Map/Organizations/Treasury Single Account.md,1,0,
person|james cash penney,James Cash Penney,person,,,vault,12,2,2,Alpha Kappa Psi,Network Map/People/James Cash Penney.md,1,0,
person|j edgar hoover,J. Edgar Hoover,person,,,vault,2,0,2,linked by connectivity pass,Network Map/People/J. Edgar Hoover.md,3,0,
person|joseph chamberlain,Joseph Chamberlain,person,,,vault,12,0,3,linked by connectivity pass,Network Map/People/Joseph Chamberlain.md,4,0,
org|gallaher group,Gallaher Group,org,company,,vault,35,1,2,Other connected pairs/groups 8,Network Map/Organizations/Gallaher Group.md,2,0,
person|john garamendi,John Garamendi,person,,,vault,85,0,2,linked by connectivity pass,Network Map/People/John Garamendi.md,7,0,
org|bilderberg group,Bilderberg Group,org,company,,vault,41,0,2,linked by connectivity pass,Network Map/Organizations/Bilderberg Group.md,4,0,
person|william h donaldson,William Henry Donaldson,person,,William H. Donaldson,vault,48,2,2,U.S. Securities and Exchange Commission,Network Map/People/William Henry Donaldson.md,5,0,
person|lawrence n barshay,Lawrence N. Barshay,person,,,vault,7,1,2,Fried Frank,Network Map/People/Lawrence N. Barshay.md,1,0,
org|performing arts,Performing Arts,org,organization,,vault,25,0,2,linked by connectivity pass,Network Map/Organizations/Performing Arts.md,3,0,
org|time industries,Time Industries,org,company,,vault,7,1,3,Other connected pairs/groups 39,Network Map/Organizations/Time Industries.md,1,0,
person|john brennan,John Brennan,person,,,vault,43,1,1,Central Intelligence Agency,Network Map/People/John Brennan.md,3,0,
person|walter henry james musk,Walter Henry James Musk,person,,,vault,1,1,,Other connected pairs/groups 31,Network Map/People/Walter Henry James Musk.md,1,0,
org|international rescue committee,International Rescue Committee,org,NGO/nonprofit/think tank,,vault,23,0,2,linked by connectivity pass,Network Map/Organizations/International Rescue Committee.md,5,0,
person|norman chandler,Norman Chandler,person,,,vault,6,0,3,linked by connectivity pass,Network Map/People/Norman Chandler.md,3,0,
org|morgan stanley,Morgan Stanley,org,company,MORGAN STANLEY & CO LLC; Morgan Stanley & Co,both,130,2,1,Other connected pairs/groups 27,Network Map/Organizations/Morgan Stanley.md,26,0,
org|citi private bank,Citi Private Bank,org,company,,vault,18,0,2,linked by connectivity pass,Network Map/Organizations/Citi Private Bank.md,4,0,
org|psi upsilon,Psi Upsilon,org,greek-letter society,,vault,11,0,2,linked by connectivity pass,Network Map/Organizations/Psi Upsilon.md,4,0,
person|tibor machan,Tibor Machan,person,,Tibor Richard Machan,vault,21,0,2,linked by connectivity pass,Network Map/People/Tibor Machan.md,6,0,
person|mort zuckerman,Mort Zuckerman,person,,,both,151,1,1,X posts only,Network Map/People/Mort Zuckerman.md,3,4,
person|adam alfred rudolf glauer,Adam Alfred Rudolf Glauer,person,,,vault,9,1,3,Other connected pairs/groups 11,Network Map/People/Adam Alfred Rudolf Glauer.md,2,0,
org|j p morgan and,J.P. Morgan & Co,org,company,J. P. Morgan & Co; J.P. Morgan &; J.P. Morgan & Com; J.P. Morgan & Co},vault,35,1,2,Other connected pairs/groups 28,Network Map/Organizations/J.P. Morgan & Co.md,8,0,
person|helmut kohl,Helmut Kohl,person,,,vault,5,0,2,linked by connectivity pass,Network Map/People/Helmut Kohl.md,3,0,
person|gernot lohr,Gernot Lohr,person,,,vault,10,3,2,Apollo,Network Map/People/Gernot Lohr.md,1,0,
org|clark international,Clark International Corp,org,company,,vault,10,1,2,Other connected pairs/groups 7,Network Map/Organizations/Clark International Corp.md,1,0,
person|john adams,John Adams,person,,John Quincy Adams,vault,13,0,2,linked by connectivity pass,Network Map/People/John Adams.md,3,0,
org|stanley borden,Stanley Borden,org,company,,vault,6,1,3,Island Records,Network Map/Organizations/Stanley Borden.md,1,0,
org|academy of motion pictures arts and sciences,Academy of Motion Pictures Arts and Sciences,org,university/school,,vault,10,1,2,Other connected pairs/groups 1,Network Map/Organizations/Academy of Motion Pictures Arts and Sciences.md,1,0,
org|central romana,Central Romana Corporation,org,company,"Central Romana; Central Romana Corporation, Ltd",vault,5,0,2,linked by connectivity pass,Network Map/Organizations/Central Romana Corporation.md,3,0,
person|nathan bedford forrest,Nathan Bedford Forrest,person,,,vault,5,1,3,Other connected pairs/groups 44,Network Map/People/Nathan Bedford Forrest.md,1,0,
person|irving s shapiro,Irving S. Shapiro,person,,,vault,2,1,3,DuPont,Network Map/People/Irving S. Shapiro.md,1,0,
person|james pike,James Pike,person,,James Albert Pike,vault,3,0,3,linked by connectivity pass,Network Map/People/James Pike.md,3,0,
org|foreign ministry no 3,Foreign Ministry No. 3,org,government body,,vault,11,0,3,linked by connectivity pass,Network Map/Organizations/Foreign Ministry No. 3.md,4,0,
org|gp investments,GP Investments,org,organization,"GP Investments, Ltd",vault,6,0,2,linked by connectivity pass,Network Map/Organizations/GP Investments.md,4,0,
person|james h clark,James Henry Clark,person,,James H. Clark; Jim Clark,vault,4,1,2,Other connected pairs/groups 39,Network Map/People/James Henry Clark.md,4,0,
org|bank austria,Bank Austria,org,company,,vault,9,3,2,Bank Austria,Network Map/Organizations/Bank Austria.md,2,0,
org|turning point usa,Turning Point USA,org,organization,,vault,22,1,2,linked by connectivity pass,Network Map/Organizations/Turning Point USA.md,4,0,
org|united nations,United Nations,org,international body,,vault,263,3,1,United Nations,Network Map/Organizations/United Nations.md,38,0,
person|larry kramer,Larry Kramer,person,,,vault,12,0,2,linked by connectivity pass,Network Map/People/Larry Kramer.md,5,0,
person|mark e thorndike,Mark E. Thorndike,person,,,vault,13,1,2,Other connected pairs/groups 37,Network Map/People/Mark E. Thorndike.md,1,0,
org|banque de paris et des pays bas,Banque de Paris et des Pays-Bas,org,organization,,vault,37,0,2,linked by connectivity pass,Network Map/Organizations/Banque de Paris et des Pays-Bas.md,3,0,
org|ipo of dalian wanda,IPO of Dalian Wanda,org,organization,,vault,3,1,2,Other connected pairs/groups 38,Network Map/Organizations/IPO of Dalian Wanda.md,1,0,
person|rupert murdoch,Rupert Murdoch,person,,,both,46,1,1,X posts only,Network Map/People/Rupert Murdoch.md,12,2,
org|federal reserve bank of new york,Federal Reserve Bank of New York,org,government body,,vault,38,0,2,linked by connectivity pass,Network Map/Organizations/Federal Reserve Bank of New York.md,10,0,
org|university of wisconsin,University of Wisconsin,org,university/school,,vault,19,0,2,linked by connectivity pass,Network Map/Organizations/University of Wisconsin.md,6,0,
person|khaled hosseini,Khaled Hosseini,person,,,vault,23,0,2,linked by connectivity pass,Network Map/People/Khaled Hosseini.md,3,0,
org|columbia law school,Columbia Law School,org,university/school,,vault,29,0,2,linked by connectivity pass,Network Map/Organizations/Columbia Law School.md,7,0,
org|conde nast,Condé Nast,org,organization,,vault,33,3,2,Condé Nast,Network Map/Organizations/Condé Nast.md,6,0,
org|clinton foundation,Clinton Foundation,org,foundation,William J. Clinton Foundation,vault,30,0,2,linked by connectivity pass,Network Map/Organizations/Clinton Foundation.md,6,0,
org|big catalyst,Big Catalyst,org,organization,,vault,7,0,2,linked by connectivity pass,Network Map/Organizations/Big Catalyst.md,1,0,originally-read entity
org|oxford committee,Oxford Committee,org,NGO/nonprofit/think tank,,vault,1,0,3,linked by connectivity pass,Network Map/Organizations/Oxford Committee.md,3,0,
org|phi kappa phi,Phi Kappa Phi,org,greek-letter society,,vault,11,0,2,linked by connectivity pass,Network Map/Organizations/Phi Kappa Phi.md,3,0,
org|roark capital group,"Roark Capital Group, Inc",org,company,,vault,22,0,2,linked by connectivity pass,"Network Map/Organizations/Roark Capital Group, Inc.md",3,0,
person|paul krassner,Paul Krassner,person,,,vault,13,0,2,linked by connectivity pass,Network Map/People/Paul Krassner.md,6,0,
org|smith college,Smith College,org,university/school,,vault,9,0,2,linked by connectivity pass,Network Map/Organizations/Smith College.md,5,0,
org|imperial college london,Imperial College London,org,university/school,,vault,6,0,3,linked by connectivity pass,Network Map/Organizations/Imperial College London.md,3,0,
person|john dewey,John Dewey,person,,,vault,5,0,3,linked by connectivity pass,Network Map/People/John Dewey.md,3,0,
person|marina abramovic,Marina Abramovic,person,,,both,38,0,1,linked by connectivity pass,Network Map/People/Marina Abramovic.md,4,1,
person|fred s fraenkel,Fred S. Fraenkel,person,,,vault,7,2,3,Other connected pairs/groups 7,Network Map/People/Fred S. Fraenkel.md,1,0,
org|world jewish,World Jewish,org,organization,,vault,14,0,2,linked by connectivity pass,Network Map/Organizations/World Jewish.md,4,0,
org|enterprise foundation,Enterprise Foundation,org,foundation,,vault,7,1,2,Other connected pairs/groups 30,Network Map/Organizations/Enterprise Foundation.md,1,0,
person|debbie stabenow,Debbie Stabenow,person,,,vault,11,0,2,linked by connectivity pass,Network Map/People/Debbie Stabenow.md,4,0,
org|gic private,GIC Private Limited,org,organization,,vault,47,0,1,linked by connectivity pass,Network Map/Organizations/GIC Private Limited.md,5,0,
person|menasseh ben israel,Menasseh ben Israel,person,,Menasseh Ben Israel,vault,7,0,3,linked by connectivity pass,Network Map/People/Menasseh ben Israel.md,6,0,
org|amazon,Amazon,org,organization,AMAZON,both,142,3,1,Amazon,Network Map/Organizations/Amazon.md,15,0,
org|sigma alpha mu,Sigma Alpha Mu,org,greek-letter society,,vault,11,0,1,linked by connectivity pass,Network Map/Organizations/Sigma Alpha Mu.md,6,0,
person|edward r pease,Edward R. Pease,person,,,vault,8,0,2,linked by connectivity pass,Network Map/People/Edward R. Pease.md,3,0,
org|sovereign military order of the temple of jerusalem,Sovereign Military Order of the Temple of Jerusalem,org,society/club,,vault,5,1,3,Other connected pairs/groups 7,Network Map/Organizations/Sovereign Military Order of the Temple of Jerusalem.md,2,0,
org|real madrid,Real Madrid,org,organization,,vault,9,0,2,linked by connectivity pass,Network Map/Organizations/Real Madrid.md,3,0,
org|de castries,De Castries,org,organization,,vault,4,1,3,Other connected pairs/groups 15,Network Map/Organizations/De Castries.md,4,0,
org|vail associates,Vail Associates,org,company,Vail Associates Ltd,vault,9,1,2,Other connected pairs/groups 15,Network Map/Organizations/Vail Associates.md,1,0,
person|alicia patterson,Alicia Patterson,person,,,vault,11,1,3,Other connected pairs/groups 13,Network Map/People/Alicia Patterson.md,3,0,
org|commonwealth edison,Commonwealth Edison,org,organization,,vault,7,1,2,Other connected pairs/groups 24,Network Map/Organizations/Commonwealth Edison.md,1,0,
org|latham and watkins,Latham & Watkins,org,organization,LATHAM & WATKINS; Latham & Watkins LLP,vault,54,0,1,linked by connectivity pass,Network Map/Organizations/Latham & Watkins.md,11,0,
person|richard kahn,Richard Kahn,person,,,vault,9,0,1,linked by connectivity pass,Network Map/People/Richard Kahn.md,5,0,
person|edgard stern,Edgard Stern,person,,,vault,13,1,,Other connected pairs/groups 29,Network Map/People/Edgard Stern.md,1,0,
org|msci,MSCI,org,organization,MSCI Inc,vault,48,0,2,linked by connectivity pass,Network Map/Organizations/MSCI.md,3,0,
org|rockefeller university,Rockefeller University,org,university/school,ROCKEFELLER UNIVERSITY,both,76,2,1,X posts only,Network Map/Organizations/Rockefeller University.md,9,0,
org|chief investment officer,Chief Investment Officer,org,organization,Co-Chief Investment Officer,vault,47,0,1,linked by connectivity pass,Network Map/Organizations/Chief Investment Officer.md,4,0,
person|edouard leclerc,Edouard Leclerc,person,,,vault,4,1,2,Other connected pairs/groups 28,Network Map/People/Edouard Leclerc.md,1,0,
org|royal society,Royal Society,org,society/club,,vault,54,0,1,linked by connectivity pass,Network Map/Organizations/Royal Society.md,12,0,
org|arcelormittal,ArcelorMittal,org,organization,,vault,6,0,3,linked by connectivity pass,Network Map/Organizations/ArcelorMittal.md,3,0,
org|national intelligence,National Intelligence,org,organization,,both,52,2,1,X posts only,Network Map/Organizations/National Intelligence.md,5,0,
person|leonard lauder,Leonard Lauder,person,,Leonard A. Lauder,vault,19,0,2,linked by connectivity pass,Network Map/People/Leonard Lauder.md,5,0,
org|international monetary fund,International Monetary Fund,org,international body,IMF,vault,56,0,1,linked by connectivity pass,Network Map/Organizations/International Monetary Fund.md,9,0,
person|sharon tate,Sharon Tate,person,,,vault,11,0,2,linked by connectivity pass,Network Map/People/Sharon Tate.md,4,0,
org|drexel burnham lambert,Drexel Burnham Lambert,org,organization,Drexel Burnham Lambert Inc,vault,28,0,1,linked by connectivity pass,Network Map/Organizations/Drexel Burnham Lambert.md,7,0,
org|bfc fashion trust,BFC Fashion Trust,org,foundation,,vault,15,1,2,Other connected pairs/groups 5,Network Map/Organizations/BFC Fashion Trust.md,2,0,
person|scott aukerman,Scott Aukerman,person,,,vault,3,0,2,linked by connectivity pass,Network Map/People/Scott Aukerman.md,3,0,
org|brown brothers harriman,Brown Brothers Harriman,org,company,BROWN BROTHERS HARRIMAN,vault,7,0,3,linked by connectivity pass,Network Map/Organizations/Brown Brothers Harriman.md,4,0,
org|office of strategic services,Office of Strategic Services,org,organization,,vault,8,0,2,linked by connectivity pass,Network Map/Organizations/Office of Strategic Services.md,3,0,
person|govindappa venkataswamy,Govindappa Venkataswamy,person,,,vault,7,1,3,Other connected pairs/groups 15,Network Map/People/Govindappa Venkataswamy.md,1,0,
person|navid mahmoodzadegan,Navid Mahmoodzadegan,person,,,vault,27,1,2,Moelis & Company,Network Map/People/Navid Mahmoodzadegan.md,2,0,
org|united states navy,United States Navy,org,organization,,vault,30,0,2,linked by connectivity pass,Network Map/Organizations/United States Navy.md,6,0,
org|local initiatives support,Local Initiatives Support Corporation,org,company,,vault,7,1,2,Other connected pairs/groups 46,Network Map/Organizations/Local Initiatives Support Corporation.md,1,0,
org|supreme court,Supreme Court,org,government body,U.S. Supreme Court,both,163,1,1,X posts only,Network Map/Organizations/Supreme Court.md,28,0,
person|eric garcetti,Eric Garcetti,person,,Eric Michael Garcetti,vault,30,0,2,linked by connectivity pass,Network Map/People/Eric Garcetti.md,4,0,
org|o melveny and myers,O'Melveny & Myers,org,organization,O'Melveny & Myers LLP,vault,32,1,2,Other connected pairs/groups 50,Network Map/Organizations/O'Melveny & Myers.md,8,0,
org|tata steel,Tata Steel,org,organization,,vault,39,0,2,linked by connectivity pass,Network Map/Organizations/Tata Steel.md,4,0,
person|harleen kaur,Harleen Kaur,person,,,vault,1,1,,Other connected pairs/groups 35,Network Map/People/Harleen Kaur.md,1,0,
person|saffron aldridge,Saffron Aldridge,person,,,vault,2,1,2,Other connected pairs/groups 38,Network Map/People/Saffron Aldridge.md,1,0,
person|stephen wynn,Stephen Wynn,person,,,vault,5,1,2,Other connected pairs/groups 53,Network Map/People/Stephen Wynn.md,1,0,
person|alfred kinsey,Alfred Kinsey,person,,,vault,0,0,,(isolated),Network Map/People/Alfred Kinsey.md,3,0,
org|bank one,Bank One,org,company,,vault,12,1,2,JPMorgan Chase,Network Map/Organizations/Bank One.md,2,0,
org|jefferson smurfit,Jefferson Smurfit,org,organization,,vault,7,1,3,Other connected pairs/groups 23,Network Map/Organizations/Jefferson Smurfit.md,1,0,
org|wpix,WPIX,org,organization,,vault,10,1,3,Other connected pairs/groups 54,Network Map/Organizations/WPIX.md,1,0,
org|news breaking news,News - Breaking News,org,organization,,vault,6,0,2,linked by connectivity pass,Network Map/Organizations/News - Breaking News.md,3,0,
org|deutsche grammophon,Deutsche Grammophon,org,organization,,vault,22,0,2,linked by connectivity pass,Network Map/Organizations/Deutsche Grammophon.md,3,0,
person|zoe weiner,Zoe Weiner,person,,,vault,13,0,2,linked by connectivity pass,Network Map/People/Zoe Weiner.md,3,0,
org|standard chartered bank,Standard Chartered Bank,org,company,,vault,27,1,2,Other connected pairs/groups 51,Network Map/Organizations/Standard Chartered Bank.md,1,0,
org|guardian life insurance company,Guardian Life Insurance Company,org,company,,vault,6,1,2,Other connected pairs/groups 36,Network Map/Organizations/Guardian Life Insurance Company.md,1,0,
org|new york city department of education,New York City Department of Education,org,government body,,vault,5,1,3,Kaufman Music Center,Network Map/Organizations/New York City Department of Education.md,1,0,
person|milo yiannopoulos,Milo Yiannopoulos,person,,,both,124,0,1,linked by connectivity pass,Network Map/People/Milo Yiannopoulos.md,3,3,
org|world wildlife fund,World Wildlife Fund,org,organization,,vault,68,0,2,linked by connectivity pass,Network Map/Organizations/World Wildlife Fund.md,9,0,
org|university of florida,University of Florida,org,university/school,,vault,31,0,2,linked by connectivity pass,Network Map/Organizations/University of Florida.md,3,0,
person|ellsworth culver,Ellsworth Culver,person,,,vault,1,0,3,linked by connectivity pass,Network Map/People/Ellsworth Culver.md,3,0,
person|nancy pelosi,Nancy Pelosi,person,,,both,59,2,1,X posts only,Network Map/People/Nancy Pelosi.md,12,4,
org|thesis portfolio team news contact,Thesis Portfolio Team News Contact,org,organization,THESIS PORTFOLIO TEAM NEWS CONTACT,vault,11,0,2,linked by connectivity pass,Network Map/Organizations/Thesis Portfolio Team News Contact.md,4,0,
person|susan rice,Susan Rice,person,,,vault,53,0,2,linked by connectivity pass,Network Map/People/Susan Rice.md,5,0,
person|aker kvzerner,Aker Kvzerner,person,,,vault,9,1,2,Other connected pairs/groups 12,Network Map/People/Aker Kvzerner.md,1,0,
org|caltech,Caltech,org,organization,,vault,34,1,1,Other connected pairs/groups 21,Network Map/Organizations/Caltech.md,7,0,
person|simon guggenheim,Simon Guggenheim,person,,Simon Meyer Guggenheim,vault,8,0,2,linked by connectivity pass,Network Map/People/Simon Guggenheim.md,3,0,
org|global social investment funds,Global Social Investment Funds,org,organization,,vault,6,0,2,linked by connectivity pass,Network Map/Organizations/Global Social Investment Funds.md,1,0,originally-read entity
person|julian robertson,Julian Robertson,person,,,vault,7,0,3,linked by connectivity pass,Network Map/People/Julian Robertson.md,3,0,
person|rodrigo maia,Rodrigo Maia,person,,,vault,8,1,2,Other connected pairs/groups 21,Network Map/People/Rodrigo Maia.md,1,0,
person|sheldon whitehouse,Sheldon Whitehouse,person,,,vault,86,0,2,linked by connectivity pass,Network Map/People/Sheldon Whitehouse.md,8,0,
org|hildred capital partners,Hildred Capital Partners,org,company,,vault,8,1,2,Other connected pairs/groups 8,Network Map/Organizations/Hildred Capital Partners.md,1,0,
org|life trustee,Life Trustee,org,organization,,vault,12,1,1,Other connected pairs/groups 26,Network Map/Organizations/Life Trustee.md,1,0,
person|moses kalman rothschild,Moses Kalman Rothschild,person,,,vault,2,1,2,Other connected pairs/groups 14,Network Map/People/Moses Kalman Rothschild.md,1,0,
person|abhijit banerjee,Abhijit Banerjee,person,,,vault,4,0,2,linked by connectivity pass,Network Map/People/Abhijit Banerjee.md,3,0,
org|bain capital,Bain Capital,org,company,,both,103,2,1,Other connected pairs/groups 16,Network Map/Organizations/Bain Capital.md,7,0,
org|grand masters,Grand Masters,org,organization,,vault,9,0,2,linked by connectivity pass,Network Map/Organizations/Grand Masters.md,4,0,
person|mona jasani,Mona Jasani,person,,,vault,5,1,2,Other connected pairs/groups 24,Network Map/People/Mona Jasani.md,1,0,
person|bill gates,Bill Gates,person,,William Henry Gates,both,379,2,1,X posts only,Network Map/People/Bill Gates.md,28,29,
org|unicredit,UniCredit,org,organization,UniCredit AG; Unicredit,vault,18,2,2,UniCredit,Network Map/Organizations/UniCredit.md,5,0,
org|olivon advisors,Olivon Advisors,org,company,,vault,2,0,2,linked by connectivity pass,Network Map/Organizations/Olivon Advisors.md,5,0,
person|george w l bickley,George W. L. Bickley,person,,,vault,4,0,3,linked by connectivity pass,Network Map/People/George W. L. Bickley.md,3,0,
person|jim wunderman,Jim Wunderman,person,,,vault,4,1,2,Other connected pairs/groups 17,Network Map/People/Jim Wunderman.md,1,0,
org|prep for prep,Prep for Prep,org,organization,,vault,8,1,2,Other connected pairs/groups 35,Network Map/Organizations/Prep for Prep.md,1,0,
person|robert scott,Robert Scott,person,,,vault,83,0,2,linked by connectivity pass,Network Map/People/Robert Scott.md,7,0,
org|greenlight fund,GreenLight Fund,org,organization,,both,30,2,1,Other connected pairs/groups 9,Network Map/Organizations/GreenLight Fund.md,2,0,
org|bank of new york,Bank of New York,org,company,,vault,7,0,2,linked by connectivity pass,Network Map/Organizations/Bank of New York.md,3,0,
org|delta kappa epsilon,Delta Kappa Epsilon,org,greek-letter society,,vault,31,0,2,linked by connectivity pass,Network Map/Organizations/Delta Kappa Epsilon.md,9,0,
person|l ron hubbard,Lafayette Ronald Hubbard,person,,L. Ron Hubbard,vault,23,3,2,Other connected pairs/groups 2,Network Map/People/Lafayette Ronald Hubbard.md,7,0,
org|ocbc bank,OCBC Bank,org,company,,vault,8,0,2,linked by connectivity pass,Network Map/Organizations/OCBC Bank.md,3,0,
org|dundas house,Dundas House,org,organization,,vault,1,1,3,Other connected pairs/groups 28,Network Map/Organizations/Dundas House.md,1,0,
person|dominic barton,Dominic Barton,person,,,vault,50,2,2,Other connected pairs/groups 7,Network Map/People/Dominic Barton.md,6,0,
org|stone ridge,Stone Ridge,org,organization,Insurance Solutions at Stone Ridge,vault,17,2,2,Stone Ridge,Network Map/Organizations/Stone Ridge.md,3,0,
person|rex e lee,Rex E. Lee,person,,,vault,16,1,2,Other connected pairs/groups 20,Network Map/People/Rex E. Lee.md,1,0,
person|william von raab,William von Raab,person,,,vault,9,1,2,Other connected pairs/groups 44,Network Map/People/William von Raab.md,1,0,
person|don steinberg,Don Steinberg,person,,,vault,10,1,1,Other connected pairs/groups 28,Network Map/People/Don Steinberg.md,1,0,
person|ashton kutcher,Ashton Kutcher,person,,,vault,1,0,3,linked by connectivity pass,Network Map/People/Ashton Kutcher.md,3,0,
person|alan solow,Alan Solow,person,,,vault,4,1,2,Other connected pairs/groups 12,Network Map/People/Alan Solow.md,1,0,
org|mukhabarat morocco,Mukhabarat Morocco,org,organization,,vault,11,1,2,linked by connectivity pass,Network Map/Organizations/Mukhabarat Morocco.md,3,0,originally-read entity
person|alan schwartz,Alan Schwartz,person,,Alan D. Schwartz; Alan David Schwartz,vault,28,1,2,Other connected pairs/groups 12,Network Map/People/Alan Schwartz.md,4,0,
org|msnbc,MSNBC,org,organization,,vault,34,0,2,linked by connectivity pass,Network Map/Organizations/MSNBC.md,4,0,
person|michael bennet,Michael Bennet,person,,,vault,100,0,2,linked by connectivity pass,Network Map/People/Michael Bennet.md,8,0,
org|university of california los angeles,"University of California, Los Angeles",org,university/school,,vault,29,0,2,linked by connectivity pass,"Network Map/Organizations/University of California, Los Angeles.md",5,0,
person|thomas pritzker,Thomas Pritzker,person,,,both,155,3,1,Other connected pairs/groups 52,Network Map/People/Thomas Pritzker.md,3,14,
org|un security council,UN Security Council,org,international body,,vault,84,1,1,Other connected pairs/groups 36,Network Map/Organizations/UN Security Council.md,3,0,
org|new york giants,New York Giants,org,organization,,vault,25,2,2,New York Giants,Network Map/Organizations/New York Giants.md,4,0,
person|dana hall,Dana Hall,person,,,vault,8,0,2,linked by connectivity pass,Network Map/People/Dana Hall.md,3,0,
person|de carvalho,De Carvalho,person,,De Carvalho (2),vault,19,1,2,Other connected pairs/groups 23,Network Map/People/De Carvalho.md,4,0,
org|atco records,Atco Records,org,company,,vault,8,0,2,linked by connectivity pass,Network Map/Organizations/Atco Records.md,3,0,
org|colgate university,Colgate University,org,university/school,,vault,22,0,2,linked by connectivity pass,Network Map/Organizations/Colgate University.md,4,0,
org|k m media consultancy,K.M. Media Consultancy,org,company,,vault,2,1,3,Other connected pairs/groups 43,Network Map/Organizations/K.M. Media Consultancy.md,1,0,
person|richard gere,Richard Gere,person,,Richard Tiffany Gere,vault,6,0,2,linked by connectivity pass,Network Map/People/Richard Gere.md,3,0,
org|vedomosti,Vedomosti,org,organization,,vault,5,1,2,Other connected pairs/groups 45,Network Map/Organizations/Vedomosti.md,1,0,
org|molson coors,Molson Coors,org,organization,,vault,8,0,3,linked by connectivity pass,Network Map/Organizations/Molson Coors.md,4,0,
person|ronald meyer,Ronald Meyer,person,,,vault,11,1,2,Other connected pairs/groups 53,Network Map/People/Ronald Meyer.md,2,0,
person|logan paul,Logan Paul,person,,,vault,1,1,,Other connected pairs/groups 46,Network Map/People/Logan Paul.md,1,0,
org|tsinghua university,Tsinghua University,org,university/school,,vault,24,0,1,linked by connectivity pass,Network Map/Organizations/Tsinghua University.md,8,0,
org|emory university,Emory University,org,university/school,Education Emory University,vault,14,0,2,linked by connectivity pass,Network Map/Organizations/Emory University.md,4,0,
person|toby eckhardt,Toby Eckhardt,person,,,vault,3,1,3,Other connected pairs/groups 33,Network Map/People/Toby Eckhardt.md,1,0,
org|alpha kappa psi,Alpha Kappa Psi,org,greek-letter society,,vault,12,8,2,Alpha Kappa Psi,Network Map/Organizations/Alpha Kappa Psi.md,3,0,
person|sandy weill,Sandy Weill,person,,,both,53,0,1,linked by connectivity pass,Network Map/People/Sandy Weill.md,4,2,
org|corporate department and asset management practice,Corporate Department and Asset Management Practice,org,government body,,vault,7,0,2,linked by connectivity pass,Network Map/Organizations/Corporate Department and Asset Management Practice.md,1,0,originally-read entity
org|housatonic partners,Housatonic Partners,org,company,,vault,13,1,2,Other connected pairs/groups 37,Network Map/Organizations/Housatonic Partners.md,1,0,
org|university of london,University of London,org,university/school,,vault,25,1,2,Other connected pairs/groups 46,Network Map/Organizations/University of London.md,6,0,
org|british skeleton,British Skeleton,org,organization,,vault,18,0,2,linked by connectivity pass,Network Map/Organizations/British Skeleton.md,3,0,
org|wall street journal,Wall Street Journal,org,organization,,vault,102,0,1,linked by connectivity pass,Network Map/Organizations/Wall Street Journal.md,13,0,
person|john brda,John Brda,person,,,vault,3,0,1,linked by connectivity pass,Network Map/People/John Brda.md,5,0,
org|sourcing origination,Sourcing Origination,org,organization,,vault,7,0,2,linked by connectivity pass,Network Map/Organizations/Sourcing Origination.md,1,0,originally-read entity
person|ernesto zedillo,Ernesto Zedillo,person,,,vault,7,0,2,linked by connectivity pass,Network Map/People/Ernesto Zedillo.md,3,0,
person|nicholas burns,Nicholas Burns,person,,,vault,27,0,2,linked by connectivity pass,Network Map/People/Nicholas Burns.md,1,0,originally-read entity
person|condoleezza rice,Condoleezza Rice,person,,,both,72,0,1,linked by connectivity pass,Network Map/People/Condoleezza Rice.md,3,8,
person|yves moury,Yves Moury,person,,,vault,1,1,,Other connected pairs/groups 33,Network Map/People/Yves Moury.md,1,0,
org|lafargue clinic,Lafargue Clinic,org,organization,,vault,1,0,3,linked by connectivity pass,Network Map/Organizations/Lafargue Clinic.md,3,0,
org|columbia university,Columbia University,org,university/school,Education Columbia University,vault,352,1,1,Other connected pairs/groups 21,Network Map/Organizations/Columbia University.md,57,0,
org|george washington university,George Washington University,org,university/school,,vault,11,0,2,linked by connectivity pass,Network Map/Organizations/George Washington University.md,5,0,
person|alice walton,Alice Walton,person,,,vault,16,1,1,Other connected pairs/groups 13,Network Map/People/Alice Walton.md,3,0,
org|e f hutton and,E. F. Hutton & Co,org,organization,E.F. Hutton & Co,vault,16,1,2,Other connected pairs/groups 28,Network Map/Organizations/E. F. Hutton & Co.md,3,0,
org|duke,Duke,org,organization,,vault,84,0,2,linked by connectivity pass,Network Map/Organizations/Duke.md,4,0,
person|charles galton darwin,Charles Galton Darwin,person,,,vault,3,1,3,Other connected pairs/groups 6,Network Map/People/Charles Galton Darwin.md,1,0,
org|fnbc bank and trust,FNBC Bank & Trust,org,foundation,,vault,1,0,3,linked by connectivity pass,Network Map/Organizations/FNBC Bank & Trust.md,3,0,
org|blackberry,BlackBerry,org,organization,,vault,8,0,1,linked by connectivity pass,Network Map/Organizations/BlackBerry.md,5,0,
org|u s department of state,U.S. Department of State,org,government body,Department of State; State Department; U.S. DEPARTMENT of STATE; U.S. State Department,vault,134,0,2,linked by connectivity pass,Network Map/Organizations/U.S. Department of State.md,33,0,
org|huione group,Huione Group,org,company,,vault,5,1,2,Other connected pairs/groups 37,Network Map/Organizations/Huione Group.md,1,0,
person|mary montagu,Mary Montagu,person,,,vault,15,0,2,linked by connectivity pass,Network Map/People/Mary Montagu.md,2,0,originally-read entity
org|skydance media,Skydance Media,org,company,,vault,21,2,2,Skydance Media,Network Map/Organizations/Skydance Media.md,3,0,
person|jacob rothschild,Jacob Rothschild,person,,,vault,102,1,2,Bullingdon Club,Network Map/People/Jacob Rothschild.md,8,0,
org|waitt foundation,Waitt Foundation,org,foundation,,vault,4,1,2,Other connected pairs/groups 54,Network Map/Organizations/Waitt Foundation.md,1,0,
person|mohammad mosaddegh,Mohammad Mosaddegh,person,,,vault,12,0,3,linked by connectivity pass,Network Map/People/Mohammad Mosaddegh.md,4,0,
person|lesley groff,Lesley Groff,person,,,vault,26,1,1,linked by connectivity pass,Network Map/People/Lesley Groff.md,16,0,
org|redprairie,RedPrairie,org,organization,RedPrairie Corp,vault,9,1,2,Other connected pairs/groups 39,Network Map/Organizations/RedPrairie.md,2,0,
org|british east india company,British East India Company,org,company,,vault,5,0,2,linked by connectivity pass,Network Map/Organizations/British East India Company.md,3,0,
person|heather munroe-blum,Heather Munroe-Blum,person,,,vault,1,0,3,linked by connectivity pass,Network Map/People/Heather Munroe-Blum.md,3,0,
person|francois-henri pinault,Francois-Henri Pinault,person,,,vault,5,1,3,Other connected pairs/groups 33,Network Map/People/Francois-Henri Pinault.md,1,0,
person|andrew grove,Andrew Grove,person,,,vault,18,1,1,Other connected pairs/groups 14,Network Map/People/Andrew Grove.md,2,0,
org|united lodge of theosophists,United Lodge of Theosophists,org,society/club,,vault,4,1,2,Other connected pairs/groups 52,Network Map/Organizations/United Lodge of Theosophists.md,1,0,
person|ro khanna,Ro Khanna,person,,,vault,83,0,2,linked by connectivity pass,Network Map/People/Ro Khanna.md,7,0,
person|rudolf mosse,Rudolf Mosse,person,,,vault,0,0,,(isolated),Network Map/People/Rudolf Mosse.md,3,0,
person|mary sue hubbard,Mary Sue Hubbard,person,,,vault,8,1,2,Other connected pairs/groups 2,Network Map/People/Mary Sue Hubbard.md,3,0,
org|m shwari safaricom,M-Shwari Safaricom,org,organization,,vault,3,1,3,Other connected pairs/groups 46,Network Map/Organizations/M-Shwari Safaricom.md,1,0,
org|eastern star,Eastern Star,org,organization,,vault,0,0,,(isolated),Network Map/Organizations/Eastern Star.md,3,0,
org|betar,Betar,org,organization,BETAR,vault,11,0,3,linked by connectivity pass,Network Map/Organizations/Betar.md,3,0,
person|ronald d sugar,Ronald D. Sugar,person,,,vault,18,1,2,Other connected pairs/groups 50,Network Map/People/Ronald D. Sugar.md,1,0,
org|marantz,Marantz,org,organization,,vault,8,1,3,Philips,Network Map/Organizations/Marantz.md,1,0,
org|sbbby,SBBBY,org,organization,,vault,9,0,2,linked by connectivity pass,Network Map/Organizations/SBBBY.md,3,0,
person|joanna jensen,Joanna Jensen,person,,,vault,1,1,,Other connected pairs/groups 22,Network Map/People/Joanna Jensen.md,1,0,
org|ubs investment bank,UBS Investment Bank,org,company,,vault,27,0,2,linked by connectivity pass,Network Map/Organizations/UBS Investment Bank.md,4,0,
person|alphonse fould,Alphonse Fould,person,,,vault,13,1,,Other connected pairs/groups 13,Network Map/People/Alphonse Fould.md,1,0,
org|little circle,Little Circle,org,organization,,vault,6,1,3,Other connected pairs/groups 46,Network Map/Organizations/Little Circle.md,1,0,
org|freemasonry,Freemasonry,org,organization,Co-Freemasonry,vault,92,1,1,Other connected pairs/groups 29,Network Map/Organizations/Freemasonry.md,15,0,
person|ken griffin,Ken Griffin,person,,,both,143,3,1,Other connected pairs/groups 23,Network Map/People/Ken Griffin.md,4,6,
org|department for culture media and sport,"Department for Culture, Media and Sport",org,government body,,vault,2,1,3,Other connected pairs/groups 20,"Network Map/Organizations/Department for Culture, Media and Sport.md",1,0,
person|jeff zucker,Jeff Zucker,person,,,vault,56,2,2,Other connected pairs/groups 3,Network Map/People/Jeff Zucker.md,4,0,
person|herman kahn,Herman Kahn,person,,,vault,6,0,2,linked by connectivity pass,Network Map/People/Herman Kahn.md,4,0,
person|mark weiner,Mark Weiner,person,,Mark S. Weiner,both,135,2,1,X posts only,Network Map/People/Mark Weiner.md,7,2,
person|lottie leefe,Lottie Leefe,person,,,vault,1,1,4,Other connected pairs/groups 28,Network Map/People/Lottie Leefe.md,1,0,
org|rhodes trust,Rhodes Trust,org,foundation,,vault,7,1,2,linked by connectivity pass,Network Map/Organizations/Rhodes Trust.md,4,0,
person|george farmer,George Farmer,person,,George Thomas Stahel Farmer,vault,88,2,2,Bullingdon Club,Network Map/People/George Farmer.md,5,0,
org|johns hopkins university,Johns Hopkins University,org,university/school,,vault,31,0,2,linked by connectivity pass,Network Map/Organizations/Johns Hopkins University.md,7,0,
person|john mack,John Mack,person,,,both,32,3,1,X posts only,Network Map/People/John Mack.md,4,2,
org|atlantic richfield company,Atlantic Richfield Company,org,company,,vault,5,1,3,Other connected pairs/groups 16,Network Map/Organizations/Atlantic Richfield Company.md,4,0,
org|inkombank,Inkombank,org,organization,,vault,4,2,3,Inkombank,Network Map/Organizations/Inkombank.md,5,0,
person|john mccain,John McCain,person,,,both,92,1,1,Other connected pairs/groups 42,Network Map/People/John McCain.md,9,10,
person|matthew pritzker,Matthew Pritzker,person,,,vault,9,1,2,Other connected pairs/groups 46,Network Map/People/Matthew Pritzker.md,3,0,
org|davis polk and wardwell,Davis Polk & Wardwell,org,organization,Davis Polk & Wardwell LLP,vault,40,0,2,linked by connectivity pass,Network Map/Organizations/Davis Polk & Wardwell.md,6,0,
person|elaine chao,Elaine Chao,person,,Elaine L. Chao,vault,50,0,2,linked by connectivity pass,Network Map/People/Elaine Chao.md,4,0,
person|deirdre waterman,Deirdre Waterman,person,,,vault,3,0,3,linked by connectivity pass,Network Map/People/Deirdre Waterman.md,3,0,
org|barons rothschild,Barons Rothschild,org,organization,,vault,2,0,2,linked by connectivity pass,Network Map/Organizations/Barons Rothschild.md,4,0,
org|confederate,Confederate,org,organization,CONFEDERATE,vault,6,0,3,linked by connectivity pass,Network Map/Organizations/Confederate.md,3,0,
org|project management finance,"Project Management, Finance",org,company,,vault,45,0,1,linked by connectivity pass,"Network Map/Organizations/Project Management, Finance.md",3,0,
person|bruce menin,Bruce Menin,person,,Bruce A. Menin,vault,10,0,2,linked by connectivity pass,Network Map/People/Bruce Menin.md,3,0,
person|david profumo,David Profumo,person,,,vault,10,1,2,Bullingdon Club,Network Map/People/David Profumo.md,1,0,
org|erasmus hall high school,Erasmus Hall High School,org,university/school,,vault,2,0,,linked by connectivity pass,Network Map/Organizations/Erasmus Hall High School.md,3,0,
person|robert pittman,Robert Pittman,person,,Robert Warren Pittman,vault,19,0,2,linked by connectivity pass,Network Map/People/Robert Pittman.md,3,0,
org|hizballah,Hizballah,org,organization,,vault,3,1,2,Other connected pairs/groups 37,Network Map/Organizations/Hizballah.md,1,0,
org|obama administration,Obama Administration,org,government body,,vault,43,0,2,linked by connectivity pass,Network Map/Organizations/Obama Administration.md,4,0,
org|world resources government,World Resources Government,org,government body,,vault,5,0,4,linked by connectivity pass,Network Map/Organizations/World Resources Government.md,1,0,unresolved OCR name
person|wayne newton,Wayne Newton,person,,,vault,2,0,2,linked by connectivity pass,Network Map/People/Wayne Newton.md,1,0,originally-read entity
org|painewebber,PaineWebber,org,organization,,vault,70,0,1,linked by connectivity pass,Network Map/Organizations/PaineWebber.md,6,0,
person|laurence d fink,Laurence Douglas Fink,person,,Larry Fink; Laurence D. Fink,both,51,2,1,Other connected pairs/groups 19,Network Map/People/Laurence Douglas Fink.md,8,2,
person|michael gould,Michael Gould,person,,,vault,5,1,3,Other connected pairs/groups 19,Network Map/People/Michael Gould.md,5,0,
org|rubicon capital,Rubicon Capital,org,company,,vault,1,0,4,linked by connectivity pass,Network Map/Organizations/Rubicon Capital.md,4,0,
org|b smupging,B Smupging,org,organization,,vault,0,0,,(isolated),Network Map/Organizations/B Smupging.md,3,0,
org|new york forum,New York Forum,org,NGO/nonprofit/think tank,,vault,9,0,2,linked by connectivity pass,Network Map/Organizations/New York Forum.md,3,0,
org|asian pacific islander american public affairs association,Asian Pacific Islander American Public Affairs Association,org,NGO/nonprofit/think tank,,vault,3,0,2,linked by connectivity pass,Network Map/Organizations/Asian Pacific Islander American Public Affairs Association.md,4,0,
org|wells fargo,Wells Fargo,org,organization,,vault,6,0,2,linked by connectivity pass,Network Map/Organizations/Wells Fargo.md,3,0,
person|philip hampson knight,Philip Hampson Knight,person,,Philip H. Knight,vault,9,1,2,Other connected pairs/groups 50,Network Map/People/Philip Hampson Knight.md,3,0,
person|greg casar,Greg Casar,person,,,vault,85,0,2,linked by connectivity pass,Network Map/People/Greg Casar.md,8,0,
org|isis,Isis,org,organization,ISIS,vault,5,0,2,linked by connectivity pass,Network Map/Organizations/Isis.md,3,0,
person|ahmed dlimi,Ahmed Dlimi,person,,,vault,11,1,2,Other connected pairs/groups 12,Network Map/People/Ahmed Dlimi.md,6,0,
person|nellie liang,Nellie Liang,person,,,vault,12,2,2,Federal Reserve,Network Map/People/Nellie Liang.md,3,0,
org|utility trailer manufacturing company,Utility Trailer Manufacturing Company,org,company,,vault,14,1,2,Other connected pairs/groups 16,Network Map/Organizations/Utility Trailer Manufacturing Company.md,2,0,
org|huawei,Huawei,org,organization,,vault,20,1,2,Other connected pairs/groups 9,Network Map/Organizations/Huawei.md,4,0,
org|united states,United States,org,organization,UNITED STATES,vault,19,0,2,linked by connectivity pass,Network Map/Organizations/United States.md,7,0,
org|moelis and company,Moelis & Company,org,company,,vault,31,2,2,Moelis & Company,Network Map/Organizations/Moelis & Company.md,3,0,
person|john langeloth,John Langeloth,person,,,vault,13,1,2,Other connected pairs/groups 42,Network Map/People/John Langeloth.md,1,0,
org|national iranian oil company,National Iranian Oil Company,org,company,,vault,11,0,3,linked by connectivity pass,Network Map/Organizations/National Iranian Oil Company.md,3,0,
person|heidi klum,Heidi Klum,person,,,vault,7,1,2,Other connected pairs/groups 18,Network Map/People/Heidi Klum.md,1,0,
org|society of antiquaries of london,Society of Antiquaries of London,org,society/club,,vault,0,0,,(isolated),Network Map/Organizations/Society of Antiquaries of London.md,4,0,
person|christina beck,Christina Beck,person,,,vault,17,2,2,Other connected pairs/groups 23,Network Map/People/Christina Beck.md,1,0,
org|director board,DirectorBoard,org,organization,,vault,24,0,2,linked by connectivity pass,Network Map/Organizations/DirectorBoard.md,4,0,
org|university of oxford,University of Oxford,org,university/school,Oxford University; UNIVERSITY OF OXFORD,vault,201,0,1,linked by connectivity pass,Network Map/Organizations/University of Oxford.md,37,0,
org|experian,Experian,org,organization,,vault,17,1,2,Burberry,Network Map/Organizations/Experian.md,2,0,
org|mughal,Mughal,org,organization,,vault,1,0,3,linked by connectivity pass,Network Map/Organizations/Mughal.md,3,0,
org|un general assembly,UN General Assembly,org,international body,U.N. General Assembly,vault,26,2,1,UN General Assembly,Network Map/Organizations/UN General Assembly.md,3,0,
org|speyer,Speyer,org,organization,,vault,6,0,2,linked by connectivity pass,Network Map/Organizations/Speyer.md,3,0,
org|consensys,ConsenSys,org,organization,,vault,9,1,2,Other connected pairs/groups 7,Network Map/Organizations/ConsenSys.md,1,0,
org|alliance resource partners,Alliance Resource Partners,org,company,,vault,38,0,1,linked by connectivity pass,Network Map/Organizations/Alliance Resource Partners.md,3,0,
org|usaa,USAA,org,organization,,vault,5,0,2,linked by connectivity pass,Network Map/Organizations/USAA.md,3,0,
person|sushene swenson,Sushene Swenson,person,,,vault,9,1,3,Greenbelt Capital Partners,Network Map/People/Sushene Swenson.md,1,0,
org|master of science in strategic design and management,Master of Science in Strategic Design and Management,org,company,,vault,8,1,2,United Nations,Network Map/Organizations/Master of Science in Strategic Design and Management.md,1,0,
org|cftc,CFTC,org,organization,,vault,5,0,2,linked by connectivity pass,Network Map/Organizations/CFTC.md,3,0,
org|apax partners,Apax Partners,org,company,Apax Partners LLP,vault,27,0,2,linked by connectivity pass,Network Map/Organizations/Apax Partners.md,8,0,
org|nestle,Nestlé,org,organization,NESTLE; Nestle,vault,71,1,2,Other connected pairs/groups 47,Network Map/Organizations/Nestlé.md,8,0,
org|integrated archive systems,Integrated Archive Systems,org,organization,,vault,11,1,2,Other connected pairs/groups 5,Network Map/Organizations/Integrated Archive Systems.md,2,0,
org|credit special situations,Credit Special Situations,org,organization,,vault,7,0,2,linked by connectivity pass,Network Map/Organizations/Credit Special Situations.md,1,0,originally-read entity
person|william holman hunt,William Holman Hunt,person,,,vault,5,1,3,Other connected pairs/groups 51,Network Map/People/William Holman Hunt.md,1,0,
org|hsbc,HSBC,org,organization,,vault,94,0,1,linked by connectivity pass,Network Map/Organizations/HSBC.md,10,0,
person|judy chu,Judy Chu,person,,,vault,85,0,2,linked by connectivity pass,Network Map/People/Judy Chu.md,7,0,
person|raymond sackler,Raymond Sackler,person,,,vault,10,0,2,linked by connectivity pass,Network Map/People/Raymond Sackler.md,3,0,
org|national democratic institute,National Democratic Institute,org,NGO/nonprofit/think tank,,vault,10,0,2,linked by connectivity pass,Network Map/Organizations/National Democratic Institute.md,6,0,
org|dp world,DP World,org,organization,,vault,3,1,1,Other connected pairs/groups 25,Network Map/Organizations/DP World.md,1,0,
person|john peace,John Peace,person,,,vault,16,3,2,Burberry,Network Map/People/John Peace.md,2,0,
person|laurene powell jobs,Laurene Powell Jobs,person,,,vault,12,1,2,Apple,Network Map/People/Laurene Powell Jobs.md,1,0,
org|howard hughes medical institute,Howard Hughes Medical Institute,org,NGO/nonprofit/think tank,,vault,8,0,2,linked by connectivity pass,Network Map/Organizations/Howard Hughes Medical Institute.md,3,0,
person|justine robertson,Justine Robertson,person,,,vault,5,1,2,Other connected pairs/groups 43,Network Map/People/Justine Robertson.md,1,0,
person|jaco judah leon,Jaco Judah Leon,person,,,vault,3,1,4,Other connected pairs/groups 11,Network Map/People/Jaco Judah Leon.md,1,0,
org|sac capital advisors,SAC Capital Advisors,org,company,,vault,21,1,1,Other connected pairs/groups 1,Network Map/Organizations/SAC Capital Advisors.md,5,0,
org|miami university,Miami University,org,university/school,,vault,1,0,3,linked by connectivity pass,Network Map/Organizations/Miami University.md,4,0,
person|mack mclarty,Mack McLarty,person,,,vault,17,0,2,linked by connectivity pass,Network Map/People/Mack McLarty.md,3,0,
person|andrew gilmour,Andrew Gilmour,person,,,vault,80,3,2,Bullingdon Club,Network Map/People/Andrew Gilmour.md,1,0,
person|frederic rzewski,Frederic Rzewski,person,,,vault,14,0,3,linked by connectivity pass,Network Map/People/Frederic Rzewski.md,3,0,
org|save the children,Save the Children,org,organization,,vault,11,0,2,linked by connectivity pass,Network Map/Organizations/Save the Children.md,3,0,
org|itv studios,ITV Studios,org,company,,vault,36,0,2,linked by connectivity pass,Network Map/Organizations/ITV Studios.md,3,0,
person|jamie dinan,Jamie Dinan,person,,,vault,32,1,2,Other connected pairs/groups 40,Network Map/People/Jamie Dinan.md,2,0,
org|arison shipping company,Arison Shipping Company,org,company,,vault,5,0,2,linked by connectivity pass,Network Map/Organizations/Arison Shipping Company.md,3,0,
person|viscount camrose,Viscount Camrose,person,,,vault,10,1,3,Other connected pairs/groups 41,Network Map/People/Viscount Camrose.md,1,0,
person|patrick mcmullan,Patrick McMullan,person,,,vault,10,0,2,linked by connectivity pass,Network Map/People/Patrick McMullan.md,5,0,
org|howard university,Howard University,org,university/school,,vault,48,0,1,linked by connectivity pass,Network Map/Organizations/Howard University.md,14,0,
org|robin hood foundation,Robin Hood Foundation,org,foundation,,both,95,4,1,Grameen America,Network Map/Organizations/Robin Hood Foundation.md,15,0,
person|jeremy grantham,Jeremy Grantham,person,,,vault,5,1,1,Other connected pairs/groups 33,Network Map/People/Jeremy Grantham.md,1,0,
org|williams college,Williams College,org,university/school,,vault,42,0,2,linked by connectivity pass,Network Map/Organizations/Williams College.md,12,0,
org|us supreme court,US Supreme Court,org,government body,,vault,10,0,2,linked by connectivity pass,Network Map/Organizations/US Supreme Court.md,3,0,
org|jnf usa,Jnf-Usa,org,organization,JNF-USA,vault,1,1,,Other connected pairs/groups 41,Network Map/Organizations/Jnf-Usa.md,1,0,
org|school of industrial and labor relations,School of Industrial and Labor Relations,org,university/school,,vault,3,1,2,Other connected pairs/groups 44,Network Map/Organizations/School of Industrial and Labor Relations.md,1,0,
person|melanie stansbury,Melanie Stansbury,person,,,vault,85,0,2,linked by connectivity pass,Network Map/People/Melanie Stansbury.md,7,0,
person|john whitehead,John Whitehead,person,,John C. Whitehead,vault,37,0,2,linked by connectivity pass,Network Map/People/John Whitehead.md,3,0,
org|congress of the hague,Congress of The Hague,org,government body,,vault,2,1,3,Other connected pairs/groups 3,Network Map/Organizations/Congress of The Hague.md,1,0,
person|max freund,Max Freund,person,,,vault,1,1,,Other connected pairs/groups 31,Network Map/People/Max Freund.md,1,0,
org|abraham and straus,Abraham & Straus,org,organization,,vault,2,0,,linked by connectivity pass,Network Map/Organizations/Abraham & Straus.md,3,0,
person|don abraham benveniste,Don Abraham Benveniste,person,,,vault,3,0,,linked by connectivity pass,Network Map/People/Don Abraham Benveniste.md,2,0,originally-read entity
org|university of detroit,University of Detroit,org,university/school,,vault,14,0,2,linked by connectivity pass,Network Map/Organizations/University of Detroit.md,3,0,
org|berghof foundation,Berghof Foundation,org,foundation,,vault,72,1,2,Bullingdon Club,Network Map/Organizations/Berghof Foundation.md,1,0,
person|samuel doe,Samuel Doe,person,,,vault,13,0,2,linked by connectivity pass,Network Map/People/Samuel Doe.md,3,0,
person|roger lynch,Roger Lynch,person,,,vault,9,1,2,Condé Nast,Network Map/People/Roger Lynch.md,1,0,
person|william harris,William Harris,person,,,vault,7,0,2,linked by connectivity pass,Network Map/People/William Harris.md,3,0,
person|sheldon adelson,Sheldon Adelson,person,,Sheldon Gary Adelson,vault,4,0,2,linked by connectivity pass,Network Map/People/Sheldon Adelson.md,3,0,
org|jda software,JDA Software,org,organization,,vault,8,1,2,Other connected pairs/groups 39,Network Map/Organizations/JDA Software.md,4,0,
org|newsweek,Newsweek,org,organization,,vault,30,0,2,linked by connectivity pass,Network Map/Organizations/Newsweek.md,4,0,
person|ernest oppenheimer,Ernest Oppenheimer,person,,,vault,10,2,2,Other connected pairs/groups 5,Network Map/People/Ernest Oppenheimer.md,7,0,
org|iac,IAC Inc,org,company,,vault,8,1,2,Vivendi,Network Map/Organizations/IAC Inc.md,1,0,
person|werner g seifert,Werner G. Seifert,person,,,vault,2,1,2,Other connected pairs/groups 32,Network Map/People/Werner G. Seifert.md,1,0,
person|joan tisch,Joan Tisch,person,,Joan Hyman Tisch Tisch,vault,18,1,2,New York Giants,Network Map/People/Joan Tisch.md,3,0,
person|satya nadella,Satya Nadella,person,,,vault,52,0,2,linked by connectivity pass,Network Map/People/Satya Nadella.md,5,0,
org|brown forman,Brown-Forman,org,organization,Brown-Forman Corp; Brown-Forman Corp $,vault,16,0,2,linked by connectivity pass,Network Map/Organizations/Brown-Forman.md,3,0,
org|chemist and,Chemist &,org,organization,,vault,6,0,2,linked by connectivity pass,Network Map/Organizations/Chemist &.md,1,0,originally-read entity
person|nicolas sarkozy,Nicolas Sarkozy,person,,,vault,9,0,2,linked by connectivity pass,Network Map/People/Nicolas Sarkozy.md,5,0,
person|eileen ford,Eileen Ford,person,,,vault,3,1,2,Ford Models,Network Map/People/Eileen Ford.md,3,0,
org|international campaign for,International Campaign for,org,political organization,,vault,10,0,2,linked by connectivity pass,Network Map/Organizations/International Campaign for.md,4,0,
person|sebastian roberts,Sebastian Roberts,person,,,vault,78,1,2,Bullingdon Club,Network Map/People/Sebastian Roberts.md,1,0,
org|credit agricole group,Crédit Agricole Group,org,company,Credit Agricole Group,vault,53,0,2,linked by connectivity pass,Network Map/Organizations/Crédit Agricole Group.md,4,0,
org|board of trustees of,Board of Trustees of,org,organization,,vault,28,0,2,linked by connectivity pass,Network Map/Organizations/Board of Trustees of.md,3,0,
person|tower ward,Tower Ward,person,,,vault,3,0,2,linked by connectivity pass,Network Map/People/Tower Ward.md,3,0,
person|thomas e mann,Thomas E. Mann,person,,,vault,10,3,2,Brookings Institution,Network Map/People/Thomas E. Mann.md,1,0,
org|clearwater analytics holdings,Clearwater Analytics Holdings,org,company,,vault,7,0,2,linked by connectivity pass,Network Map/Organizations/Clearwater Analytics Holdings.md,3,0,
person|william knox d'arcy,William Knox D'Arcy,person,,,vault,11,0,3,linked by connectivity pass,Network Map/People/William Knox D'Arcy.md,3,0,
org|national lesbian gay task force,National Lesbian Gay Task Force,org,organization,,vault,1,1,,Other connected pairs/groups 49,Network Map/Organizations/National Lesbian Gay Task Force.md,1,0,
person|leslie kong,Leslie Kong,person,,,vault,6,0,3,linked by connectivity pass,Network Map/People/Leslie Kong.md,1,0,originally-read entity
org|unep,UNEP,org,organization,,vault,49,0,2,linked by connectivity pass,Network Map/Organizations/UNEP.md,3,0,
org|federal reserve,Federal Reserve,org,government body,Federal Reserve System,both,58,2,1,Federal Reserve,Network Map/Organizations/Federal Reserve.md,14,0,
person|steve forbes,Steve Forbes,person,,,vault,4,1,3,Other connected pairs/groups 33,Network Map/People/Steve Forbes.md,1,0,
org|central london,Central London,org,organization,,vault,7,0,2,linked by connectivity pass,Network Map/Organizations/Central London.md,3,0,
org|skadden arps slate meagher and flom,"Skadden, Arps, Slate, Meagher & Flom",org,organization,,vault,20,0,2,linked by connectivity pass,"Network Map/Organizations/Skadden, Arps, Slate, Meagher & Flom.md",3,0,
org|nextera energy,NextEra Energy,org,organization,,vault,14,0,2,linked by connectivity pass,Network Map/Organizations/NextEra Energy.md,3,0,
org|siemens,Siemens,org,organization,Siemens AG,vault,31,0,2,linked by connectivity pass,Network Map/Organizations/Siemens.md,9,0,
org|john fairfax holdings,John Fairfax Holdings,org,company,,vault,4,1,3,Other connected pairs/groups 37,Network Map/Organizations/John Fairfax Holdings.md,1,0,
person|myrna hanson,Myrna Hanson,person,,,vault,4,1,3,Other connected pairs/groups 34,Network Map/People/Myrna Hanson.md,1,0,
org|amazon mgm studios,Amazon MGM Studios,org,company,,vault,2,1,3,Other connected pairs/groups 13,Network Map/Organizations/Amazon MGM Studios.md,1,0,
person|reed hastings,Reed Hastings,person,,,vault,11,1,2,Other connected pairs/groups 50,Network Map/People/Reed Hastings.md,1,0,
person|leonard firestone,Leonard Firestone,person,,Leonard Kimball Firestone,both,138,1,1,Alpha Kappa Psi,Network Map/People/Leonard Firestone.md,2,2,
person|earle mclaughlin,Earle McLaughlin,person,,,vault,7,1,2,Canadian Pacific Railway,Network Map/People/Earle McLaughlin.md,2,0,
person|nelson w aldrich,Nelson Wilmarth Aldrich,person,,Nelson W. Aldrich,both,33,1,1,X posts only,Network Map/People/Nelson Wilmarth Aldrich.md,3,1,
org|golden globe awards,Golden Globe Awards,org,organization,Golden Globe Award,vault,27,0,2,linked by connectivity pass,Network Map/Organizations/Golden Globe Awards.md,8,0,
org|baha i faith,Baha'i Faith,org,organization,,vault,2,0,4,linked by connectivity pass,Network Map/Organizations/Baha'i Faith.md,3,0,
org|u s house of representatives,U.S. House of Representatives,org,government body,House of Representatives; U.S. House,vault,160,2,1,U.S. House of Representatives,Network Map/Organizations/U.S. House of Representatives.md,34,0,
person|graham hearne,Graham Hearne,person,,,vault,35,2,2,Other connected pairs/groups 8,Network Map/People/Graham Hearne.md,2,0,
org|sagent advisors,Sagent Advisors,org,company,,vault,27,2,2,Sagent Advisors,Network Map/Organizations/Sagent Advisors.md,2,0,
person|freddy heineken,Freddy Heineken,person,,,vault,18,0,2,linked by connectivity pass,Network Map/People/Freddy Heineken.md,4,0,
org|university of toronto,University of Toronto,org,university/school,,vault,16,0,2,linked by connectivity pass,Network Map/Organizations/University of Toronto.md,4,0,
person|joel j cohen,Joel J. Cohen,person,,,vault,27,1,2,Sagent Advisors,Network Map/People/Joel J. Cohen.md,2,0,
person|james lawrence,James Lawrence,person,,,vault,35,2,2,Unilever,Network Map/People/James Lawrence.md,3,0,
org|united way worldwide,United Way Worldwide,org,organization,,vault,1,0,3,linked by connectivity pass,Network Map/Organizations/United Way Worldwide.md,4,0,
org|norsk hydro,Norsk Hydro,org,organization,,vault,9,1,2,Statoil,Network Map/Organizations/Norsk Hydro.md,1,0,
person|arthur wellesley,Arthur Wellesley,person,,Arthur Valerian Wellesley,vault,78,1,2,Bullingdon Club,Network Map/People/Arthur Wellesley.md,1,0,
person|alan patricof,Alan Patricof,person,,,vault,36,2,1,Other connected pairs/groups 4,Network Map/People/Alan Patricof.md,5,0,
person|lawrence d mass,Lawrence D. Mass,person,,,vault,5,0,3,linked by connectivity pass,Network Map/People/Lawrence D. Mass.md,3,0,
person|gwyneth paltrow,Gwyneth Paltrow,person,,Gwyneth Kate Paltrow,vault,29,0,2,linked by connectivity pass,Network Map/People/Gwyneth Paltrow.md,6,0,
org|lucha,LUCHA,org,organization,,vault,4,1,,Other connected pairs/groups 45,Network Map/Organizations/LUCHA.md,1,0,
person|olav fjell,Olav Fjell,person,,,vault,9,1,2,Statoil,Network Map/People/Olav Fjell.md,1,0,
person|diane von furstenberg,Diane Von Furstenberg,person,,,vault,6,1,1,Vivendi,Network Map/People/Diane Von Furstenberg.md,1,0,
person|robert hurst,Robert Hurst,person,,,vault,23,1,1,Goldman Sachs,Network Map/People/Robert Hurst.md,2,0,
org|sirius,Sirius,org,organization,,vault,8,0,3,linked by connectivity pass,Network Map/Organizations/Sirius.md,3,0,
person|michael dell,Michael Dell,person,,,vault,50,0,1,linked by connectivity pass,Network Map/People/Michael Dell.md,3,0,
person|joaquin castro,Joaquin Castro,person,,,vault,85,0,2,linked by connectivity pass,Network Map/People/Joaquin Castro.md,7,0,
person|jack welch,Jack Welch,person,,,both,115,2,1,Other connected pairs/groups 3,Network Map/People/Jack Welch.md,3,3,
org|kremlin,Kremlin,org,organization,KREMLIN,vault,11,0,1,linked by connectivity pass,Network Map/Organizations/Kremlin.md,7,0,
person|elias ashmole,Elias Ashmole,person,,,vault,1,1,2,Other connected pairs/groups 29,Network Map/People/Elias Ashmole.md,2,0,
org|china investment,China Investment Corporation,org,company,,vault,25,0,1,linked by connectivity pass,Network Map/Organizations/China Investment Corporation.md,3,0,
person|nora ephron,Nora Ephron,person,,,vault,9,0,2,linked by connectivity pass,Network Map/People/Nora Ephron.md,3,0,
org|blavatnik school of government,Blavatnik School of Government,org,university/school,,vault,11,0,2,linked by connectivity pass,Network Map/Organizations/Blavatnik School of Government.md,3,0,
person|summer lee,Summer Lee,person,,,vault,83,0,2,linked by connectivity pass,Network Map/People/Summer Lee.md,7,0,
person|lucien bonaparte,Lucien Bonaparte,person,,,vault,1,1,,Other connected pairs/groups 46,Network Map/People/Lucien Bonaparte.md,1,0,
person|bertha bondi,Bertha Bondi,person,,,vault,7,1,3,Other connected pairs/groups 18,Network Map/People/Bertha Bondi.md,1,0,
org|anaconda,Anaconda,org,organization,,vault,7,1,3,Other connected pairs/groups 14,Network Map/Organizations/Anaconda.md,4,0,
org|air force,Air Force,org,organization,,vault,25,0,2,linked by connectivity pass,Network Map/Organizations/Air Force.md,6,0,
org|block trading regulatory reporting,"Block Trading, Regulatory Reporting",org,organization,,vault,2,1,2,Other connected pairs/groups 19,"Network Map/Organizations/Block Trading, Regulatory Reporting.md",1,0,
org|astrobiology,Astrobiology,org,organization,,vault,17,1,2,linked by connectivity pass,Network Map/Organizations/Astrobiology.md,1,0,originally-read entity
person|kamal adham,Kamal Adham,person,,,vault,17,2,2,Other connected pairs/groups 4,Network Map/People/Kamal Adham.md,7,0,
person|robert lighthizer,Robert Lighthizer,person,,,vault,44,0,2,linked by connectivity pass,Network Map/People/Robert Lighthizer.md,3,0,
org|parenthood,Parenthood,org,organization,,vault,6,0,2,linked by connectivity pass,Network Map/Organizations/Parenthood.md,4,0,
person|anthony perkins,Anthony Perkins,person,,,vault,18,0,2,linked by connectivity pass,Network Map/People/Anthony Perkins.md,3,0,
person|anton g hajjar,Anton G. Hajjar,person,,,vault,10,1,2,Other connected pairs/groups 14,Network Map/People/Anton G. Hajjar.md,1,0,
org|andrew w mellon foundation,Andrew W. Mellon Foundation,org,foundation,,vault,7,0,2,linked by connectivity pass,Network Map/Organizations/Andrew W. Mellon Foundation.md,3,0,
org|d e shaw and,D. E. Shaw & Co,org,organization,,vault,10,0,2,linked by connectivity pass,Network Map/Organizations/D. E. Shaw & Co.md,3,0,
org|rsac conference,RSAC Conference,org,organization,,vault,9,2,2,RSAC Conference,Network Map/Organizations/RSAC Conference.md,2,0,
org|occupations film,Occupations Film,org,organization,,vault,6,0,2,linked by connectivity pass,Network Map/Organizations/Occupations Film.md,3,0,
org|mises institute,Mises Institute,org,NGO/nonprofit/think tank,,vault,16,0,2,linked by connectivity pass,Network Map/Organizations/Mises Institute.md,3,0,
person|philip heimowitz,Philip Heimowitz,person,,Philip A. Heimowitz,both,62,3,1,Fried Frank,Network Map/People/Philip Heimowitz.md,4,2,
person|ryan petersen,Ryan Petersen,person,,,both,4,0,2,linked by connectivity pass,Network Map/People/Ryan Petersen.md,4,2,
org|merck and,Merck & Co,org,organization,,vault,12,1,2,Other connected pairs/groups 48,Network Map/Organizations/Merck & Co.md,2,0,
org|british airways,British Airways,org,organization,,vault,3,1,2,Other connected pairs/groups 20,Network Map/Organizations/British Airways.md,1,0,
person|dante gabriel rossetti,Dante Gabriel Rossetti,person,,,vault,9,0,2,linked by connectivity pass,Network Map/People/Dante Gabriel Rossetti.md,3,0,
person|walt whitman,Walt Whitman,person,,,vault,13,0,2,linked by connectivity pass,Network Map/People/Walt Whitman.md,5,0,
person|vladimir lenin,Vladimir Lenin,person,,,vault,2,0,3,linked by connectivity pass,Network Map/People/Vladimir Lenin.md,3,0,
org|office of management and budget,Office of Management and Budget,org,company,,vault,13,1,2,Citibank,Network Map/Organizations/Office of Management and Budget.md,4,0,
org|commerzbank,Commerzbank,org,organization,COMMERZBANK,vault,10,0,2,linked by connectivity pass,Network Map/Organizations/Commerzbank.md,4,0,
org|kuhn loeb and,"Kuhn, Loeb & Co",org,organization,"Kuhn, Loeb and Co",vault,19,0,2,linked by connectivity pass,"Network Map/Organizations/Kuhn, Loeb & Co.md",6,0,
person|muriel barbara rothschild,Muriel Barbara Rothschild,person,,,vault,8,0,2,linked by connectivity pass,Network Map/People/Muriel Barbara Rothschild.md,4,0,
person|robert ambelain,Robert Ambelain,person,,,vault,14,0,2,linked by connectivity pass,Network Map/People/Robert Ambelain.md,5,0,
person|ray bellem,Ray Bellem,person,,,vault,5,2,1,Other connected pairs/groups 6,Network Map/People/Ray Bellem.md,1,0,
org|ethereum,Ethereum,org,organization,,vault,9,1,2,Other connected pairs/groups 7,Network Map/Organizations/Ethereum.md,1,0,
person|richard trevithick,Richard Trevithick,person,,,vault,1,0,4,linked by connectivity pass,Network Map/People/Richard Trevithick.md,3,0,
org|bentley,Bentley,org,organization,,vault,7,1,2,Other connected pairs/groups 18,Network Map/Organizations/Bentley.md,1,0,
org|white,White,org,organization,,vault,9,0,2,linked by connectivity pass,Network Map/Organizations/White.md,3,0,
org|city council,City Council,org,NGO/nonprofit/think tank,,vault,19,0,2,linked by connectivity pass,Network Map/Organizations/City Council.md,5,0,
person|matteo mecacci,Matteo Mecacci,person,,,vault,6,0,2,linked by connectivity pass,Network Map/People/Matteo Mecacci.md,3,0,
org|new york times,New York Times,org,organization,NEW YORK TIMES,vault,200,1,1,Other connected pairs/groups 38,Network Map/Organizations/New York Times.md,54,0,
org|pontiac city council,Pontiac City Council,org,NGO/nonprofit/think tank,Pontiac - City Council,vault,3,0,3,linked by connectivity pass,Network Map/Organizations/Pontiac City Council.md,3,0,
person|trevor c rowe,Trevor C. Rowe,person,,,vault,15,2,2,Other connected pairs/groups 5,Network Map/People/Trevor C. Rowe.md,2,0,
org|u s national register of historic places,U.S. National Register of Historic Places,org,organization,,vault,2,0,,linked by connectivity pass,Network Map/Organizations/U.S. National Register of Historic Places.md,4,0,
org|rautalampi forest holding oy,Rautalampi Forest Holding Oy,org,organization,,vault,45,1,1,Other connected pairs/groups 47,Network Map/Organizations/Rautalampi Forest Holding Oy.md,3,0,
person|albert bauer,Albert Bauer,person,,,vault,6,1,2,Other connected pairs/groups 12,Network Map/People/Albert Bauer.md,1,0,
org|sdece saudi arabia,SDECE Saudi Arabia,org,organization,,vault,11,1,2,linked by connectivity pass,Network Map/Organizations/SDECE Saudi Arabia.md,3,0,unresolved OCR name
org|zhabotinskaya kopp,Zhabotinskaya-Kopp,org,organization,,vault,5,1,3,Other connected pairs/groups 54,Network Map/Organizations/Zhabotinskaya-Kopp.md,1,0,
org|times mirror company,Times-Mirror Company,org,company,,vault,4,1,3,Other connected pairs/groups 44,Network Map/Organizations/Times-Mirror Company.md,1,0,
person|lin arison,Lin Arison,person,,,vault,11,3,2,Other connected pairs/groups 2,Network Map/People/Lin Arison.md,3,0,
org|office of the chief,Office of the Chief,org,organization,,vault,16,0,2,linked by connectivity pass,Network Map/Organizations/Office of the Chief.md,1,0,originally-read entity
org|queen,Queen,org,organization,,vault,22,0,2,linked by connectivity pass,Network Map/Organizations/Queen.md,4,0,
person|ken lewis,Ken Lewis,person,,,vault,14,1,2,Bank of America,Network Map/People/Ken Lewis.md,2,0,
org|michigan house of representatives,Michigan House of Representatives,org,government body,,vault,7,0,2,linked by connectivity pass,Network Map/Organizations/Michigan House of Representatives.md,3,0,
org|knights hospitaller,Knights Hospitaller,org,organization,,vault,13,0,2,linked by connectivity pass,Network Map/Organizations/Knights Hospitaller.md,7,0,
person|andrew h green,Andrew H. Green,person,,,vault,4,1,3,Other connected pairs/groups 14,Network Map/People/Andrew H. Green.md,1,0,
person|mortimer sackler,Mortimer Sackler,person,,Mortimer David Sackler,vault,15,1,1,Other connected pairs/groups 39,Network Map/People/Mortimer Sackler.md,4,0,
org|deloitte,Deloitte,org,organization,DELOITTE; Deloitte LLP,vault,40,1,2,Other connected pairs/groups 3,Network Map/Organizations/Deloitte.md,11,0,
org|ceo and founder,CEO & Founder,org,organization,CEO & Co-Founder,vault,32,0,2,linked by connectivity pass,Network Map/Organizations/CEO & Founder.md,3,0,
person|jimmy carter,Jimmy Carter,person,,,both,161,0,1,linked by connectivity pass,Network Map/People/Jimmy Carter.md,14,3,
person|thomas cook,Thomas Cook,person,,,vault,4,0,2,linked by connectivity pass,Network Map/People/Thomas Cook.md,3,0,
person|jacqueline hurst,Jacqueline Hurst,person,,Jacqueline Lisa Hurst,vault,6,0,3,linked by connectivity pass,Network Map/People/Jacqueline Hurst.md,3,0,
org|dahabshiil,Dahabshiil,org,organization,,vault,60,0,1,linked by connectivity pass,Network Map/Organizations/Dahabshiil.md,3,0,
org|publicis groupe,Publicis Groupe,org,organization,PUBLICIS GROUPE,vault,18,0,1,linked by connectivity pass,Network Map/Organizations/Publicis Groupe.md,10,0,
org|stanford university,Stanford University,org,university/school,Education Stanford University; Stanford,vault,193,1,2,Other connected pairs/groups 53,Network Map/Organizations/Stanford University.md,56,0,
org|ally development,Ally Development,org,organization,,vault,4,1,,linked by connectivity pass,Network Map/Organizations/Ally Development.md,1,0,originally-read entity
org|brooklyn regional office of the new york state,Brooklyn Regional Office of the New York State,org,organization,,vault,2,1,2,linked by connectivity pass,Network Map/Organizations/Brooklyn Regional Office of the New York State.md,1,0,originally-read entity
org|richcraft,Richcraft,org,organization,Richcraft Inc,vault,14,0,2,linked by connectivity pass,Network Map/Organizations/Richcraft.md,3,0,
org|pirelli,Pirelli,org,organization,,vault,47,0,2,linked by connectivity pass,Network Map/Organizations/Pirelli.md,3,0,
person|george gibbs,George Gibbs,person,,,vault,78,1,2,Bullingdon Club,Network Map/People/George Gibbs.md,1,0,
person|jared huffman,Jared Huffman,person,,,vault,83,0,2,linked by connectivity pass,Network Map/People/Jared Huffman.md,6,0,
org|abc,ABC,org,organization,,vault,46,0,2,linked by connectivity pass,Network Map/Organizations/ABC.md,10,0,
org|barclays bank,Barclays Bank,org,company,Barclays Bank!,vault,36,1,2,Other connected pairs/groups 17,Network Map/Organizations/Barclays Bank.md,4,0,
org|university of pennsylvania,University of Pennsylvania,org,university/school,Education University of Pennsylvania,both,179,1,1,X posts only,Network Map/Organizations/University of Pennsylvania.md,28,0,
org|royal college of art,Royal College of Art,org,university/school,,vault,25,0,2,linked by connectivity pass,Network Map/Organizations/Royal College of Art.md,4,0,
person|william ste,William Ste,person,,,vault,2,1,2,Other connected pairs/groups 51,Network Map/People/William Ste.md,1,0,
org|legal defense fund,Legal Defense Fund,org,organization,,vault,19,0,2,linked by connectivity pass,Network Map/Organizations/Legal Defense Fund.md,1,0,originally-read entity
person|gabriel valdez,Gabriel Valdez,person,,,vault,4,1,3,Other connected pairs/groups 34,Network Map/People/Gabriel Valdez.md,1,0,
org|university of massachusetts,University of Massachusetts,org,university/school,,vault,27,0,2,linked by connectivity pass,Network Map/Organizations/University of Massachusetts.md,6,0,
org|shearson,Shearson,org,organization,,vault,21,1,2,linked by connectivity pass,Network Map/Organizations/Shearson.md,4,0,
person|marian wright edelman,Marian Wright Edelman,person,,,vault,18,1,2,Other connected pairs/groups 47,Network Map/People/Marian Wright Edelman.md,1,0,
org|northrop,Northrop Corporation,org,company,NORTHROP; Northrop,vault,30,0,2,linked by connectivity pass,Network Map/Organizations/Northrop Corporation.md,3,0,
org|front companies,Front Companies,org,organization,,vault,0,0,,(isolated),Network Map/Organizations/Front Companies.md,3,0,
org|genting hong kong,Genting Hong Kong,org,organization,,vault,4,1,2,Other connected pairs/groups 34,Network Map/Organizations/Genting Hong Kong.md,1,0,
person|paul carttar,Paul Carttar,person,,,vault,6,2,2,Other connected pairs/groups 9,Network Map/People/Paul Carttar.md,2,0,
org|shearson lehman hutton,Shearson Lehman Hutton,org,organization,,vault,16,0,2,linked by connectivity pass,Network Map/Organizations/Shearson Lehman Hutton.md,3,0,
person|howard lutnick,Howard Lutnick,person,,,vault,14,0,2,linked by connectivity pass,Network Map/People/Howard Lutnick.md,4,0,
person|jane rosenthal,Jane Rosenthal,person,,,vault,27,5,1,Other connected pairs/groups 1,Network Map/People/Jane Rosenthal.md,10,0,
org|foreign and commonwealth office,Foreign and Commonwealth Office,org,organization,Foreign & Commonwealth Office,vault,10,0,2,linked by connectivity pass,Network Map/Organizations/Foreign and Commonwealth Office.md,3,0,
person|giovanni prezioso,Giovanni Prezioso,person,,,vault,25,2,2,U.S. Securities and Exchange Commission,Network Map/People/Giovanni Prezioso.md,1,0,
org|oxford university press,Oxford University Press,org,university/school,,vault,47,0,2,linked by connectivity pass,Network Map/Organizations/Oxford University Press.md,3,0,
person|rahm emanuel,Rahm Emanuel,person,,Rahm Emanue',both,86,2,1,Other connected pairs/groups 8,Network Map/People/Rahm Emanuel.md,6,8,
org|brz,Brz,org,organization,,vault,4,0,3,linked by connectivity pass,Network Map/Organizations/Brz.md,3,0,unresolved OCR name
org|executive council,Executive Council,org,NGO/nonprofit/think tank,,vault,14,0,2,linked by connectivity pass,Network Map/Organizations/Executive Council.md,3,0,
person|def jam,Def Jam,person,,,vault,14,0,2,linked by connectivity pass,Network Map/People/Def Jam.md,3,0,
person|christopher cox,Christopher Cox,person,,,vault,24,1,1,U.S. Securities and Exchange Commission,Network Map/People/Christopher Cox.md,4,0,
person|gerald ford,Gerald Ford,person,,Gerald R. Ford,vault,70,0,2,linked by connectivity pass,Network Map/People/Gerald Ford.md,17,0,
person|george curzon,George Curzon,person,,,vault,79,1,2,Bullingdon Club,Network Map/People/George Curzon.md,2,0,
person|jack paed,Jack Paed,person,,,vault,85,0,2,linked by connectivity pass,Network Map/People/Jack Paed.md,7,0,
org|university of vienna,University of Vienna,org,university/school,Education University of Vienna,vault,6,0,2,linked by connectivity pass,Network Map/Organizations/University of Vienna.md,6,0,
org|new mountain capital,New Mountain Capital,org,company,New Mountain CapitTar; New Mountain Capital LLC,vault,96,5,1,New Mountain Capital,Network Map/Organizations/New Mountain Capital.md,32,0,
person|henry augustus smyth,Henry Augustus Smyth,person,,,vault,5,0,4,linked by connectivity pass,Network Map/People/Henry Augustus Smyth.md,3,0,
person|henry ford,Henry Ford,person,,,vault,25,0,2,linked by connectivity pass,Network Map/People/Henry Ford.md,10,0,
org|schlumberger,Schlumberger,org,organization,,vault,9,1,2,Other connected pairs/groups 12,Network Map/Organizations/Schlumberger.md,1,0,
person|dutch heineken,Dutch Heineken,person,,,vault,18,0,2,linked by connectivity pass,Network Map/People/Dutch Heineken.md,3,0,
person|mark schneider,Mark Schneider,person,,,vault,1,1,3,Other connected pairs/groups 47,Network Map/People/Mark Schneider.md,1,0,
person|alaa naccif,Alaa Naccif,person,,,vault,6,0,2,linked by connectivity pass,Network Map/People/Alaa Naccif.md,3,0,
person|rand paul,Rand Paul,person,,,both,89,0,2,linked by connectivity pass,Network Map/People/Rand Paul.md,10,3,
org|leucadia,Leucadia,org,organization,,vault,7,2,2,Leucadia,Network Map/Organizations/Leucadia.md,1,0,
person|douglas kahn,Douglas Kahn,person,,,vault,27,1,2,Other connected pairs/groups 25,Network Map/People/Douglas Kahn.md,2,0,
org|san francisco chronicle,San Francisco Chronicle,org,organization,,vault,15,0,2,linked by connectivity pass,Network Map/Organizations/San Francisco Chronicle.md,3,0,
org|zentralsparkasse,Zentralsparkasse,org,organization,,vault,7,0,2,linked by connectivity pass,Network Map/Organizations/Zentralsparkasse.md,1,0,originally-read entity
person|gary peters,Gary Peters,person,,Gary Charles Peters,vault,108,1,2,Other connected pairs/groups 34,Network Map/People/Gary Peters.md,14,0,
org|safaricom,Safaricom,org,organization,,vault,6,0,2,linked by connectivity pass,Network Map/Organizations/Safaricom.md,5,0,
org|university of edinburgh,University of Edinburgh,org,university/school,,vault,11,0,2,linked by connectivity pass,Network Map/Organizations/University of Edinburgh.md,3,0,
org|ftse,FTSE,org,organization,,vault,38,0,2,linked by connectivity pass,Network Map/Organizations/FTSE.md,12,0,
org|u s department of justice,U.S. Department of Justice,org,government body,DOJ; Department of Justice; Justice Department; US Department of Justice,vault,169,0,1,linked by connectivity pass,Network Map/Organizations/U.S. Department of Justice.md,43,0,
org|ciganer albeniz,Ciganer-Albéniz,org,organization,,vault,9,0,2,linked by connectivity pass,Network Map/Organizations/Ciganer-Albéniz.md,3,0,
org|aclu foundation,ACLU Foundation,org,foundation,,vault,6,1,2,Rockefeller Foundation,Network Map/Organizations/ACLU Foundation.md,2,0,
person|frank pakenham,Frank Pakenham,person,,,vault,78,1,2,Bullingdon Club,Network Map/People/Frank Pakenham.md,1,0,
person|robin farkas,Robin Farkas,person,,,vault,11,1,1,Other connected pairs/groups 12,Network Map/People/Robin Farkas.md,2,0,
person|mary lina pollak,Mary Lina Pollak,person,,,vault,1,1,3,Other connected pairs/groups 5,Network Map/People/Mary Lina Pollak.md,1,0,
org|thrive global,Thrive Global,org,organization,,vault,11,1,2,Other connected pairs/groups 26,Network Map/Organizations/Thrive Global.md,1,0,
org|ku klux klan,Ku Klux Klan,org,organization,,vault,14,1,2,Other connected pairs/groups 44,Network Map/Organizations/Ku Klux Klan.md,6,0,
person|james weinstein,James Weinstein,person,,,vault,9,1,2,Other connected pairs/groups 40,Network Map/People/James Weinstein.md,2,0,
org|socialist party,Socialist Party,org,political organization,,vault,19,1,2,United Nations,Network Map/Organizations/Socialist Party.md,6,0,
org|grover strategies,Grover Strategies,org,organization,,vault,4,1,2,Other connected pairs/groups 12,Network Map/Organizations/Grover Strategies.md,1,0,
org|thelema,Thelema,org,organization,,vault,18,0,2,linked by connectivity pass,Network Map/Organizations/Thelema.md,4,0,
person|robert pritzker,Robert Pritzker,person,,,vault,14,1,2,Other connected pairs/groups 24,Network Map/People/Robert Pritzker.md,4,0,
org|fdic,FDIC,org,organization,,vault,20,1,2,U.S. Securities and Exchange Commission,Network Map/Organizations/FDIC.md,1,0,
org|rener united states navy,Rener United States Navy,org,organization,,vault,11,1,2,Other connected pairs/groups 51,Network Map/Organizations/Rener United States Navy.md,1,0,
person|laura karpman,Laura Karpman,person,,,vault,14,0,3,linked by connectivity pass,Network Map/People/Laura Karpman.md,3,0,
org|massmutual,MassMutual,org,organization,,vault,4,1,2,Other connected pairs/groups 34,Network Map/Organizations/MassMutual.md,2,0,
person|mary phagan,Mary Phagan,person,,,vault,2,1,3,Other connected pairs/groups 48,Network Map/People/Mary Phagan.md,1,0,
person|gwen moore,Gwen Moore,person,,,vault,84,0,2,linked by connectivity pass,Network Map/People/Gwen Moore.md,7,0,
person|fiona watson,Fiona Watson,person,,,vault,3,0,2,linked by connectivity pass,Network Map/People/Fiona Watson.md,3,0,
person|nathan fain,Nathan Fain,person,,,vault,5,0,3,linked by connectivity pass,Network Map/People/Nathan Fain.md,3,0,
org|amc theatres,AMC Theatres,org,organization,,vault,2,1,2,Other connected pairs/groups 10,Network Map/Organizations/AMC Theatres.md,1,0,
person|crown prince mohammed bin salman,Crown Prince Mohammed bin Salman,person,,,vault,6,0,2,linked by connectivity pass,Network Map/People/Crown Prince Mohammed bin Salman.md,3,0,
org|napoleon,Napoleon,org,organization,Napoléon,vault,72,0,1,linked by connectivity pass,Network Map/Organizations/Napoleon.md,4,0,
org|sun microsystems,Sun Microsystems,org,organization,,vault,23,0,2,linked by connectivity pass,Network Map/Organizations/Sun Microsystems.md,3,0,
person|robert roberts,Robert Roberts,person,,,vault,7,1,2,New Mountain Capital,Network Map/People/Robert Roberts.md,1,0,
org|miller brewing company,Miller Brewing Company,org,company,,vault,1,1,,Other connected pairs/groups 49,Network Map/Organizations/Miller Brewing Company.md,1,0,
person|muammar gaddafi,Muammar Gaddafi,person,,,vault,5,0,,linked by connectivity pass,Network Map/People/Muammar Gaddafi.md,3,0,
org|norton museum of art,Norton Museum of Art,org,organization,,vault,16,1,2,Other connected pairs/groups 50,Network Map/Organizations/Norton Museum of Art.md,3,0,
org|starcom mediavest group,Starcom MediaVest Group,org,company,,vault,8,0,2,linked by connectivity pass,Network Map/Organizations/Starcom MediaVest Group.md,3,0,
org|chase manhattan,Chase Manhattan Corporation,org,company,,vault,30,1,2,Other connected pairs/groups 22,Network Map/Organizations/Chase Manhattan Corporation.md,3,0,
person|andrea f ruocco,Andrea F. Ruocco,person,,,vault,5,2,2,Other connected pairs/groups 5,Network Map/People/Andrea F. Ruocco.md,1,0,
person|james dunn,James Dunn,person,,James Hamet Dunn,vault,5,0,2,linked by connectivity pass,Network Map/People/James Dunn.md,3,0,
org|selwyn house,Selwyn House,org,organization,,vault,8,0,3,linked by connectivity pass,Network Map/Organizations/Selwyn House.md,3,0,
person|john s mccain sr,John S. McCain Sr,person,,,vault,3,1,2,Other connected pairs/groups 42,Network Map/People/John S. McCain Sr.md,1,0,
org|dillon read and,"Dillon, Read & Co",org,organization,Dillon Read & Co,vault,15,1,2,Other connected pairs/groups 28,"Network Map/Organizations/Dillon, Read & Co.md",4,0,
person|oscar pistorius,Oscar Pistorius,person,,,vault,2,1,2,Other connected pairs/groups 36,Network Map/People/Oscar Pistorius.md,1,0,
person|bobby william austin,Bobby William Austin,person,,,vault,6,2,2,Other connected pairs/groups 20,Network Map/People/Bobby William Austin.md,1,0,
person|andrew cuomo,Andrew Cuomo,person,,,vault,31,0,1,linked by connectivity pass,Network Map/People/Andrew Cuomo.md,5,0,
person|bernard looney,Bernard Looney,person,,,vault,6,1,3,Other connected pairs/groups 18,Network Map/People/Bernard Looney.md,4,0,
person|jeff yass,Jeff Yass,person,,,both,84,3,1,Other connected pairs/groups 21,Network Map/People/Jeff Yass.md,2,25,
org|revolutionizing prosthetics,Revolutionizing Prosthetics,org,organization,,vault,1,1,2,Other connected pairs/groups 27,Network Map/Organizations/Revolutionizing Prosthetics.md,1,0,
org|louvain university,Louvain University,org,university/school,,vault,3,0,2,linked by connectivity pass,Network Map/Organizations/Louvain University.md,3,0,
org|ses s a,Ses S.A,org,organization,SES S.A,vault,2,1,1,Other connected pairs/groups 50,Network Map/Organizations/Ses S.A.md,1,0,
org|sons of liberty,Sons of Liberty,org,organization,,vault,8,0,3,linked by connectivity pass,Network Map/Organizations/Sons of Liberty.md,3,0,
person|jacques chirac,Jacques Chirac,person,,,vault,13,0,2,linked by connectivity pass,Network Map/People/Jacques Chirac.md,3,0,
org|american philosophical society,American Philosophical Society,org,society/club,,vault,21,0,2,linked by connectivity pass,Network Map/Organizations/American Philosophical Society.md,6,0,
org|jpmorgan japanese investment trust,JPMorgan Japanese Investment Trust plc,org,foundation,,vault,16,1,2,Other connected pairs/groups 4,Network Map/Organizations/JPMorgan Japanese Investment Trust plc.md,1,0,
org|vatican council for inclusive capitalism,Vatican Council for Inclusive Capitalism,org,NGO/nonprofit/think tank,,vault,13,1,2,Other connected pairs/groups 4,Network Map/Organizations/Vatican Council for Inclusive Capitalism.md,1,0,
org|madras,Madras,org,organization,,vault,8,0,2,linked by connectivity pass,Network Map/Organizations/Madras.md,3,0,
org|tech and corporate responsibility group,Tech and Corporate Responsibility Group,org,company,,vault,3,0,2,linked by connectivity pass,Network Map/Organizations/Tech and Corporate Responsibility Group.md,1,0,originally-read entity
org|gotham chopra,Gotham Chopra,org,organization,,vault,5,0,2,linked by connectivity pass,Network Map/Organizations/Gotham Chopra.md,3,0,
person|winthrop w aldrich,Winthrop Williams Aldrich,person,,Winthrop W. Aldrich,both,17,1,1,X posts only,Network Map/People/Winthrop Williams Aldrich.md,3,1,
person|paul germain,Paul Germain,person,,,vault,17,1,2,Other connected pairs/groups 51,Network Map/People/Paul Germain.md,1,0,
person|robert fleming,Robert Fleming,person,,,vault,4,0,3,linked by connectivity pass,Network Map/People/Robert Fleming.md,4,0,
org|fox business,Fox Business,org,organization,,vault,13,0,1,linked by connectivity pass,Network Map/Organizations/Fox Business.md,3,0,
person|muhammad yunus,Muhammad Yunus,person,,,both,195,3,1,Other connected pairs/groups 35,Network Map/People/Muhammad Yunus.md,7,20,
person|xi jinping,Xi Jinping,person,,,vault,19,0,2,linked by connectivity pass,Network Map/People/Xi Jinping.md,5,0,
org|republican party,Republican Party,org,political organization,,vault,96,1,2,linked by connectivity pass,Network Map/Organizations/Republican Party.md,27,0,
person|kleiner perkins,Kleiner Perkins,person,,,vault,24,0,2,linked by connectivity pass,Network Map/People/Kleiner Perkins.md,3,0,
person|thomas agar-robartes,Thomas Agar-Robartes,person,,,vault,78,1,2,Bullingdon Club,Network Map/People/Thomas Agar-Robartes.md,1,0,
org|radical faeries,Radical Faeries,org,organization,,vault,6,0,2,linked by connectivity pass,Network Map/Organizations/Radical Faeries.md,5,0,
person|william fletcher barrett,William Fletcher Barrett,person,,William F. Barrett,vault,4,0,2,linked by connectivity pass,Network Map/People/William Fletcher Barrett.md,3,0,
org|peking university,Peking University,org,university/school,,vault,26,0,2,linked by connectivity pass,Network Map/Organizations/Peking University.md,4,0,
person|peter salovey,Peter Salovey,person,,,vault,40,1,2,Other connected pairs/groups 51,Network Map/People/Peter Salovey.md,3,0,
person|judy chicago,Judy Chicago,person,,,vault,9,0,2,linked by connectivity pass,Network Map/People/Judy Chicago.md,3,0,
person|ali reza pahlavi,Ali Reza Pahlavi,person,,,vault,7,1,2,Other connected pairs/groups 13,Network Map/People/Ali Reza Pahlavi.md,2,0,
org|gfg alliance,GFG Alliance,org,NGO/nonprofit/think tank,,vault,4,1,2,Greensill Capital,Network Map/Organizations/GFG Alliance.md,1,0,
org|dod,DoD,org,organization,,vault,8,0,2,linked by connectivity pass,Network Map/Organizations/DoD.md,4,0,
org|endeavor talent agency,Endeavor Talent Agency,org,government body,,vault,13,1,2,Other connected pairs/groups 30,Network Map/Organizations/Endeavor Talent Agency.md,2,0,
person|william rockefeller,William Rockefeller,person,,William A. Rockefeller,vault,7,0,2,linked by connectivity pass,Network Map/People/William Rockefeller.md,3,0,
org|dresdner kleinwort capital,Dresdner Kleinwort Capital,org,company,,vault,9,0,2,linked by connectivity pass,Network Map/Organizations/Dresdner Kleinwort Capital.md,4,0,
org|products financial,Products Financial,org,organization,,vault,10,0,2,linked by connectivity pass,Network Map/Organizations/Products Financial.md,3,0,
org|youth international party,Youth International Party,org,political organization,,vault,7,0,2,linked by connectivity pass,Network Map/Organizations/Youth International Party.md,3,0,
org|ryan seacrest productions,Ryan Seacrest Productions,org,organization,,vault,5,1,3,Other connected pairs/groups 53,Network Map/Organizations/Ryan Seacrest Productions.md,1,0,
org|mega group,Mega Group,org,company,Mega Group Inc,both,168,2,1,X posts only,Network Map/Organizations/Mega Group.md,4,0,
person|rose fould furtado,Rose Fould Furtado,person,,,vault,2,1,,Other connected pairs/groups 29,Network Map/People/Rose Fould Furtado.md,1,0,
org|ciso,CISO,org,organization,,vault,6,0,2,linked by connectivity pass,Network Map/Organizations/CISO.md,5,0,
person|kevin hallock,Kevin Hallock,person,,,vault,3,1,2,Other connected pairs/groups 44,Network Map/People/Kevin Hallock.md,1,0,
person|peter orszag,Peter Orszag,person,,Peter R. Orszag; Peter Richard Orszag,vault,78,3,2,Citibank,Network Map/People/Peter Orszag.md,9,0,
org|mtv networks,MTV Networks,org,organization,,vault,5,0,2,linked by connectivity pass,Network Map/Organizations/MTV Networks.md,3,0,
org|j f schreder and,J.F. Schréder & Co,org,organization,,vault,4,1,3,Other connected pairs/groups 39,Network Map/Organizations/J.F. Schréder & Co.md,1,0,
person|helena christensen,Helena Christensen,person,,,both,6,0,1,linked by connectivity pass,Network Map/People/Helena Christensen.md,3,2,
org|fetzer institute,Fetzer Institute,org,NGO/nonprofit/think tank,,vault,4,1,,Other connected pairs/groups 32,Network Map/Organizations/Fetzer Institute.md,2,0,
org|era coalition,ERA Coalition,org,NGO/nonprofit/think tank,,vault,20,1,2,Other connected pairs/groups 29,Network Map/Organizations/ERA Coalition.md,1,0,
person|paul sipio,Paul Sipio,person,,,vault,18,2,2,Universal Music Group,Network Map/People/Paul Sipio.md,4,0,
person|ron paul,Ron Paul,person,,,vault,4,0,2,linked by connectivity pass,Network Map/People/Ron Paul.md,3,0,
org|international film service,International Film Service,org,NGO/nonprofit/think tank,,vault,8,1,2,Other connected pairs/groups 38,Network Map/Organizations/International Film Service.md,1,0,
org|abraham fund,Abraham Fund,org,organization,,vault,5,1,2,Other connected pairs/groups 11,Network Map/Organizations/Abraham Fund.md,1,0,
org|world wide fund for nature,World Wide Fund for Nature,org,foundation,,vault,8,0,2,linked by connectivity pass,Network Map/Organizations/World Wide Fund for Nature.md,3,0,
person|ramesh narayan,Ramesh Narayan,person,,,vault,3,1,1,linked by connectivity pass,Network Map/People/Ramesh Narayan.md,1,0,originally-read entity
person|peter mandelson,Peter Mandelson,person,,,both,103,1,1,X posts only,Network Map/People/Peter Mandelson.md,4,3,
org|starcom,Starcom,org,organization,STARCOM,vault,7,0,2,linked by connectivity pass,Network Map/Organizations/Starcom.md,5,0,
org|rockefeller foundation,Rockefeller Foundation,org,foundation,ROCKEFELLER FOUNDATION; Rockefeller Foundation %,vault,44,2,2,Rockefeller Foundation,Network Map/Organizations/Rockefeller Foundation.md,17,0,
person|neal cassady,Neal Cassady,person,,,vault,10,0,2,linked by connectivity pass,Network Map/People/Neal Cassady.md,3,0,
person|john jay,John Jay,person,,,vault,20,0,2,linked by connectivity pass,Network Map/People/John Jay.md,3,0,
org|pennzoil,Pennzoil,org,organization,,vault,10,1,2,Shell,Network Map/Organizations/Pennzoil.md,1,0,
org|atlantic college,Atlantic College,org,university/school,,vault,1,1,,Other connected pairs/groups 15,Network Map/Organizations/Atlantic College.md,1,0,
org|airbus,Airbus,org,organization,,vault,57,0,2,linked by connectivity pass,Network Map/Organizations/Airbus.md,6,0,
org|orange county container,Orange County Container,org,organization,,vault,7,1,3,Other connected pairs/groups 20,Network Map/Organizations/Orange County Container.md,1,0,
person|agnes gund,Agnes Gund,person,,,vault,12,2,2,Other connected pairs/groups 11,Network Map/People/Agnes Gund.md,8,0,
person|julie bishop,Julie Bishop,person,,,vault,7,0,2,linked by connectivity pass,Network Map/People/Julie Bishop.md,5,0,
person|wolfgang fengler,Wolfgang Fengler,person,,,vault,5,1,2,World Data Lab,Network Map/People/Wolfgang Fengler.md,4,0,
person|john frederick nelson,John Frederick Nelson,person,,,vault,9,6,3,Lazard Freres,Network Map/People/John Frederick Nelson.md,1,0,
org|meredith,Meredith Corporation,org,company,Meredith,vault,2,0,3,linked by connectivity pass,Network Map/Organizations/Meredith Corporation.md,3,0,
org|lighthouse international,Lighthouse International,org,NGO/nonprofit/think tank,,vault,5,2,2,Other connected pairs/groups 46,Network Map/Organizations/Lighthouse International.md,1,0,
org|global management,Global Management,org,company,,vault,24,0,2,linked by connectivity pass,Network Map/Organizations/Global Management.md,3,0,
org|irish home rule,Irish Home Rule,org,organization,,vault,14,0,2,linked by connectivity pass,Network Map/Organizations/Irish Home Rule.md,4,0,
org|royal society of canada,Royal Society of Canada,org,society/club,,vault,10,0,2,linked by connectivity pass,Network Map/Organizations/Royal Society of Canada.md,3,0,
person|wes moore,Wes Moore,person,,,both,94,1,1,X posts only,Network Map/People/Wes Moore.md,4,1,
org|rockefeller brothers fund,Rockefeller Brothers Fund,org,company,"Rockefeller Brothers Fund, Inc",vault,34,2,2,Rockefeller Brothers Fund,Network Map/Organizations/Rockefeller Brothers Fund.md,9,0,
person|alex padilla,Alex Padilla,person,,,vault,94,0,2,linked by connectivity pass,Network Map/People/Alex Padilla.md,8,0,
org|carestream hcis,Carestream HCIS,org,organization,,vault,5,1,3,Philips,Network Map/Organizations/Carestream HCIS.md,1,0,
org|inter american development bank,Inter-American Development Bank,org,company,,vault,47,0,2,linked by connectivity pass,Network Map/Organizations/Inter-American Development Bank.md,3,0,
person|griffin endowed,Griffin Endowed,person,,,vault,11,1,2,Other connected pairs/groups 14,Network Map/People/Griffin Endowed.md,1,0,
org|ancient mystical order rosae crucis,Ancient Mystical Order Rosae Crucis,org,organization,,vault,9,1,3,Other connected pairs/groups 14,Network Map/Organizations/Ancient Mystical Order Rosae Crucis.md,2,0,
org|j c penney,J. C. Penney,org,organization,,vault,11,1,2,Alpha Kappa Psi,Network Map/Organizations/J. C. Penney.md,1,0,
org|atlantic records,Atlantic Records,org,company,,vault,7,1,2,Other connected pairs/groups 16,Network Map/Organizations/Atlantic Records.md,2,0,
org|democratic party,Democratic Party,org,political organization,,vault,171,0,1,linked by connectivity pass,Network Map/Organizations/Democratic Party.md,44,0,
person|marjorie cameron,Marjorie Cameron,person,,,vault,14,1,2,Other connected pairs/groups 39,Network Map/People/Marjorie Cameron.md,4,0,
person|barry b mione,Barry B. Mione,person,,,vault,27,1,2,Other connected pairs/groups 17,Network Map/People/Barry B. Mione.md,2,0,
person|mathilde krim,Mathilde Krim,person,,,vault,7,1,2,Other connected pairs/groups 26,Network Map/People/Mathilde Krim.md,1,0,
org|irgc,IRGC,org,organization,,both,226,2,1,X posts only,Network Map/Organizations/IRGC.md,4,0,
org|firestone,Firestone,org,organization,,vault,115,0,1,linked by connectivity pass,Network Map/Organizations/Firestone.md,4,0,
person|inayat khan,Inayat Khan,person,,,vault,2,1,2,Other connected pairs/groups 19,Network Map/People/Inayat Khan.md,1,0,
person|stan meiburg,Stan Meiburg,person,,,vault,28,1,2,Other connected pairs/groups 30,Network Map/People/Stan Meiburg.md,1,0,
person|serena dunn,Serena Mary Dunn,person,,Serena Dunn,vault,7,1,3,Other connected pairs/groups 9,Network Map/People/Serena Mary Dunn.md,2,0,
person|john brockman,John Brockman,person,,,vault,13,0,1,linked by connectivity pass,Network Map/People/John Brockman.md,3,0,
org|european commission,European Commission,org,international body,,vault,8,0,2,linked by connectivity pass,Network Map/Organizations/European Commission.md,3,0,
person|josh porter,Josh Porter,person,,,vault,11,5,2,New Mountain Capital,Network Map/People/Josh Porter.md,1,0,
org|uniqa ventures,UNIQA Ventures,org,company,,vault,45,1,1,Other connected pairs/groups 18,Network Map/Organizations/UNIQA Ventures.md,2,0,
person|thomas gresham,Thomas Gresham,person,,,vault,5,1,4,Other connected pairs/groups 53,Network Map/People/Thomas Gresham.md,1,0,
org|central military commission,Central Military Commission,org,government body,,vault,3,1,2,Other connected pairs/groups 21,Network Map/Organizations/Central Military Commission.md,1,0,
org|talmud,Talmud,org,organization,,vault,17,0,2,linked by connectivity pass,Network Map/Organizations/Talmud.md,3,0,
person|henri a termeer,Henri A. Termeer,person,,,vault,13,1,2,Other connected pairs/groups 34,Network Map/People/Henri A. Termeer.md,1,0,
org|one league,One League,org,NGO/nonprofit/think tank,,vault,6,1,2,Other connected pairs/groups 51,Network Map/Organizations/One League.md,1,0,
org|turning point,Turning Point,org,organization,,vault,76,1,2,linked by connectivity pass,Network Map/Organizations/Turning Point.md,3,0,originally-read entity
org|cbs,CBS,org,organization,CBS Corporation,vault,59,0,2,linked by connectivity pass,Network Map/Organizations/CBS.md,11,0,
org|united states supreme court,United States Supreme Court,org,government body,,vault,27,0,2,linked by connectivity pass,Network Map/Organizations/United States Supreme Court.md,3,0,
person|ariel sharon,Ariel Sharon,person,,,vault,16,0,2,linked by connectivity pass,Network Map/People/Ariel Sharon.md,3,0,
person|sarkozy attias,Sarkozy Attias,person,,,vault,9,0,2,linked by connectivity pass,Network Map/People/Sarkozy Attias.md,3,0,
org|nature conservancy,Nature Conservancy,org,organization,,vault,20,0,2,linked by connectivity pass,Network Map/Organizations/Nature Conservancy.md,3,0,
org|robert fleming and,Robert Fleming & Co,org,organization,,vault,2,0,3,linked by connectivity pass,Network Map/Organizations/Robert Fleming & Co.md,3,0,
org|chatham house,Chatham House,org,organization,CHATHAM HOUSE,vault,14,0,2,linked by connectivity pass,Network Map/Organizations/Chatham House.md,5,0,
person|philip prins,Philip Prins,person,,,vault,23,0,2,linked by connectivity pass,Network Map/People/Philip Prins.md,3,0,
org|masonic lodge,Masonic Lodge,org,society/club,,vault,8,0,2,linked by connectivity pass,Network Map/Organizations/Masonic Lodge.md,3,0,
person|phil bronstein,Phil Bronstein,person,,,vault,4,1,3,Other connected pairs/groups 23,Network Map/People/Phil Bronstein.md,1,0,
org|shearson lehman brothers,Shearson Lehman Brothers,org,company,,vault,14,1,2,Other connected pairs/groups 48,Network Map/Organizations/Shearson Lehman Brothers.md,2,0,
person|robert s mcnamara,Robert S. McNamara,person,,,vault,13,2,2,Alpha Kappa Psi,Network Map/People/Robert S. McNamara.md,1,0,
person|meyer lansky,Meyer Lansky,person,,,vault,3,0,3,linked by connectivity pass,Network Map/People/Meyer Lansky.md,3,0,
org|because foundation,Because Foundation,org,foundation,,vault,9,1,2,Other connected pairs/groups 17,Network Map/Organizations/Because Foundation.md,1,0,
person|john melby,John Melby,person,,,vault,14,0,3,linked by connectivity pass,Network Map/People/John Melby.md,3,0,
org|businessman military,Businessman - Military,org,organization,,vault,16,0,2,linked by connectivity pass,Network Map/Organizations/Businessman - Military.md,3,0,
person|jesse jackson,Jesse Jackson,person,,Jesse L. Jackson,both,140,2,1,Other connected pairs/groups 41,Network Map/People/Jesse Jackson.md,7,3,
person|robert packwood,Robert Packwood,person,,,vault,7,1,2,Other connected pairs/groups 52,Network Map/People/Robert Packwood.md,1,0,
org|nokia,Nokia,org,organization,,vault,47,0,2,linked by connectivity pass,Network Map/Organizations/Nokia.md,3,0,
person|dudley eustace,Dudley Eustace,person,,,vault,35,2,2,Other connected pairs/groups 8,Network Map/People/Dudley Eustace.md,2,0,
person|edward blidward,Edward Blidward,person,,,vault,2,1,3,Other connected pairs/groups 29,Network Map/People/Edward Blidward.md,1,0,
person|maurice thompson,Maurice Thompson,person,,,vault,5,1,2,Citibank,Network Map/People/Maurice Thompson.md,2,0,
org|saas,Saas,org,organization,SAAS; SaaS,vault,10,0,2,linked by connectivity pass,Network Map/Organizations/Saas.md,3,0,
org|dartmouth college,Dartmouth College,org,university/school,Dartmouth; Education Dartmouth College,vault,82,0,1,linked by connectivity pass,Network Map/Organizations/Dartmouth College.md,17,0,
org|unodc,UNODC,org,organization,,vault,37,0,1,linked by connectivity pass,Network Map/Organizations/UNODC.md,3,0,
org|coady diemar partners,Coady Diemar Partners,org,company,,vault,3,1,2,World Bank,Network Map/Organizations/Coady Diemar Partners.md,1,0,
org|american himalayan foundation,American Himalayan Foundation,org,foundation,,vault,10,0,2,linked by connectivity pass,Network Map/Organizations/American Himalayan Foundation.md,3,0,
org|nyu stern school of business,NYU Stern School of Business,org,university/school,,vault,121,0,1,linked by connectivity pass,Network Map/Organizations/NYU Stern School of Business.md,4,0,
person|alanna heiss,Alanna Heiss,person,,,vault,4,1,2,Other connected pairs/groups 12,Network Map/People/Alanna Heiss.md,1,0,
org|catalina re,Catalina Re,org,organization,,vault,7,1,2,Other connected pairs/groups 21,Network Map/Organizations/Catalina Re.md,6,0,
org|university of virginia,University of Virginia,org,university/school,Education University of Virginia,vault,23,0,2,linked by connectivity pass,Network Map/Organizations/University of Virginia.md,10,0,
org|arizona state university,Arizona State University,org,university/school,ARIZONA STATE UNIVERSITY,vault,10,0,2,linked by connectivity pass,Network Map/Organizations/Arizona State University.md,3,0,
org|anti defamation league,Anti-Defamation League,org,NGO/nonprofit/think tank,,vault,13,0,2,linked by connectivity pass,Network Map/Organizations/Anti-Defamation League.md,5,0,
person|urban williams,Urban Williams,person,,,vault,8,1,2,Other connected pairs/groups 39,Network Map/People/Urban Williams.md,3,0,
person|james jackson,James Jackson,person,,,vault,6,1,2,Other connected pairs/groups 39,Network Map/People/James Jackson.md,1,0,
org|national academy of medicine,National Academy of Medicine,org,university/school,,vault,10,0,2,linked by connectivity pass,Network Map/Organizations/National Academy of Medicine.md,5,0,
person|allen dulles,Allen Dulles,person,,Allen Welsh Dulles,vault,53,1,1,Central Intelligence Agency,Network Map/People/Allen Dulles.md,4,0,
person|alan greenspan,Alan Greenspan,person,,,vault,35,0,2,linked by connectivity pass,Network Map/People/Alan Greenspan.md,4,0,
org|nike,Nike,org,organization,"Nike, Inc",vault,64,1,2,Other connected pairs/groups 50,Network Map/Organizations/Nike.md,8,0,
person|erich honecker,Erich Honecker,person,,,vault,4,1,2,Other connected pairs/groups 31,Network Map/People/Erich Honecker.md,2,0,
person|jordan zelin,Jordan Zelin,person,,,vault,3,0,2,linked by connectivity pass,Network Map/People/Jordan Zelin.md,6,0,
person|thomas g ayers,Thomas G. Ayers,person,,,vault,7,1,2,Other connected pairs/groups 24,Network Map/People/Thomas G. Ayers.md,1,0,
org|dean witter reynolds,Dean Witter Reynolds,org,organization,"Dean Witter Reynolds, Inc",vault,12,0,2,linked by connectivity pass,Network Map/Organizations/Dean Witter Reynolds.md,3,0,
org|uber,Uber,org,organization,,vault,15,0,2,linked by connectivity pass,Network Map/Organizations/Uber.md,3,0,
org|hcl technologies,HCL Technologies,org,organization,,vault,4,1,1,Other connected pairs/groups 36,Network Map/Organizations/HCL Technologies.md,1,0,
org|prime bank,Prime Bank,org,company,,vault,3,1,2,Other connected pairs/groups 37,Network Map/Organizations/Prime Bank.md,1,0,
person|bill clark,Bill Clark,person,,,vault,6,0,2,linked by connectivity pass,Network Map/People/Bill Clark.md,3,0,
person|suzette stern,Suzette Stern,person,,,vault,13,1,,Other connected pairs/groups 36,Network Map/People/Suzette Stern.md,1,0,
person|henry keswick,Henry Keswick,person,,,vault,35,1,2,Other connected pairs/groups 37,Network Map/People/Henry Keswick.md,2,0,
org|walmart,Walmart,org,organization,WALMART INC; Walmart Inc,vault,116,1,1,Alpha Kappa Psi,Network Map/Organizations/Walmart.md,12,0,
person|john thain,John Thain,person,,John Alexander Thain,vault,29,0,2,linked by connectivity pass,Network Map/People/John Thain.md,4,0,
person|gabe allen,Gabe Allen,person,,,vault,9,1,2,Greenbelt Capital Partners,Network Map/People/Gabe Allen.md,1,0,
org|democratic national convention,Democratic National Convention,org,political organization,,vault,12,0,2,linked by connectivity pass,Network Map/Organizations/Democratic National Convention.md,4,0,
person|cari tuna,Cari Tuna,person,,,vault,6,0,2,linked by connectivity pass,Network Map/People/Cari Tuna.md,3,0,
org|academy awards,Academy Awards,org,university/school,Academy Award,vault,20,0,2,linked by connectivity pass,Network Map/Organizations/Academy Awards.md,7,0,
person|laurence tisch,Laurence Tisch,person,,,vault,41,0,1,linked by connectivity pass,Network Map/People/Laurence Tisch.md,6,0,
person|eve mathilde de ginzburg,Eve Mathilde de Ginzburg,person,,,vault,13,1,,Other connected pairs/groups 32,Network Map/People/Eve Mathilde de Ginzburg.md,1,0,
person|sergey brin,Sergey Brin,person,,,both,150,2,1,X posts only,Network Map/People/Sergey Brin.md,5,4,
person|david dimbleby,David Dimbleby,person,,,vault,78,1,2,Bullingdon Club,Network Map/People/David Dimbleby.md,1,0,
person|anthony nelson,Anthony Nelson,person,,,vault,13,1,2,British Parliament,Network Map/People/Anthony Nelson.md,3,0,
org|fundacion capital,Fundacion Capital,org,company,,vault,1,1,,Other connected pairs/groups 33,Network Map/Organizations/Fundacion Capital.md,1,0,
person|anita dunn,Anita Dunn,person,,,vault,28,0,2,linked by connectivity pass,Network Map/People/Anita Dunn.md,3,0,
person|mitch daniels,Mitch Daniels,person,,,vault,17,0,2,linked by connectivity pass,Network Map/People/Mitch Daniels.md,4,0,
org|creditanstalt bankverein,Creditanstalt-Bankverein,org,organization,,vault,8,2,2,Creditanstalt-Bankverein,Network Map/Organizations/Creditanstalt-Bankverein.md,1,0,
org|bsac,BSAC,org,organization,,vault,5,0,2,linked by connectivity pass,Network Map/Organizations/BSAC.md,4,0,
org|rhine,Rhine,org,organization,,vault,4,0,3,linked by connectivity pass,Network Map/Organizations/Rhine.md,4,0,
org|wilshire associates,Wilshire Associates,org,company,,vault,6,1,2,Other connected pairs/groups 54,Network Map/Organizations/Wilshire Associates.md,2,0,
org|study group,Study Group,org,company,,vault,17,0,1,linked by connectivity pass,Network Map/Organizations/Study Group.md,4,0,
person|jonathan andrew kestenbaum,Jonathan Andrew Kestenbaum,person,,,vault,17,3,2,Other connected pairs/groups 4,Network Map/People/Jonathan Andrew Kestenbaum.md,1,0,
person|frank gehry,Frank Gehry,person,,,both,68,0,1,linked by connectivity pass,Network Map/People/Frank Gehry.md,4,8,
org|sandia national laboratories,Sandia National Laboratories,org,organization,,vault,4,1,3,Other connected pairs/groups 3,Network Map/Organizations/Sandia National Laboratories.md,1,0,
person|joe dallesandro,Joe Dallesandro,person,,,vault,3,1,3,Other connected pairs/groups 15,Network Map/People/Joe Dallesandro.md,4,0,
org|bloomingdale,Bloomingdale,org,organization,,vault,5,1,3,Other connected pairs/groups 19,Network Map/Organizations/Bloomingdale.md,4,0,
org|culinary institute of america,Culinary Institute of America,org,NGO/nonprofit/think tank,,vault,13,1,2,Other connected pairs/groups 25,Network Map/Organizations/Culinary Institute of America.md,1,0,
org|sanofi,Sanofi,org,organization,,vault,47,0,2,linked by connectivity pass,Network Map/Organizations/Sanofi.md,3,0,
org|time warner cable,Time Warner Cable Inc,org,company,,vault,15,1,2,Other connected pairs/groups 35,Network Map/Organizations/Time Warner Cable Inc.md,1,0,
person|zalnur ali,Zalnur Ali,person,,,vault,2,1,3,Other connected pairs/groups 38,Network Map/People/Zalnur Ali.md,1,0,
org|florida southern college,Florida Southern College,org,university/school,,vault,22,0,2,linked by connectivity pass,Network Map/Organizations/Florida Southern College.md,5,0,
person|chang yi wang,Chang Yi Wang,person,,,vault,1,1,,Other connected pairs/groups 21,Network Map/People/Chang Yi Wang.md,1,0,
person|jeffrey sonnenfeld,Jeffrey Sonnenfeld,person,,Jeffrey A. Sonnenfeld,vault,22,0,2,linked by connectivity pass,Network Map/People/Jeffrey Sonnenfeld.md,5,0,
org|ernst and young,Ernst & Young,org,organization,,vault,10,0,2,linked by connectivity pass,Network Map/Organizations/Ernst & Young.md,3,0,
org|byzantine empire,Byzantine Empire,org,organization,,vault,2,0,2,linked by connectivity pass,Network Map/Organizations/Byzantine Empire.md,3,0,
person|winston churchill,Winston Churchill,person,,Winston Leonard Spencer Churchill; Winston S. Churchill,vault,101,0,2,linked by connectivity pass,Network Map/People/Winston Churchill.md,13,0,originally-read entity
person|suzanne bonamici,Suzanne Bonamici,person,,,vault,83,0,2,linked by connectivity pass,Network Map/People/Suzanne Bonamici.md,7,0,
org|nclh,NCLH,org,organization,,vault,4,1,2,Other connected pairs/groups 34,Network Map/Organizations/NCLH.md,1,0,
org|continental navy,Continental Navy,org,organization,,vault,11,0,2,linked by connectivity pass,Network Map/Organizations/Continental Navy.md,3,0,
org|nightingale partners,Nightingale Partners,org,company,Nightingale Partners LLC,vault,5,0,3,linked by connectivity pass,Network Map/Organizations/Nightingale Partners.md,3,0,
person|edward d breen,Edward D. Breen,person,,,vault,3,2,3,DuPont,Network Map/People/Edward D. Breen.md,1,0,
person|nina agdal,Nina Agdal,person,,,vault,1,1,,Other connected pairs/groups 46,Network Map/People/Nina Agdal.md,1,0,
person|boykin curry,Boykin Curry,person,,,vault,17,2,1,Other connected pairs/groups 6,Network Map/People/Boykin Curry.md,2,0,
org|tribune company,Tribune Company,org,company,,vault,12,1,3,Times Mirror,Network Map/Organizations/Tribune Company.md,1,0,
person|adam aron,Adam Aron,person,,Adam M. Aron; Adam Maximilian Aron,both,32,2,1,Other connected pairs/groups 10,Network Map/People/Adam Aron.md,5,4,
org|market america group,Market America Group,org,company,,vault,7,1,3,Other connected pairs/groups 7,Network Map/Organizations/Market America Group.md,1,0,
person|lloyd george,Lloyd George,person,,,vault,6,0,2,linked by connectivity pass,Network Map/People/Lloyd George.md,3,0,
org|newsweb,Newsweb Corp,org,company,,vault,4,1,2,Other connected pairs/groups 33,Network Map/Organizations/Newsweb Corp.md,1,0,
person|matthew bronfman,Matthew Bronfman,person,,,vault,17,1,2,Other connected pairs/groups 16,Network Map/People/Matthew Bronfman.md,2,0,
person|alexander rycroft,Alexander Rycroft,person,,,vault,11,1,2,Other connected pairs/groups 4,Network Map/People/Alexander Rycroft.md,1,0,
person|debbie dingell,Debbie Dingell,person,,,vault,100,0,2,linked by connectivity pass,Network Map/People/Debbie Dingell.md,8,0,
person|anthony romero,Anthony Romero,person,,Anthony D. Romero,vault,5,1,1,American Civil Liberties Union,Network Map/People/Anthony Romero.md,1,0,
person|david w leebron,David W. Leebron,person,,,vault,20,1,2,Other connected pairs/groups 27,Network Map/People/David W. Leebron.md,1,0,
org|spotify,Spotify,org,organization,,vault,12,0,1,linked by connectivity pass,Network Map/Organizations/Spotify.md,3,0,
org|home office,Home Office,org,organization,,vault,15,0,2,linked by connectivity pass,Network Map/Organizations/Home Office.md,4,0,
org|bank of china,Bank of China,org,company,BANK OF CHINA,vault,12,0,1,linked by connectivity pass,Network Map/Organizations/Bank of China.md,3,0,
person|susie tompkins buell,Susie Tompkins Buell,person,,,vault,12,1,2,Other connected pairs/groups 31,Network Map/People/Susie Tompkins Buell.md,3,0,
org|guggenheim aeronautical laboratory,Guggenheim Aeronautical Laboratory,org,organization,,vault,24,0,2,linked by connectivity pass,Network Map/Organizations/Guggenheim Aeronautical Laboratory.md,4,0,
org|fellowship of new life,Fellowship of New Life,org,organization,,vault,8,1,2,Other connected pairs/groups 32,Network Map/Organizations/Fellowship of New Life.md,1,0,
org|capitol hill,Capitol Hill,org,organization,,vault,28,1,2,Other connected pairs/groups 20,Network Map/Organizations/Capitol Hill.md,4,0,
person|alexander thynn,Alexander Thynn,person,,,vault,78,1,2,Bullingdon Club,Network Map/People/Alexander Thynn.md,1,0,
org|international budget partnership,International Budget Partnership,org,NGO/nonprofit/think tank,,vault,5,1,4,Other connected pairs/groups 38,Network Map/Organizations/International Budget Partnership.md,1,0,
org|virginia union university,Virginia Union University,org,university/school,Education Virginia Union University,vault,13,0,2,linked by connectivity pass,Network Map/Organizations/Virginia Union University.md,4,0,
org|pricewaterhousecoopers,PricewaterhouseCoopers,org,organization,,vault,50,0,1,linked by connectivity pass,Network Map/Organizations/PricewaterhouseCoopers.md,10,0,
org|university of utah,University of Utah,org,university/school,,vault,5,0,2,linked by connectivity pass,Network Map/Organizations/University of Utah.md,3,0,
org|joint chiefs of staff,Joint Chiefs of Staff,org,organization,,vault,7,0,2,linked by connectivity pass,Network Map/Organizations/Joint Chiefs of Staff.md,4,0,
org|hps investment partners,HPS Investment Partners,org,company,,vault,7,1,2,Other connected pairs/groups 3,Network Map/Organizations/HPS Investment Partners.md,1,0,
person|tammy duckworth,Tammy Duckworth,person,,,vault,105,0,2,linked by connectivity pass,Network Map/People/Tammy Duckworth.md,10,0,
org|board of directors of,Board of Directors of,org,organization,,vault,14,0,2,linked by connectivity pass,Network Map/Organizations/Board of Directors of.md,4,0,
org|lee university,Lee University,org,university/school,,vault,8,0,2,linked by connectivity pass,Network Map/Organizations/Lee University.md,3,0,
org|next bridge,Next Bridge,org,organization,,both,23,1,1,X posts only,Network Map/Organizations/Next Bridge.md,4,0,
org|london stock exchange,London Stock Exchange,org,organization,,vault,51,0,2,linked by connectivity pass,Network Map/Organizations/London Stock Exchange.md,13,0,
person|robert maxwell,Robert Maxwell,person,,,both,211,3,1,X posts only,Network Map/People/Robert Maxwell.md,8,11,
org|u s naval academy,U.S. Naval Academy,org,university/school,,vault,32,0,2,linked by connectivity pass,Network Map/Organizations/U.S. Naval Academy.md,3,0,
person|juan manuel santos,Juan Manuel Santos,person,,,vault,3,1,2,Other connected pairs/groups 43,Network Map/People/Juan Manuel Santos.md,3,0,
person|eva dubin,Eva Dubin,person,,Eva Andersson Dubin,vault,7,0,1,linked by connectivity pass,Network Map/People/Eva Dubin.md,4,0,
org|greyhound dial,Greyhound Dial,org,organization,,vault,2,1,3,Other connected pairs/groups 35,Network Map/Organizations/Greyhound Dial.md,1,0,
person|louis f rothschild,Louis Frank Rothschild,person,,Louis F. Rothschild,vault,17,1,2,Other connected pairs/groups 44,Network Map/People/Louis Frank Rothschild.md,3,0,
org|american chamber of commerce,American Chamber of Commerce,org,organization,,vault,2,0,3,linked by connectivity pass,Network Map/Organizations/American Chamber of Commerce.md,3,0,
org|warner bros,Warner Bros,org,organization,WARNER BROS; Warner Bros. Chair,vault,24,3,1,Warner Bros,Network Map/Organizations/Warner Bros.md,9,0,
org|bloomberg family foundation,Bloomberg Family Foundation,org,foundation,,vault,18,0,2,linked by connectivity pass,Network Map/Organizations/Bloomberg Family Foundation.md,5,0,
person|ze'ev jabotinsky,Ze'ev Jabotinsky,person,,,vault,10,1,2,Other connected pairs/groups 39,Network Map/People/Ze'ev Jabotinsky.md,2,0,
person|kimberly brock brown,Kimberly Brock Brown,person,,,vault,13,1,2,Other connected pairs/groups 13,Network Map/People/Kimberly Brock Brown.md,1,0,
person|margaret hassan,Margaret Hassan,person,,,vault,85,0,2,linked by connectivity pass,Network Map/People/Margaret Hassan.md,7,0,
org|orthodox judaism,Orthodox Judaism,org,organization,,vault,13,0,2,linked by connectivity pass,Network Map/Organizations/Orthodox Judaism.md,3,0,
person|aryeh neier,Aryeh Neier,person,,,vault,1,1,3,Other connected pairs/groups 16,Network Map/People/Aryeh Neier.md,1,0,
person|charlie zelle,Charlie Zelle,person,,,vault,2,1,3,Other connected pairs/groups 22,Network Map/People/Charlie Zelle.md,2,0,
org|kog holding,Kog Holding,org,organization,,vault,2,1,3,Other connected pairs/groups 44,Network Map/Organizations/Kog Holding.md,1,0,
org|british academy,British Academy,org,university/school,,vault,23,0,2,linked by connectivity pass,Network Map/Organizations/British Academy.md,8,0,
org|brazilian traction,Brazilian Traction,org,organization,,vault,35,1,2,Edper Investments,Network Map/Organizations/Brazilian Traction.md,1,0,
org|cinven,Cinven Limited,org,organization,,vault,7,1,3,Other connected pairs/groups 23,Network Map/Organizations/Cinven Limited.md,1,0,
person|kenneth c griffin,Kenneth Cordele Griffin,person,,Kenneth C. Griffin,vault,21,0,2,linked by connectivity pass,Network Map/People/Kenneth Cordele Griffin.md,6,0,
org|american red cross,American Red Cross,org,international body,,vault,14,1,2,Other connected pairs/groups 14,Network Map/Organizations/American Red Cross.md,4,0,
org|major league baseball,Major League Baseball,org,NGO/nonprofit/think tank,,vault,4,1,2,Other connected pairs/groups 1,Network Map/Organizations/Major League Baseball.md,1,0,
person|maxine waters,Maxine Waters,person,,Maxine Moore Waters,vault,87,0,2,linked by connectivity pass,Network Map/People/Maxine Waters.md,9,0,
person|thomas h lee,Thomas H. Lee,person,,,vault,58,0,1,linked by connectivity pass,Network Map/People/Thomas H. Lee.md,4,0,
person|richard a grasso,Richard A. Grasso,person,,,vault,8,3,2,Other connected pairs/groups 3,Network Map/People/Richard A. Grasso.md,1,0,
org|mondelez,Mondeléz,org,organization,,vault,46,0,2,linked by connectivity pass,Network Map/Organizations/Mondeléz.md,3,0,
org|alameda research,Alameda Research,org,organization,,vault,1,1,,Other connected pairs/groups 12,Network Map/Organizations/Alameda Research.md,1,0,
org|lehman bros,Lehman Bros,org,organization,,vault,17,1,2,Other connected pairs/groups 40,Network Map/Organizations/Lehman Bros.md,1,0,
person|violet crosbie,Violet Crosbie,person,,,vault,13,1,,Other connected pairs/groups 39,Network Map/People/Violet Crosbie.md,1,0,
person|anne harrison,Anne Harrison,person,,,vault,12,0,2,linked by connectivity pass,Network Map/People/Anne Harrison.md,1,0,originally-read entity
person|konrad adenauer,Konrad Adenauer,person,,,vault,2,2,3,Other connected pairs/groups 3,Network Map/People/Konrad Adenauer.md,1,0,
org|e leclerc,E.Leclerc,org,organization,,vault,4,1,2,Other connected pairs/groups 28,Network Map/Organizations/E.Leclerc.md,1,0,
person|john scott,John Scott,person,,,vault,78,1,2,Bullingdon Club,Network Map/People/John Scott.md,1,0,
org|rocket internet,Rocket Internet,org,organization,,vault,6,1,2,Other connected pairs/groups 10,Network Map/Organizations/Rocket Internet.md,1,0,
org|hamilton college,Hamilton College,org,university/school,Education Hamilton College,vault,7,0,2,linked by connectivity pass,Network Map/Organizations/Hamilton College.md,5,0,
org|standard chartered,Standard Chartered,org,organization,,vault,28,1,2,Burberry,Network Map/Organizations/Standard Chartered.md,3,0,
org|amherst college,Amherst College,org,university/school,,both,64,2,1,X posts only,Network Map/Organizations/Amherst College.md,8,0,
org|milbank,Milbank,org,organization,Milbank LLP,vault,5,0,2,linked by connectivity pass,Network Map/Organizations/Milbank.md,3,0,
org|anglo persian oil company,Anglo-Persian Oil Company,org,company,,vault,16,0,2,linked by connectivity pass,Network Map/Organizations/Anglo-Persian Oil Company.md,7,0,
org|eagle capital,Eagle Capital,org,company,,vault,4,1,2,Other connected pairs/groups 6,Network Map/Organizations/Eagle Capital.md,1,0,
org|royal exchange,Royal Exchange,org,organization,,vault,5,1,4,Other connected pairs/groups 53,Network Map/Organizations/Royal Exchange.md,1,0,
person|charlotte knobloch,Charlotte Knobloch,person,,,vault,5,0,2,linked by connectivity pass,Network Map/People/Charlotte Knobloch.md,1,0,originally-read entity
person|abraham de leao,Abraham de Leao,person,,,vault,3,1,4,Other connected pairs/groups 11,Network Map/People/Abraham de Leao.md,1,0,
person|george w bush,George W. Bush,person,,,vault,130,0,2,linked by connectivity pass,Network Map/People/George W. Bush.md,35,0,
person|rodney mckenzie,Rodney McKenzie,person,,,vault,4,2,,Other connected pairs/groups 32,Network Map/People/Rodney McKenzie.md,1,0,
org|bg group,BG Group,org,company,,vault,19,1,2,Shell,Network Map/Organizations/BG Group.md,2,0,
person|michelle obama,Michelle Obama,person,,,both,92,1,1,Other connected pairs/groups 38,Network Map/People/Michelle Obama.md,11,8,
person|dwight eisenhower,Dwight Eisenhower,person,,Dwight D. Eisenhower,vault,27,0,2,linked by connectivity pass,Network Map/People/Dwight Eisenhower.md,6,0,originally-read entity
org|greenbelt capital partners,Greenbelt Capital Partners,org,company,,vault,16,6,2,Greenbelt Capital Partners,Network Map/Organizations/Greenbelt Capital Partners.md,7,0,
org|federal reserve act,Federal Reserve Act,org,government body,,vault,10,0,2,linked by connectivity pass,Network Map/Organizations/Federal Reserve Act.md,4,0,
org|american museum of natural history,American Museum of Natural History,org,organization,,vault,27,0,2,linked by connectivity pass,Network Map/Organizations/American Museum of Natural History.md,3,0,
org|university of missouri,University of Missouri,org,university/school,,vault,31,0,2,linked by connectivity pass,Network Map/Organizations/University of Missouri.md,5,0,
person|diana degette,Diana DeGette,person,,,vault,85,0,2,linked by connectivity pass,Network Map/People/Diana DeGette.md,7,0,
person|nicole grasset,Nicole Grasset,person,,,vault,7,1,3,Other connected pairs/groups 50,Network Map/People/Nicole Grasset.md,2,0,
org|bell,Bell,org,organization,,vault,19,0,2,linked by connectivity pass,Network Map/Organizations/Bell.md,3,0,
org|h j heinz company,H. J. Heinz Company,org,company,,vault,16,1,2,3G Capital,Network Map/Organizations/H. J. Heinz Company.md,1,0,
org|california institute of technology,California Institute of Technology,org,university/school,,vault,28,0,2,linked by connectivity pass,Network Map/Organizations/California Institute of Technology.md,6,0,
person|richard potter,Richard Potter,person,,,vault,6,1,3,Other connected pairs/groups 46,Network Map/People/Richard Potter.md,1,0,
person|glenn britt,Glenn Britt,person,,,vault,15,1,2,Other connected pairs/groups 35,Network Map/People/Glenn Britt.md,2,0,
org|economist group,Economist Group,org,company,Economist Group Ltd,vault,18,1,2,Other connected pairs/groups 8,Network Map/Organizations/Economist Group.md,6,0,
person|edgar bronfman sr,Edgar Bronfman Sr,person,,,vault,17,0,2,linked by connectivity pass,Network Map/People/Edgar Bronfman Sr.md,3,0,
person|michael wolff,Michael Wolff,person,,,both,124,0,1,linked by connectivity pass,Network Map/People/Michael Wolff.md,4,2,
person|paul tonko,Paul Tonko,person,,,vault,84,0,2,linked by connectivity pass,Network Map/People/Paul Tonko.md,7,0,
person|robert edward turner,Robert Edward Turner,person,,,vault,5,0,2,linked by connectivity pass,Network Map/People/Robert Edward Turner.md,3,0,
person|mo farah,Mo Farah,person,,,vault,1,0,2,linked by connectivity pass,Network Map/People/Mo Farah.md,3,0,
org|eastern us,Eastern US,org,organization,,vault,5,0,2,linked by connectivity pass,Network Map/Organizations/Eastern US.md,1,0,originally-read entity
person|newton minow,Newton Minow,person,,Newton N. Minow,vault,19,1,2,Other connected pairs/groups 32,Network Map/People/Newton Minow.md,2,0,
org|royal institute of international affairs,Royal Institute of International Affairs,org,NGO/nonprofit/think tank,,vault,3,0,3,linked by connectivity pass,Network Map/Organizations/Royal Institute of International Affairs.md,3,0,
org|world trade organization,World Trade Organization,org,international body,,vault,11,1,2,Other connected pairs/groups 9,Network Map/Organizations/World Trade Organization.md,2,0,
person|helena blavatsky,Helena Blavatsky,person,,Helena Petrovna Blavatsky,vault,15,0,2,linked by connectivity pass,Network Map/People/Helena Blavatsky.md,12,0,
org|fried frank,Fried Frank,org,organization,,vault,7,4,2,Fried Frank,Network Map/Organizations/Fried Frank.md,1,0,
person|william morris jr,William Morris Jr,person,,,vault,7,1,3,Other connected pairs/groups 54,Network Map/People/William Morris Jr.md,1,0,
org|irish stock exchange,Irish Stock Exchange,org,organization,,vault,7,1,3,Other connected pairs/groups 39,Network Map/Organizations/Irish Stock Exchange.md,1,0,
org|vatican bank,Vatican Bank,org,company,,vault,2,1,1,Other connected pairs/groups 31,Network Map/Organizations/Vatican Bank.md,1,0,
org|social innovation,Social Innovation,org,organization,,vault,7,0,2,linked by connectivity pass,Network Map/Organizations/Social Innovation.md,3,0,
person|tek jun,Tek Jun,person,,,vault,2,1,2,Other connected pairs/groups 21,Network Map/People/Tek Jun.md,2,0,
org|white house,White House,org,government body,WHITE HOUSE,both,465,7,1,White House,Network Map/Organizations/White House.md,63,0,
person|xiaotian xue,Xiaotian Xue,person,,,vault,11,0,1,linked by connectivity pass,Network Map/People/Xiaotian Xue.md,3,0,
org|firestone natural rubber company,Firestone Natural Rubber Company,org,company,,vault,5,1,2,Other connected pairs/groups 33,Network Map/Organizations/Firestone Natural Rubber Company.md,2,0,
org|johannesburg stock exchange,Johannesburg Stock Exchange,org,organization,,vault,13,0,2,linked by connectivity pass,Network Map/Organizations/Johannesburg Stock Exchange.md,5,0,
org|child mind institute,Child Mind Institute,org,NGO/nonprofit/think tank,,vault,14,0,2,linked by connectivity pass,Network Map/Organizations/Child Mind Institute.md,3,0,
person|tomas e robles jr,Tomas E. Robles Jr,person,,,vault,4,1,,Other connected pairs/groups 45,Network Map/People/Tomas E. Robles Jr.md,1,0,
org|unitedhealth group,UnitedHealth Group,org,company,,vault,15,0,2,linked by connectivity pass,Network Map/Organizations/UnitedHealth Group.md,4,0,
org|lazard s p a,Lazard S.p.A,org,organization,,vault,7,1,3,Lazard Freres,Network Map/Organizations/Lazard S.p.A.md,1,0,
org|chinese communist party,Chinese Communist Party,org,political organization,,vault,22,0,2,linked by connectivity pass,Network Map/Organizations/Chinese Communist Party.md,6,0,
org|w atan,Watan,org,organization,,vault,6,0,2,linked by connectivity pass,Network Map/Organizations/Watan.md,3,0,
org|el rothschild,EL Rothschild,org,organization,,vault,15,1,2,Other connected pairs/groups 7,Network Map/Organizations/EL Rothschild.md,1,0,
person|jay hambro,Jay Hambro,person,,,vault,12,1,3,Other connected pairs/groups 15,Network Map/People/Jay Hambro.md,1,0,
org|bank austria creditanstalt,Bank Austria-Creditanstalt,org,company,Bank Austria Creditanstalt,vault,10,2,2,Bank Austria-Creditanstalt,Network Map/Organizations/Bank Austria-Creditanstalt.md,2,0,
person|ludovic kennedy,Ludovic Kennedy,person,,,vault,78,1,2,Bullingdon Club,Network Map/People/Ludovic Kennedy.md,1,0,
person|arthur loewengart,Arthur Loewengart,person,,,vault,0,0,,(isolated),Network Map/People/Arthur Loewengart.md,3,0,
person|bill ayers,Bill Ayers,person,,,both,204,0,1,linked by connectivity pass,Network Map/People/Bill Ayers.md,3,5,
org|bilderberg hotel,Bilderberg Hotel,org,company,,vault,1,0,4,linked by connectivity pass,Network Map/Organizations/Bilderberg Hotel.md,4,0,
org|credit suisse first boston,Credit Suisse First Boston,org,organization,,vault,21,0,2,linked by connectivity pass,Network Map/Organizations/Credit Suisse First Boston.md,4,0,
person|alex mill,Alex Mill,person,,,vault,3,1,,linked by connectivity pass,Network Map/People/Alex Mill.md,1,0,originally-read entity
org|chamber of commerce,Chamber of Commerce,org,organization,,vault,4,0,2,linked by connectivity pass,Network Map/Organizations/Chamber of Commerce.md,5,0,
person|arthur dee,Arthur Dee,person,,,vault,3,0,2,linked by connectivity pass,Network Map/People/Arthur Dee.md,3,0,
org|charter communications,Charter Communications,org,organization,,vault,21,2,2,Charter Communications,Network Map/Organizations/Charter Communications.md,2,0,
org|los angeles times,Los Angeles Times,org,organization,,vault,11,0,2,linked by connectivity pass,Network Map/Organizations/Los Angeles Times.md,4,0,
person|angus king,Angus King,person,,,vault,85,0,2,linked by connectivity pass,Network Map/People/Angus King.md,7,0,
org|governing board,Governing Board,org,organization,,vault,5,1,2,Other connected pairs/groups 27,Network Map/Organizations/Governing Board.md,1,0,
person|henri bergson,Henri Bergson,person,,,vault,6,1,3,Other connected pairs/groups 36,Network Map/People/Henri Bergson.md,1,0,
person|george peabody,George Peabody,person,,,both,19,0,1,linked by connectivity pass,Network Map/People/George Peabody.md,3,2,
person|ricardo b salinas,Ricardo B. Salinas,person,,,vault,27,0,2,linked by connectivity pass,Network Map/People/Ricardo B. Salinas.md,1,0,originally-read entity
org|polydor records,Polydor Records,org,company,,vault,22,0,2,linked by connectivity pass,Network Map/Organizations/Polydor Records.md,3,0,
person|michel bon,Michel Bon,person,,,vault,17,1,2,Other connected pairs/groups 33,Network Map/People/Michel Bon.md,2,0,
org|stanford law school,Stanford Law School,org,university/school,,vault,22,0,2,linked by connectivity pass,Network Map/Organizations/Stanford Law School.md,3,0,
person|andrew carnegie,Andrew Carnegie,person,,,vault,8,0,2,linked by connectivity pass,Network Map/People/Andrew Carnegie.md,3,0,
person|edwin leather,Edwin Leather,person,,,vault,13,2,2,British Parliament,Network Map/People/Edwin Leather.md,3,0,
person|jeffrey e garten,Jeffrey E. Garten,person,,,vault,17,1,2,Other connected pairs/groups 40,Network Map/People/Jeffrey E. Garten.md,1,0,
org|university of vermont,University of Vermont,org,university/school,,vault,6,1,2,Other connected pairs/groups 43,Network Map/Organizations/University of Vermont.md,3,0,
org|blue owl capital,Blue Owl Capital,org,company,,vault,8,1,2,Other connected pairs/groups 19,Network Map/Organizations/Blue Owl Capital.md,5,0,
org|bank for international settlements,Bank for International Settlements,org,international body,,vault,39,1,2,Other connected pairs/groups 17,Network Map/Organizations/Bank for International Settlements.md,2,0,
org|imperial oil,Imperial Oil,org,organization,Imperial Oil Limited,vault,5,0,2,linked by connectivity pass,Network Map/Organizations/Imperial Oil.md,3,0,
person|calvin coolidge,Calvin Coolidge,person,,,vault,14,0,2,linked by connectivity pass,Network Map/People/Calvin Coolidge.md,3,0,
person|marcelle pellegrino,Marcelle Pellegrino,person,,,vault,2,2,4,Other connected pairs/groups 6,Network Map/People/Marcelle Pellegrino.md,1,0,
person|paul tate,Paul Tate,person,,Paul James Tate,vault,4,0,3,linked by connectivity pass,Network Map/People/Paul Tate.md,3,0,
org|investment banking summer,Investment Banking Summer,org,organization,,vault,2,0,2,linked by connectivity pass,Network Map/Organizations/Investment Banking Summer.md,3,0,
person|ben bernanke,Ben Bernanke,person,,Ben S. Bernanke,vault,28,0,2,linked by connectivity pass,Network Map/People/Ben Bernanke.md,3,0,
org|tisch school of the arts,Tisch School of the Arts,org,university/school,,vault,2,0,2,linked by connectivity pass,Network Map/Organizations/Tisch School of the Arts.md,3,0,
org|rothschild and sca,Rothschild & Co SCA,org,organization,,vault,5,0,2,linked by connectivity pass,Network Map/Organizations/Rothschild & Co SCA.md,3,0,
org|jameel institute,Jameel Institute,org,NGO/nonprofit/think tank,,vault,2,0,3,linked by connectivity pass,Network Map/Organizations/Jameel Institute.md,3,0,
person|jeff bezos,Jeff Bezos,person,,,both,323,4,1,X posts only,Network Map/People/Jeff Bezos.md,6,19,
person|alexander mackendrick,Alexander Mackendrick,person,,,vault,9,0,2,linked by connectivity pass,Network Map/People/Alexander Mackendrick.md,1,0,originally-read entity
org|ground news,Ground News,org,organization,,vault,1,1,,Other connected pairs/groups 35,Network Map/Organizations/Ground News.md,1,0,
org|western union,Western Union,org,organization,,vault,28,0,2,linked by connectivity pass,Network Map/Organizations/Western Union.md,3,0,
org|latin america practice,Latin America Practice,org,organization,,vault,6,0,2,linked by connectivity pass,Network Map/Organizations/Latin America Practice.md,1,0,originally-read entity
org|royal navy,Royal Navy,org,organization,,vault,7,0,2,linked by connectivity pass,Network Map/Organizations/Royal Navy.md,5,0,
org|tribeca film institute,Tribeca Film Institute,org,NGO/nonprofit/think tank,,vault,25,0,2,linked by connectivity pass,Network Map/Organizations/Tribeca Film Institute.md,4,0,
person|lamont jr,Lamont Jr,person,,,vault,12,0,2,linked by connectivity pass,Network Map/People/Lamont Jr.md,3,0,
person|josh wolfe,Josh Wolfe,person,,,vault,2,1,1,Other connected pairs/groups 43,Network Map/People/Josh Wolfe.md,2,0,
org|arco,ARCO,org,organization,,vault,21,2,2,ARCO,Network Map/Organizations/ARCO.md,9,0,
org|roche holding,Roche Holding,org,organization,Roche Holding AG; Roche Holding Ltd!,vault,15,1,2,Other connected pairs/groups 34,Network Map/Organizations/Roche Holding.md,2,0,
person|akihiro nojiri,Akihiro Nojiri,person,,,vault,3,2,2,Other connected pairs/groups 12,Network Map/People/Akihiro Nojiri.md,1,0,
org|boeing,Boeing,org,organization,,vault,53,0,2,linked by connectivity pass,Network Map/Organizations/Boeing.md,8,0,
org|washington university,Washington University,org,university/school,,vault,10,0,2,linked by connectivity pass,Network Map/Organizations/Washington University.md,3,0,
org|viuk,VIUK,org,organization,,vault,4,1,2,Other connected pairs/groups 52,Network Map/Organizations/VIUK.md,1,0,
org|loews,Loews Corporation,org,company,Loews,vault,36,0,2,linked by connectivity pass,Network Map/Organizations/Loews Corporation.md,6,0,
org|sukhoi,Sukhoi,org,organization,,vault,3,1,3,Inkombank,Network Map/Organizations/Sukhoi.md,1,0,
org|chicago board of trade,Chicago Board of Trade,org,organization,,vault,6,0,2,linked by connectivity pass,Network Map/Organizations/Chicago Board of Trade.md,3,0,
org|kainchi dham,Kainchi Dham,org,organization,,vault,8,0,2,linked by connectivity pass,Network Map/Organizations/Kainchi Dham.md,3,0,
org|la strada foundation,La Strada Foundation,org,foundation,,vault,3,1,2,Other connected pairs/groups 5,Network Map/Organizations/La Strada Foundation.md,1,0,
org|united nations foundation,United Nations Foundation,org,international body,,vault,11,0,2,linked by connectivity pass,Network Map/Organizations/United Nations Foundation.md,5,0,
org|viking global investors,Viking Global Investors,org,organization,,vault,12,2,2,Viking Global Investors,Network Map/Organizations/Viking Global Investors.md,2,0,
org|sony music group,Sony Music Group,org,company,,vault,15,0,2,linked by connectivity pass,Network Map/Organizations/Sony Music Group.md,3,0,
org|sutro and,Sutro & Co,org,organization,,vault,3,1,2,Other connected pairs/groups 1,Network Map/Organizations/Sutro & Co.md,1,0,
org|awolf,Awolf,org,organization,,vault,1,0,2,linked by connectivity pass,Network Map/Organizations/Awolf.md,4,0,
person|stephen schwarzman,Stephen Schwarzman,person,,Stephen A. Schwarzman; Stephen Allen Schwarzman; Steve Schwarzman,vault,90,1,2,Blackstone,Network Map/People/Stephen Schwarzman.md,8,0,
person|havelock ellis,Havelock Ellis,person,,,vault,8,1,2,Other connected pairs/groups 29,Network Map/People/Havelock Ellis.md,7,0,
org|levi p morton,Levi P Morton,org,organization,,vault,4,1,3,Other connected pairs/groups 14,Network Map/Organizations/Levi P Morton.md,1,0,
person|john major,John Major,person,,,vault,12,0,2,linked by connectivity pass,Network Map/People/John Major.md,3,0,
org|phillips exeter academy,Phillips Exeter Academy,org,university/school,Education Phillips Exeter Academy,vault,26,0,2,linked by connectivity pass,Network Map/Organizations/Phillips Exeter Academy.md,10,0,
org|packaging dynamics,Packaging Dynamics Corp,org,company,,vault,7,1,3,Other connected pairs/groups 10,Network Map/Organizations/Packaging Dynamics Corp.md,1,0,
org|world health organization,World Health Organization,org,international body,,vault,29,1,2,Other connected pairs/groups 50,Network Map/Organizations/World Health Organization.md,9,0,
person|roger altman,Roger Altman,person,,Roger Charles Altman,vault,32,3,2,Lehman Brothers,Network Map/People/Roger Altman.md,3,0,
person|john connaughton juma crawford,John Connaughton Juma Crawford,person,,,vault,3,0,2,linked by connectivity pass,Network Map/People/John Connaughton Juma Crawford.md,1,0,originally-read entity
org|house judiciary committee,House Judiciary Committee,org,NGO/nonprofit/think tank,,vault,11,1,1,Other connected pairs/groups 37,Network Map/Organizations/House Judiciary Committee.md,3,0,
person|maria carolina,Maria Carolina,person,,,vault,7,0,3,linked by connectivity pass,Network Map/People/Maria Carolina.md,4,0,
org|royal bank of scotland,Royal Bank of Scotland,org,company,,vault,24,1,2,Other connected pairs/groups 28,Network Map/Organizations/Royal Bank of Scotland.md,5,0,
org|democratic national committee,Democratic National Committee,org,political organization,DNC,vault,30,0,2,linked by connectivity pass,Network Map/Organizations/Democratic National Committee.md,10,0,
org|davis polk,Davis Polk,org,organization,,vault,14,0,1,linked by connectivity pass,Network Map/Organizations/Davis Polk.md,4,0,
org|cisco systems,Cisco Systems,org,organization,,vault,8,0,2,linked by connectivity pass,Network Map/Organizations/Cisco Systems.md,4,0,
person|salvatore linteum,Salvatore Linteum,person,,,both,8,0,1,linked by connectivity pass,Network Map/People/Salvatore Linteum.md,8,1,
person|jake sullivan,Jake Sullivan,person,,,vault,53,0,2,linked by connectivity pass,Network Map/People/Jake Sullivan.md,3,0,
person|terje rod-larsen,Terje Rod-Larsen,person,,,both,151,2,1,Other connected pairs/groups 53,Network Map/People/Terje Rod-Larsen.md,2,10,
org|royal academy of engineering,Royal Academy of Engineering,org,university/school,,vault,5,0,3,linked by connectivity pass,Network Map/Organizations/Royal Academy of Engineering.md,3,0,
org|unilever,Unilever,org,organization,Unilever PLC,vault,134,3,1,Unilever,Network Map/Organizations/Unilever.md,9,0,
org|deloitte consulting,Deloitte Consulting,org,organization,,vault,7,0,2,linked by connectivity pass,Network Map/Organizations/Deloitte Consulting.md,3,0,
org|stone ridge asset management,Stone Ridge Asset Management,org,company,,vault,17,1,2,Other connected pairs/groups 51,Network Map/Organizations/Stone Ridge Asset Management.md,1,0,
person|louis vuitton,Louis Vuitton,person,,,vault,10,0,1,linked by connectivity pass,Network Map/People/Louis Vuitton.md,3,0,
person|eileen alexanderson,Eileen Alexanderson,person,,,vault,3,0,1,linked by connectivity pass,Network Map/People/Eileen Alexanderson.md,3,0,
org|barclays,Barclays,org,organization,Barclays PLC,vault,148,2,1,Other connected pairs/groups 15,Network Map/Organizations/Barclays.md,9,0,
org|schoo,Schoo,org,organization,,vault,21,0,2,linked by connectivity pass,Network Map/Organizations/Schoo.md,3,0,
org|international development association,International Development Association,org,NGO/nonprofit/think tank,,vault,36,1,2,World Bank Group,Network Map/Organizations/International Development Association.md,1,0,
org|tribeca,Tribeca,org,organization,TRIBECA; TriBeCa,vault,15,1,2,Other connected pairs/groups 1,Network Map/Organizations/Tribeca.md,4,0,
org|rbc capital markets,RBC Capital Markets,org,company,RBC CAPITAL MARKETS CORPORATION; RBC CAPITAL MARKETS LLC; RBC Capital Markets LLC,vault,34,0,1,linked by connectivity pass,Network Map/Organizations/RBC Capital Markets.md,6,0,
person|thomas massie,Thomas Massie,person,,Thomas Massi,both,342,17,1,Other connected pairs/groups 2,Network Map/People/Thomas Massie.md,35,84,
person|thomas sorell,Thomas Sorell,person,,,vault,6,1,2,Other connected pairs/groups 36,Network Map/People/Thomas Sorell.md,1,0,
person|ken wilson,Ken Wilson,person,,,vault,0,0,,(isolated),Network Map/People/Ken Wilson.md,3,0,
org|alpha epsilon pi,Alpha Epsilon Pi,org,greek-letter society,,vault,1,0,2,linked by connectivity pass,Network Map/Organizations/Alpha Epsilon Pi.md,6,0,
person|jo johnson,Jo Johnson,person,,,vault,78,1,2,Bullingdon Club,Network Map/People/Jo Johnson.md,2,0,
person|rich harrison,Rich Harrison,person,,,vault,16,0,2,linked by connectivity pass,Network Map/People/Rich Harrison.md,5,0,
person|john podesta,John Podesta,person,,,both,62,2,1,X posts only,Network Map/People/John Podesta.md,8,3,
person|paul allen,Paul Allen,person,,,vault,27,1,1,Microsoft,Network Map/People/Paul Allen.md,7,0,
org|bank of credit and commerce international,Bank of Credit and Commerce International,org,company,,vault,12,0,2,linked by connectivity pass,Network Map/Organizations/Bank of Credit and Commerce International.md,3,0,
org|nesta,NESTA,org,organization,,vault,17,1,2,Other connected pairs/groups 49,Network Map/Organizations/NESTA.md,2,0,
org|whitney museum,Whitney Museum,org,organization,,vault,12,0,2,linked by connectivity pass,Network Map/Organizations/Whitney Museum.md,4,0,
org|kitchener,Kitchener,org,organization,,vault,2,0,2,linked by connectivity pass,Network Map/Organizations/Kitchener.md,4,0,
org|starry,Starry,org,organization,"STARRY INC; Starry, Inc",vault,3,0,2,linked by connectivity pass,Network Map/Organizations/Starry.md,4,0,
person|khalid bin bandar,Khalid bin Bandar,person,,,vault,9,1,2,Other connected pairs/groups 17,Network Map/People/Khalid bin Bandar.md,2,0,
person|guy kawasaki,Guy Kawasaki,person,,Guy Takeo Kawasaki,vault,12,0,2,linked by connectivity pass,Network Map/People/Guy Kawasaki.md,3,0,
person|esther duflo,Esther Duflo,person,,,vault,30,1,2,Other connected pairs/groups 31,Network Map/People/Esther Duflo.md,3,0,
org|san francisco examiner,San Francisco Examiner,org,organization,,vault,13,0,2,linked by connectivity pass,Network Map/Organizations/San Francisco Examiner.md,4,0,
org|university of applied sciences,University of Applied Sciences,org,university/school,,vault,2,1,2,Other connected pairs/groups 45,Network Map/Organizations/University of Applied Sciences.md,1,0,
org|mckinsey and company,McKinsey & Company,org,company,"McKinsey; McKinsey & Company, Inc; VicKinsey & Company",vault,174,1,1,Other connected pairs/groups 7,Network Map/Organizations/McKinsey & Company.md,28,0,
org|perkins coie,Perkins Coie,org,organization,Perkins Coie LLP,vault,11,0,2,linked by connectivity pass,Network Map/Organizations/Perkins Coie.md,4,0,
person|nejsisi bry rete,Nejsisi BRy Rete,person,,,vault,4,1,2,Other connected pairs/groups 16,Network Map/People/Nejsisi BRy Rete.md,1,0,
org|purdue pharma,Purdue Pharma,org,organization,Purdue Pharma L.P,vault,86,0,1,linked by connectivity pass,Network Map/Organizations/Purdue Pharma.md,7,0,
org|landmark partners,Landmark Partners,org,company,,vault,12,0,2,linked by connectivity pass,Network Map/Organizations/Landmark Partners.md,4,0,
org|location new york city,Location New York City,org,organization,,vault,7,0,2,linked by connectivity pass,Network Map/Organizations/Location New York City.md,3,0,
org|tribeca productions,Tribeca Productions,org,organization,TriBeCa Productions,vault,13,1,2,Other connected pairs/groups 1,Network Map/Organizations/Tribeca Productions.md,2,0,
org|santa clara university,Santa Clara University,org,university/school,,vault,6,0,2,linked by connectivity pass,Network Map/Organizations/Santa Clara University.md,3,0,
person|chi upsilon,Chi Upsilon,person,,,vault,6,1,2,Other connected pairs/groups 22,Network Map/People/Chi Upsilon.md,1,0,unresolved OCR name
person|tony p scotto,Tony P. Scotto,person,,,vault,7,2,3,Other connected pairs/groups 10,Network Map/People/Tony P. Scotto.md,1,0,
person|francis collins,Francis Collins,person,,,vault,27,0,2,linked by connectivity pass,Network Map/People/Francis Collins.md,1,0,originally-read entity
person|john elkann,John Elkann,person,,John Philip Jacob Elkann,vault,12,0,2,linked by connectivity pass,Network Map/People/John Elkann.md,3,0,
person|rupert soames,Rupert Soames,person,,,vault,78,2,2,Bullingdon Club,Network Map/People/Rupert Soames.md,2,0,
person|henry jackson,Henry Jackson,person,,Henry M. Jackson,vault,36,0,2,linked by connectivity pass,Network Map/People/Henry Jackson.md,4,0,originally-read entity
person|alexandre de marenches,Alexandre de Marenches,person,,,vault,11,1,2,linked by connectivity pass,Network Map/People/Alexandre de Marenches.md,3,0,
person|veronica webb,Veronica Webb,person,,,vault,5,2,2,Other connected pairs/groups 1,Network Map/People/Veronica Webb.md,2,0,
org|indiana university,Indiana University,org,university/school,Education Indiana University,vault,25,0,2,linked by connectivity pass,Network Map/Organizations/Indiana University.md,5,0,
org|eastern roman empire,Eastern Roman Empire,org,organization,,vault,1,0,3,linked by connectivity pass,Network Map/Organizations/Eastern Roman Empire.md,3,0,
person|herbert gladstone,Herbert Gladstone,person,,,vault,1,1,4,Other connected pairs/groups 37,Network Map/People/Herbert Gladstone.md,1,0,
org|royal air force,Royal Air Force,org,organization,,vault,3,0,2,linked by connectivity pass,Network Map/Organizations/Royal Air Force.md,3,0,
org|afl cio,Afl-Cio,org,organization,AFL-CIO,vault,11,0,2,linked by connectivity pass,Network Map/Organizations/Afl-Cio.md,2,0,originally-read entity
person|barnet isaacs,Barnet Isaacs,person,,,vault,3,0,2,linked by connectivity pass,Network Map/People/Barnet Isaacs.md,3,0,
person|michel de carvalho,Michel de Carvalho,person,,Michel Ray de Carvalho,vault,23,0,2,linked by connectivity pass,Network Map/People/Michel de Carvalho.md,4,0,
org|sfc new holdings,"SFC New Holdings, Inc",org,company,"SFC NEW HOLDINGS, INC",vault,15,1,2,Other connected pairs/groups 45,"Network Map/Organizations/SFC New Holdings, Inc.md",2,0,
org|johnson and johnson,Johnson & Johnson,org,organization,,vault,64,0,2,linked by connectivity pass,Network Map/Organizations/Johnson & Johnson.md,6,0,
person|agha hasan abedi,Agha Hasan Abedi,person,,,vault,5,1,2,BCCI,Network Map/People/Agha Hasan Abedi.md,1,0,
org|ceo and,Co-CEO &,org,organization,CEO &,vault,12,1,2,Other connected pairs/groups 23,Network Map/Organizations/Co-CEO &.md,2,0,
person|ken moelis,Ken Moelis,person,,,vault,27,1,2,Moelis & Company,Network Map/People/Ken Moelis.md,2,0,
person|robert rubin,Robert Rubin,person,,,both,42,1,1,UN General Assembly,Network Map/People/Robert Rubin.md,2,1,
person|charles manson,Charles Manson,person,,,vault,4,0,2,linked by connectivity pass,Network Map/People/Charles Manson.md,4,0,
person|lauren pastrich,Lauren Pastrich,person,,,vault,3,2,3,Other connected pairs/groups 24,Network Map/People/Lauren Pastrich.md,1,0,
org|kaufman center,Kaufman Center,org,NGO/nonprofit/think tank,,vault,5,1,3,Other connected pairs/groups 44,Network Map/Organizations/Kaufman Center.md,1,0,
person|linda evangelista,Linda Evangelista,person,,,vault,13,0,2,linked by connectivity pass,Network Map/People/Linda Evangelista.md,4,0,
org|financial news,Financial » News,org,organization,Financial = News,vault,3,0,2,linked by connectivity pass,Network Map/Organizations/Financial » News.md,3,0,
person|constant chevillon,Constant Chevillon,person,,,vault,14,0,2,linked by connectivity pass,Network Map/People/Constant Chevillon.md,5,0,
person|michael hayden,Michael Hayden,person,,,vault,37,1,1,Central Intelligence Agency,Network Map/People/Michael Hayden.md,2,0,
org|federal trade commission,Federal Trade Commission,org,government body,,vault,26,1,2,Other connected pairs/groups 14,Network Map/Organizations/Federal Trade Commission.md,3,0,
person|jeffrey skilling,Jeffrey Skilling,person,,,vault,4,1,2,Other connected pairs/groups 30,Network Map/People/Jeffrey Skilling.md,2,0,
org|bullingdon club,Bullingdon Club,org,society/club,,vault,71,56,2,Bullingdon Club,Network Map/Organizations/Bullingdon Club.md,6,0,
person|bernard weinraub,Bernard Weinraub,person,,,vault,11,0,2,linked by connectivity pass,Network Map/People/Bernard Weinraub.md,2,0,originally-read entity
person|nigel burke,Nigel Burke,person,,,vault,8,1,2,Saffery,Network Map/People/Nigel Burke.md,4,0,
person|oliver north,Oliver North,person,,,both,156,2,1,X posts only,Network Map/People/Oliver North.md,3,7,
org|division of finance,Division of Corporation Finance,org,company,,vault,10,0,2,linked by connectivity pass,Network Map/Organizations/Division of Corporation Finance.md,5,0,
org|advanced technologies,Advanced Technologies,org,organization,,vault,4,0,2,linked by connectivity pass,Network Map/Organizations/Advanced Technologies.md,1,0,originally-read entity
org|tufts university,Tufts University,org,university/school,Education Tufts University,vault,37,0,1,linked by connectivity pass,Network Map/Organizations/Tufts University.md,7,0,
org|communist party,Communist Party,org,political organization,,vault,10,1,2,Other connected pairs/groups 7,Network Map/Organizations/Communist Party.md,4,0,
org|mercy corps,Mercy Corps,org,organization,,vault,8,0,2,linked by connectivity pass,Network Map/Organizations/Mercy Corps.md,3,0,
org|university of maryland,University of Maryland,org,university/school,Education University of Maryland; University of Maryland $,vault,55,0,2,linked by connectivity pass,Network Map/Organizations/University of Maryland.md,9,0,
person|sigmund freud,Sigmund Freud,person,,,vault,1,0,3,linked by connectivity pass,Network Map/People/Sigmund Freud.md,3,0,
org|american film institute,American Film Institute,org,NGO/nonprofit/think tank,,vault,14,0,2,linked by connectivity pass,Network Map/Organizations/American Film Institute.md,3,0,
person|ralph reed,Ralph Reed,person,,,vault,12,1,2,American Express,Network Map/People/Ralph Reed.md,1,0,
org|kerry committee,Kerry Committee,org,NGO/nonprofit/think tank,,vault,9,1,2,Other connected pairs/groups 44,Network Map/Organizations/Kerry Committee.md,1,0,
org|ohio state university,Ohio State University,org,university/school,Education Ohio State University,vault,22,0,1,linked by connectivity pass,Network Map/Organizations/Ohio State University.md,3,0,
person|john dury,John Dury,person,,,vault,3,0,4,linked by connectivity pass,Network Map/People/John Dury.md,4,0,
org|suntech,Suntech,org,organization,,vault,2,1,3,Other connected pairs/groups 38,Network Map/Organizations/Suntech.md,1,0,
org|american political science association,American Political Science Association,org,NGO/nonprofit/think tank,,vault,9,1,2,Brookings Institution,Network Map/Organizations/American Political Science Association.md,1,0,
org|n m rothschild and sons,N M Rothschild & Sons,org,organization,NM Rothschild & Sons; Rothschild & Sons,both,86,2,1,Other connected pairs/groups 8,Network Map/Organizations/N M Rothschild & Sons.md,9,0,
person|thomas tull,Thomas Tull,person,,,vault,5,1,3,Other connected pairs/groups 54,Network Map/People/Thomas Tull.md,1,0,
org|apollo private equity,Apollo Private Equity,org,organization,,vault,5,1,2,Apollo,Network Map/Organizations/Apollo Private Equity.md,1,0,
person|orrin hatch,Orrin Hatch,person,,,vault,20,0,2,linked by connectivity pass,Network Map/People/Orrin Hatch.md,3,0,
person|isaac newton,Isaac Newton,person,,,vault,6,0,2,linked by connectivity pass,Network Map/People/Isaac Newton.md,5,0,
org|christianity,Christianity,org,organization,,vault,10,0,2,linked by connectivity pass,Network Map/Organizations/Christianity.md,3,0,
org|abc news,ABC News,org,organization,,vault,44,0,2,linked by connectivity pass,Network Map/Organizations/ABC News.md,6,0,
org|delta tau delta,Delta Tau Delta,org,greek-letter society,,vault,15,0,2,linked by connectivity pass,Network Map/Organizations/Delta Tau Delta.md,3,0,
org|columbia pictures,Columbia Pictures,org,company,,vault,8,1,2,Other connected pairs/groups 24,Network Map/Organizations/Columbia Pictures.md,1,0,
person|chris larsen,Chris Larsen,person,,,vault,1,1,,Other connected pairs/groups 22,Network Map/People/Chris Larsen.md,1,0,
person|james o mckinsey,James O. McKinsey,person,,,vault,6,0,2,linked by connectivity pass,Network Map/People/James O. McKinsey.md,4,0,
person|frederick johnstone,Frederick Johnstone,person,,,vault,78,1,2,Bullingdon Club,Network Map/People/Frederick Johnstone.md,2,0,
org|american stock exchange,American Stock Exchange,org,organization,,vault,18,0,2,linked by connectivity pass,Network Map/Organizations/American Stock Exchange.md,3,0,
person|adam schiff,Adam Schiff,person,,,vault,8,0,2,linked by connectivity pass,Network Map/People/Adam Schiff.md,3,0,
org|yapi kredi bank,Yapi Kredi Bank,org,company,,vault,3,1,2,Other connected pairs/groups 54,Network Map/Organizations/Yapi Kredi Bank.md,1,0,
org|vanguard,Vanguard,org,organization,,vault,15,0,2,linked by connectivity pass,Network Map/Organizations/Vanguard.md,4,0,
person|jeffrey sachs,Jeffrey Sachs,person,,,vault,12,0,2,linked by connectivity pass,Network Map/People/Jeffrey Sachs.md,3,0,
person|henke pistorius,Henke Pistorius,person,,,vault,2,1,2,Other connected pairs/groups 36,Network Map/People/Henke Pistorius.md,1,0,
person|john catsimatidis,John Catsimatidis,person,,,vault,12,1,2,Other connected pairs/groups 41,Network Map/People/John Catsimatidis.md,2,0,
org|guinness,Guinness,org,organization,,vault,5,0,2,linked by connectivity pass,Network Map/Organizations/Guinness.md,3,0,
person|monas hieroglyphica,Monas Hieroglyphica,person,,,vault,3,0,2,linked by connectivity pass,Network Map/People/Monas Hieroglyphica.md,3,0,
org|philips phonografische,Philips Phonografische,org,organization,,vault,22,0,2,linked by connectivity pass,Network Map/Organizations/Philips Phonografische.md,3,0,
org|lehman brothers,Lehman Brothers,org,company,LEHMAN BROTHERS; Lehman; Lehman Brothers Holdings Inc; Lehman Brothers Inc,vault,182,8,2,Lehman Brothers,Network Map/Organizations/Lehman Brothers.md,34,0,
person|mahesh yogi,Mahesh Yogi,person,,,vault,4,0,2,linked by connectivity pass,Network Map/People/Mahesh Yogi.md,4,0,
org|la strada,La Strada,org,organization,,vault,6,1,3,Other connected pairs/groups 45,Network Map/Organizations/La Strada.md,7,0,
person|hugh percy,Hugh Percy,person,,,vault,6,1,2,Other connected pairs/groups 37,Network Map/People/Hugh Percy.md,1,0,
org|council for inclusive capitalism,Council for Inclusive Capitalism,org,NGO/nonprofit/think tank,,vault,87,1,1,Other connected pairs/groups 7,Network Map/Organizations/Council for Inclusive Capitalism.md,7,0,
person|charles bronfman,Charles Bronfman,person,,Charles R. Bronfman,both,99,3,1,Other connected pairs/groups 22,Network Map/People/Charles Bronfman.md,8,5,
org|wharton school,Wharton School,org,university/school,,vault,53,0,2,linked by connectivity pass,Network Map/Organizations/Wharton School.md,19,0,
org|eucharist,Eucharist,org,organization,,vault,4,0,2,linked by connectivity pass,Network Map/Organizations/Eucharist.md,3,0,
person|hunter biden,Hunter Biden,person,,,both,148,2,1,X posts only,Network Map/People/Hunter Biden.md,5,14,
person|dina powell,Dina Powell,person,,,vault,69,2,1,Goldman Sachs,Network Map/People/Dina Powell.md,6,0,
org|rothschild and cie banque,Rothschild & Cie Banque,org,organization,,vault,5,0,2,linked by connectivity pass,Network Map/Organizations/Rothschild & Cie Banque.md,4,0,
org|united methodist church,United Methodist Church,org,organization,,vault,11,0,2,linked by connectivity pass,Network Map/Organizations/United Methodist Church.md,6,0,
person|xavier becerra,Xavier Becerra,person,,,both,20,2,1,X posts only,Network Map/People/Xavier Becerra.md,3,5,
person|dava newman,Dava Newman,person,,,vault,28,1,2,Other connected pairs/groups 26,Network Map/People/Dava Newman.md,1,0,
person|michel rocard,Michel Rocard,person,,,vault,10,0,2,linked by connectivity pass,Network Map/People/Michel Rocard.md,3,0,
org|paulson and,Paulson & Co,org,organization,Paulson & Co $,vault,25,0,1,linked by connectivity pass,Network Map/Organizations/Paulson & Co.md,4,0,
org|federal housing finance agency,Federal Housing Finance Agency,org,government body,,vault,1,0,2,Other connected pairs/groups 19,Network Map/Organizations/Federal Housing Finance Agency.md,3,0,
org|georgetown university law center,Georgetown University Law Center,org,university/school,,vault,20,0,2,linked by connectivity pass,Network Map/Organizations/Georgetown University Law Center.md,3,0,
org|lehigh university,Lehigh University,org,university/school,,vault,8,0,2,linked by connectivity pass,Network Map/Organizations/Lehigh University.md,3,0,
org|spirit airlines,Spirit Airlines,org,company,"Spirit Airlines, Inc",vault,7,0,2,linked by connectivity pass,Network Map/Organizations/Spirit Airlines.md,3,0,
person|harry truman,Harry Truman,person,,Harry S. Truman,vault,43,0,2,linked by connectivity pass,Network Map/People/Harry Truman.md,8,0,
org|international chamber of commerce,International Chamber of Commerce,org,NGO/nonprofit/think tank,,vault,11,1,2,Other connected pairs/groups 38,Network Map/Organizations/International Chamber of Commerce.md,1,0,
org|national bishop,National Bishop,org,organization,,vault,35,0,2,linked by connectivity pass,Network Map/Organizations/National Bishop.md,2,0,originally-read entity
org|apollo global management,Apollo Global Management,org,company,"Apollo Global; Apollo Global Management Co; Apollo Global Management Inc; Apollo Global Management, Inc",both,150,5,1,Apollo Global Management,Network Map/Organizations/Apollo Global Management.md,26,0,
person|robert h lurie children,Robert H. Lurie Children,person,,,vault,7,0,2,linked by connectivity pass,Network Map/People/Robert H. Lurie Children.md,1,0,originally-read entity
org|dged,DGED,org,organization,,vault,11,1,2,Other connected pairs/groups 12,Network Map/Organizations/DGED.md,3,0,
org|tpg,TPG Inc,org,company,,vault,0,0,,(isolated),Network Map/Organizations/TPG Inc.md,3,0,
person|craig hatkoff,Craig Hatkoff,person,,,vault,26,6,1,Other connected pairs/groups 1,Network Map/People/Craig Hatkoff.md,6,0,
person|marc anthony,Marc Anthony,person,,,vault,6,1,2,Other connected pairs/groups 47,Network Map/People/Marc Anthony.md,2,0,
person|rhodes scholarship,Rhodes Scholarship,person,,,vault,6,0,2,linked by connectivity pass,Network Map/People/Rhodes Scholarship.md,4,0,
org|tiger management,Tiger Management,org,company,Tiger Management LLC,vault,15,1,2,Other connected pairs/groups 43,Network Map/Organizations/Tiger Management.md,3,0,
person|francois mitterrand,Francois Mitterrand,person,,Francois Maurice Adrien Marie Mitterrand,vault,18,2,2,Other connected pairs/groups 3,Network Map/People/Francois Mitterrand.md,11,0,
person|squire patton boggs,Squire Patton Boggs,person,,,vault,13,0,2,linked by connectivity pass,Network Map/People/Squire Patton Boggs.md,4,0,
org|new york academy of art,New York Academy of Art,org,university/school,,vault,5,0,2,linked by connectivity pass,Network Map/Organizations/New York Academy of Art.md,3,0,
org|elliott management,Elliott Management Corporation,org,company,Elliott Management,vault,39,0,2,linked by connectivity pass,Network Map/Organizations/Elliott Management Corporation.md,4,0,
person|thomas hughes-hallett,Thomas Hughes-Hallett,person,,,vault,78,1,2,Bullingdon Club,Network Map/People/Thomas Hughes-Hallett.md,1,0,
org|estee lauder,Estée Lauder,org,organization,ESTEE LAUDER; Estee Lauder,vault,37,1,2,Other connected pairs/groups 31,Network Map/Organizations/Estée Lauder.md,9,0,
org|university of waterloo,University of Waterloo,org,university/school,,vault,6,0,2,linked by connectivity pass,Network Map/Organizations/University of Waterloo.md,3,0,
person|john kasich,John Kasich,person,,,vault,18,1,2,Other connected pairs/groups 42,Network Map/People/John Kasich.md,1,0,
person|stephanie avakian,Stephanie Avakian,person,,,vault,1,1,,Other connected pairs/groups 12,Network Map/People/Stephanie Avakian.md,1,0,
person|lori frantzve,Lori Frantzve,person,,,vault,3,1,2,Other connected pairs/groups 34,Network Map/People/Lori Frantzve.md,1,0,
person|luis simoes,Luis Simoes,person,,,vault,3,1,3,World Data Lab,Network Map/People/Luis Simoes.md,1,0,
org|state of israel,State of Israel,org,organization,,vault,13,0,2,linked by connectivity pass,Network Map/Organizations/State of Israel.md,5,0,
org|e m warburg and,E.M. Warburg & Co,org,organization,,vault,6,1,3,Other connected pairs/groups 29,Network Map/Organizations/E.M. Warburg & Co.md,1,0,
person|karl marx,Karl Marx,person,,,both,95,0,1,linked by connectivity pass,Network Map/People/Karl Marx.md,3,4,
person|tommy lombardo,Tommy Lombardo,person,,,vault,3,1,2,Other connected pairs/groups 49,Network Map/People/Tommy Lombardo.md,2,0,
org|phibro,Phibro,org,organization,Phibro Corporation; Phibro LLC,vault,79,0,1,linked by connectivity pass,Network Map/Organizations/Phibro.md,4,0,
org|postal service board of governors,Postal Service Board of Governors,org,organization,,vault,10,1,2,Other connected pairs/groups 51,Network Map/Organizations/Postal Service Board of Governors.md,2,0,
person|hassan rouhani,Hassan Rouhani,person,,,vault,5,0,2,linked by connectivity pass,Network Map/People/Hassan Rouhani.md,6,0,
org|california state university,California State University,org,university/school,,vault,30,0,2,linked by connectivity pass,Network Map/Organizations/California State University.md,6,0,
org|theosophical society,Theosophical Society,org,society/club,,both,29,2,1,X posts only,Network Map/Organizations/Theosophical Society.md,16,0,
org|lexington hotel,Lexington Hotel,org,company,,vault,11,0,1,linked by connectivity pass,Network Map/Organizations/Lexington Hotel.md,3,0,
org|virgin group,Virgin Group,org,company,,vault,9,0,2,linked by connectivity pass,Network Map/Organizations/Virgin Group.md,3,0,
org|national security council,National Security Council,org,NGO/nonprofit/think tank,,vault,42,0,2,linked by connectivity pass,Network Map/Organizations/National Security Council.md,7,0,
org|social democratic federation,Social Democratic Federation,org,NGO/nonprofit/think tank,,vault,14,0,2,linked by connectivity pass,Network Map/Organizations/Social Democratic Federation.md,4,0,
org|blumenthal,Blumenthal,org,organization,,vault,2,1,2,Other connected pairs/groups 19,Network Map/Organizations/Blumenthal.md,1,0,
org|chair of the panel,Chair of the Panel,org,organization,,vault,7,0,2,linked by connectivity pass,Network Map/Organizations/Chair of the Panel.md,1,0,originally-read entity
person|david einhorn,David Einhorn,person,,,both,76,3,1,Other connected pairs/groups 26,Network Map/People/David Einhorn.md,4,2,
org|national archives and records administration,National Archives and Records Administration,org,government body,,vault,6,1,2,Other connected pairs/groups 49,Network Map/Organizations/National Archives and Records Administration.md,2,0,
org|maga,MAGA,org,organization,Maga,vault,24,0,1,linked by connectivity pass,Network Map/Organizations/MAGA.md,13,0,
person|joshua bloch,Joshua Bloch,person,,,vault,6,1,2,Other connected pairs/groups 41,Network Map/People/Joshua Bloch.md,1,0,
org|steinhoff international,Steinhoff International,org,NGO/nonprofit/think tank,,vault,2,0,3,linked by connectivity pass,Network Map/Organizations/Steinhoff International.md,3,0,
person|ronald reagan,Ronald Reagan,person,,,both,325,2,1,X posts only,Network Map/People/Ronald Reagan.md,26,12,
org|island capital,Island Capital,org,company,,vault,11,1,1,Other connected pairs/groups 39,Network Map/Organizations/Island Capital.md,3,0,
person|mitchell rales,Mitchell Rales,person,,,vault,13,1,1,Other connected pairs/groups 25,Network Map/People/Mitchell Rales.md,2,0,
person|tomer seifan,Tomer Seifan,person,,,vault,17,1,2,Stone Ridge,Network Map/People/Tomer Seifan.md,1,0,
person|arpad busson,Arpad Busson,person,,,vault,14,0,1,linked by connectivity pass,Network Map/People/Arpad Busson.md,3,0,originally-read entity
org|berkadia,Berkadia,org,organization,Berkadia LLC,vault,14,2,2,Berkadia,Network Map/Organizations/Berkadia.md,2,0,
org|gmhc health services,GMHC Health Services,org,organization,,vault,5,0,3,linked by connectivity pass,Network Map/Organizations/GMHC Health Services.md,3,0,
person|jeffrey epstein,Jeffrey Epstein,person,,Jefffrey Epstein; Jeffrey Edward Epstein,both,829,99,0,Other connected pairs/groups 2,Network Map/People/Jeffrey Epstein.md,143,249,
org|amc entertainment,AMC Entertainment Inc,org,company,AMC Entertainment,vault,12,1,2,linked by connectivity pass,Network Map/Organizations/AMC Entertainment Inc.md,3,0,
person|jennifer lopez,Jennifer Lopez,person,,,vault,23,0,1,linked by connectivity pass,Network Map/People/Jennifer Lopez.md,6,0,
person|todd wagner,Todd Wagner,person,,,vault,14,0,2,linked by connectivity pass,Network Map/People/Todd Wagner.md,3,0,
org|generation investment management,Generation Investment Management,org,company,,vault,5,1,2,Other connected pairs/groups 12,Network Map/Organizations/Generation Investment Management.md,1,0,
org|fairford,Fairford,org,organization,,vault,33,0,2,linked by connectivity pass,Network Map/Organizations/Fairford.md,3,0,
person|ted waitt,Ted Waitt,person,,,vault,4,1,2,Other connected pairs/groups 54,Network Map/People/Ted Waitt.md,2,0,
org|sandler foundation,Sandler Foundation,org,foundation,,vault,25,1,2,Other connected pairs/groups 53,Network Map/Organizations/Sandler Foundation.md,4,0,
org|warner communications,Warner Communications,org,organization,,vault,12,1,2,American Express,Network Map/Organizations/Warner Communications.md,1,0,
org|international court of justice,International Court of Justice,org,government body,,vault,13,1,2,Other connected pairs/groups 37,Network Map/Organizations/International Court of Justice.md,2,0,
person|atin agarwa,Atin Agarwa,person,,,vault,2,1,2,Other connected pairs/groups 16,Network Map/People/Atin Agarwa.md,1,0,
org|harvard law school,Harvard Law School,org,university/school,,both,214,1,1,X posts only,Network Map/Organizations/Harvard Law School.md,29,0,
org|school of design,School of Design,org,university/school,,vault,9,1,2,Other connected pairs/groups 52,Network Map/Organizations/School of Design.md,1,0,
person|dick kramlich,Dick Kramlich,person,,,vault,4,0,2,linked by connectivity pass,Network Map/People/Dick Kramlich.md,3,0,
person|andy strenio,Andy Strenio,person,,,vault,16,1,2,Other connected pairs/groups 14,Network Map/People/Andy Strenio.md,1,0,
person|simon fribourg,Simon Fribourg,person,,,vault,9,1,2,Continental Grain,Network Map/People/Simon Fribourg.md,1,0,
person|elie hassenfeld,Elie Hassenfeld,person,,,vault,7,1,2,Other connected pairs/groups 30,Network Map/People/Elie Hassenfeld.md,3,0,
org|university of washington,University of Washington,org,university/school,University of Washington $,vault,43,0,2,linked by connectivity pass,Network Map/Organizations/University of Washington.md,9,0,
person|emmanuel macron,Emmanuel Macron,person,,,both,155,1,1,X posts only,Network Map/People/Emmanuel Macron.md,10,5,
person|boris nikolic,Boris Nikolic,person,,,vault,23,0,1,linked by connectivity pass,Network Map/People/Boris Nikolic.md,12,0,
org|national pencil company,National Pencil Company,org,company,,vault,2,1,3,Other connected pairs/groups 48,Network Map/Organizations/National Pencil Company.md,1,0,
person|sam bankman-fried,Sam Bankman-Fried,person,,,both,44,1,1,X posts only,Network Map/People/Sam Bankman-Fried.md,5,12,
org|university of california,University of California,org,university/school,Education University of California; University of California $,vault,90,0,2,linked by connectivity pass,Network Map/Organizations/University of California.md,28,0,
org|operation breadbasket,Operation Breadbasket,org,organization,,vault,3,1,2,Other connected pairs/groups 41,Network Map/Organizations/Operation Breadbasket.md,2,0,
person|herbert blau,Herbert Blau,person,,,vault,9,1,2,Other connected pairs/groups 37,Network Map/People/Herbert Blau.md,1,0,
person|flora katherine astor,Flora Katherine Astor,person,,,vault,15,2,2,Other connected pairs/groups 4,Network Map/People/Flora Katherine Astor.md,2,0,
org|first boston,First Boston Corporation,org,company,FIRST BOSTON LLC; First Boston,vault,25,1,1,Other connected pairs/groups 25,Network Map/Organizations/First Boston Corporation.md,5,0,
org|brown university,Brown University,org,university/school,,vault,43,0,2,linked by connectivity pass,Network Map/Organizations/Brown University.md,13,0,
org|eagle,Eagle,org,organization,,vault,5,0,2,linked by connectivity pass,Network Map/Organizations/Eagle.md,3,0,
person|john f kennedy,John F. Kennedy,person,,,vault,26,0,2,linked by connectivity pass,Network Map/People/John F. Kennedy.md,9,0,
org|tsmc,TSMC,org,organization,,vault,3,1,3,Other connected pairs/groups 38,Network Map/Organizations/TSMC.md,1,0,
person|frank malina,Frank Malina,person,,,vault,15,0,2,linked by connectivity pass,Network Map/People/Frank Malina.md,3,0,
org|mei automotive,MEI Automotive,org,organization,,vault,4,1,2,Other connected pairs/groups 9,Network Map/Organizations/MEI Automotive.md,1,0,
person|stephanie crawford,Stephanie Crawford,person,,,vault,3,1,,Other connected pairs/groups 52,Network Map/People/Stephanie Crawford.md,1,0,
org|world bank group,World Bank Group,org,international body,WORLD BANK GROUP,vault,115,2,2,World Bank Group,Network Map/Organizations/World Bank Group.md,13,0,
org|museum of art,Museum of Art,org,organization,,vault,13,0,2,linked by connectivity pass,Network Map/Organizations/Museum of Art.md,3,0,
person|david lewin,David Lewin,person,,,vault,14,0,3,linked by connectivity pass,Network Map/People/David Lewin.md,3,0,
person|stewart oldfield,Stewart Oldfield,person,,,vault,6,0,1,linked by connectivity pass,Network Map/People/Stewart Oldfield.md,4,0,
person|jeff bewkes,Jeff Bewkes,person,,,vault,14,1,2,Other connected pairs/groups 40,Network Map/People/Jeff Bewkes.md,1,0,
person|carl meyer,Carl Meyer,person,,,vault,35,2,1,De Beers,Network Map/People/Carl Meyer.md,2,0,
person|stuart ross,Stuart Ross,person,,,vault,2,1,2,Other connected pairs/groups 49,Network Map/People/Stuart Ross.md,1,0,
org|communications and marketing,Communications & Marketing,org,organization,,vault,5,1,2,Other connected pairs/groups 24,Network Map/Organizations/Communications & Marketing.md,1,0,
person|justin x gratz,Justin X Gratz,person,,,vault,5,1,1,Other connected pairs/groups 39,Network Map/People/Justin X Gratz.md,1,0,
person|nicholas f brady,Nicholas F. Brady,person,,,vault,10,1,2,Other connected pairs/groups 28,Network Map/People/Nicholas F. Brady.md,2,0,
person|henry campbell-bannerman,Henry Campbell-Bannerman,person,,,vault,8,0,3,linked by connectivity pass,Network Map/People/Henry Campbell-Bannerman.md,3,0,
person|daphna krim,Daphna Krim,person,,,vault,7,1,2,Other connected pairs/groups 26,Network Map/People/Daphna Krim.md,1,0,
person|andrew cooper,Andrew Cooper,person,,,vault,7,3,2,New Mountain Capital,Network Map/People/Andrew Cooper.md,1,0,
org|rotary international,Rotary International,org,NGO/nonprofit/think tank,,vault,2,1,,Other connected pairs/groups 10,Network Map/Organizations/Rotary International.md,2,0,
person|john kingman,John Kingman,person,,,vault,12,1,2,Other connected pairs/groups 42,Network Map/People/John Kingman.md,3,0,
org|esaf,ESAF,org,organization,,vault,12,0,2,linked by connectivity pass,Network Map/Organizations/ESAF.md,3,0,
org|getty images,Getty Images,org,organization,,vault,30,0,1,linked by connectivity pass,Network Map/Organizations/Getty Images.md,18,0,
person|ajit jain,Ajit Jain,person,,,vault,15,1,2,Berkshire Hathaway,Network Map/People/Ajit Jain.md,1,0,
person|mohandas gandhi,Mohandas Gandhi,person,,Mohandas Karamchand Gandhi,vault,9,1,2,Other connected pairs/groups 45,Network Map/People/Mohandas Gandhi.md,2,0,
org|genzyme,Genzyme Corporation,org,company,,vault,13,1,2,Other connected pairs/groups 34,Network Map/Organizations/Genzyme Corporation.md,1,0,
org|willett advisors,Willett Advisors,org,company,,vault,8,1,2,Other connected pairs/groups 54,Network Map/Organizations/Willett Advisors.md,1,0,
person|alexis ohanian,Alexis Ohanian,person,,,vault,12,1,2,Alpha Kappa Psi,Network Map/People/Alexis Ohanian.md,1,0,
person|glenn dubin,Glenn Dubin,person,,Glenn Russell Dubin,both,350,5,1,Other connected pairs/groups 35,Network Map/People/Glenn Dubin.md,19,24,
person|richard e salomon,Richard E. Salomon,person,,,vault,22,0,1,linked by connectivity pass,Network Map/People/Richard E. Salomon.md,4,0,
org|royal philips electronics,Royal Philips Electronics,org,organization,,vault,35,1,2,Other connected pairs/groups 8,Network Map/Organizations/Royal Philips Electronics.md,2,0,
org|huffington post,Huffington Post,org,organization,,vault,80,0,2,linked by connectivity pass,Network Map/Organizations/Huffington Post.md,6,0,
org|conservative research department,Conservative Research Department,org,government body,,vault,16,1,2,Other connected pairs/groups 24,Network Map/Organizations/Conservative Research Department.md,4,0,
person|adam boreel,Adam Boreel,person,,,vault,5,1,4,linked by connectivity pass,Network Map/People/Adam Boreel.md,3,0,
person|helge lund,Helge Lund,person,,,vault,9,1,2,Statoil,Network Map/People/Helge Lund.md,2,0,
person|david fiszel,David Fiszel,person,,,vault,5,1,1,Other connected pairs/groups 26,Network Map/People/David Fiszel.md,1,0,
person|paul popham,Paul Popham,person,,,vault,5,0,3,linked by connectivity pass,Network Map/People/Paul Popham.md,3,0,
org|polygram n v,PolyGram N.V,org,organization,,vault,22,0,2,linked by connectivity pass,Network Map/Organizations/PolyGram N.V.md,3,0,
person|patty murray,Patty Murray,person,,,vault,85,0,2,linked by connectivity pass,Network Map/People/Patty Murray.md,7,0,
person|young steff,Young Steff,person,,,vault,14,0,2,linked by connectivity pass,Network Map/People/Young Steff.md,4,0,
org|wells fargo securities,Wells Fargo Securities LLC,org,company,WELLS FARGO SECURITIES LLC,vault,8,0,2,linked by connectivity pass,Network Map/Organizations/Wells Fargo Securities LLC.md,3,0,
org|arab spring,Arab Spring,org,organization,,vault,5,0,,linked by connectivity pass,Network Map/Organizations/Arab Spring.md,3,0,
org|college of law,College of Law,org,university/school,,vault,9,0,2,linked by connectivity pass,Network Map/Organizations/College of Law.md,3,0,
org|publicis,Publicis,org,organization,,vault,48,0,1,linked by connectivity pass,Network Map/Organizations/Publicis.md,5,0,
org|david sassoon and,David Sassoon & Co,org,organization,"David Sassoon & Co., Ltd",vault,10,1,2,Other connected pairs/groups 27,Network Map/Organizations/David Sassoon & Co.md,7,0,
person|hugh thompson,Hugh Thompson,person,,,vault,9,1,2,RSAC Conference,Network Map/People/Hugh Thompson.md,1,0,
person|manfred puffer,Manfred Puffer,person,,,vault,9,2,2,Apollo,Network Map/People/Manfred Puffer.md,2,0,
org|philipp brothers,Philipp Brothers,org,company,,vault,79,0,1,linked by connectivity pass,Network Map/Organizations/Philipp Brothers.md,3,0,
org|citibank,Citibank,org,organization,CITIBANK,vault,109,2,1,Citibank,Network Map/Organizations/Citibank.md,13,0,
org|pacwest partners,PacWest Partners,org,company,,vault,2,0,2,linked by connectivity pass,Network Map/Organizations/PacWest Partners.md,5,0,
person|guy mountfort,Guy Mountfort,person,,,vault,8,0,2,linked by connectivity pass,Network Map/People/Guy Mountfort.md,4,0,
org|rikan group,Rikan Group,org,company,,vault,1,1,,Other connected pairs/groups 52,Network Map/Organizations/Rikan Group.md,2,0,
org|navy,Navy,org,organization,,vault,81,0,2,linked by connectivity pass,Network Map/Organizations/Navy.md,11,0,
person|john james drysdale,John James Drysdale,person,,,vault,4,1,2,Other connected pairs/groups 42,Network Map/People/John James Drysdale.md,1,0,
person|andy barr,Andy Barr,person,,,vault,6,3,2,Other connected pairs/groups 2,Network Map/People/Andy Barr.md,2,0,
person|alan mnuchin,Alan Mnuchin,person,,,vault,3,0,2,linked by connectivity pass,Network Map/People/Alan Mnuchin.md,3,0,
person|dan quayle,Dan Quayle,person,,,vault,16,0,2,linked by connectivity pass,Network Map/People/Dan Quayle.md,3,0,
person|lloyd blankfein,Lloyd Blankfein,person,,,both,191,4,1,X posts only,Network Map/People/Lloyd Blankfein.md,6,4,
org|british international investment,British International Investment,org,NGO/nonprofit/think tank,,vault,51,0,2,linked by connectivity pass,Network Map/Organizations/British International Investment.md,3,0,
person|brian mcnamee,Brian McNamee,person,,,vault,1,1,,Other connected pairs/groups 20,Network Map/People/Brian McNamee.md,1,0,
org|chronicle,Chronicle,org,organization,,vault,4,1,3,Other connected pairs/groups 23,Network Map/Organizations/Chronicle.md,1,0,
person|steven mnuchin,Steven Mnuchin,person,,,vault,44,0,1,linked by connectivity pass,Network Map/People/Steven Mnuchin.md,5,0,
person|roxton sporting,Roxton Sporting,person,,,vault,1,0,,linked by connectivity pass,Network Map/People/Roxton Sporting.md,3,0,
org|office of science and technology,Office of Science and Technology,org,organization,,vault,19,1,2,Other connected pairs/groups 30,Network Map/Organizations/Office of Science and Technology.md,1,0,
person|selig brodetsky,Selig Brodetsky,person,,,vault,2,0,3,linked by connectivity pass,Network Map/People/Selig Brodetsky.md,3,0,
person|caroline lang,Caroline Lang,person,,,vault,6,1,1,Warner Bros,Network Map/People/Caroline Lang.md,2,0,
org|viacom,Viacom,org,organization,VIACOM; Viacom Inc,vault,47,0,2,linked by connectivity pass,Network Map/Organizations/Viacom.md,9,0,
org|national civil liberties bureau,National Civil Liberties Bureau,org,government body,,vault,1,0,2,linked by connectivity pass,Network Map/Organizations/National Civil Liberties Bureau.md,3,0,
org|apollo investment,Apollo Investment Corporation,org,company,,vault,3,1,2,Other connected pairs/groups 5,Network Map/Organizations/Apollo Investment Corporation.md,1,0,
org|cbs news,CBS News,org,organization,,vault,7,0,2,linked by connectivity pass,Network Map/Organizations/CBS News.md,5,0,
org|admiralty,Admiralty,org,organization,,vault,15,0,2,linked by connectivity pass,Network Map/Organizations/Admiralty.md,5,0,
person|sebastian james,Sebastian James,person,,,vault,78,4,2,Bullingdon Club,Network Map/People/Sebastian James.md,2,0,
person|errol musk,Errol Graham Musk,person,,Errol Musk,vault,1,1,,Other connected pairs/groups 31,Network Map/People/Errol Graham Musk.md,1,0,
org|times mirror tribune,Times Mirror-Tribune,org,organization,,vault,10,0,3,linked by connectivity pass,Network Map/Organizations/Times Mirror-Tribune.md,2,0,originally-read entity
org|state council of the german democratic republic,State Council of the German Democratic Republic,org,NGO/nonprofit/think tank,,vault,3,1,2,Other connected pairs/groups 31,Network Map/Organizations/State Council of the German Democratic Republic.md,1,0,
person|boris johnson,Boris Johnson,person,,,vault,110,1,2,Bullingdon Club,Network Map/People/Boris Johnson.md,5,0,
org|lance,Lance,org,organization,,vault,18,0,2,linked by connectivity pass,Network Map/Organizations/Lance.md,5,0,
person|gina raimondo,Gina Raimondo,person,,,vault,53,0,2,linked by connectivity pass,Network Map/People/Gina Raimondo.md,3,0,
org|tea party,Tea Party,org,political organization,TEA-PARTY,vault,34,0,2,linked by connectivity pass,Network Map/Organizations/Tea Party.md,11,0,
org|aniac,ANIAC,org,organization,,vault,85,0,2,linked by connectivity pass,Network Map/Organizations/ANIAC.md,7,0,
org|liberal party,Liberal Party,org,political organization,,vault,18,0,2,linked by connectivity pass,Network Map/Organizations/Liberal Party.md,3,0,
org|portland trust,Portland Trust,org,foundation,,vault,19,1,2,Other connected pairs/groups 50,Network Map/Organizations/Portland Trust.md,2,0,
org|marks and spencer,Marks & Spencer,org,organization,,vault,33,1,2,Other connected pairs/groups 9,Network Map/Organizations/Marks & Spencer.md,2,0,
person|russell robinson,Russell Robinson,person,,,vault,1,1,,Other connected pairs/groups 41,Network Map/People/Russell Robinson.md,1,0,
person|jesus christ,Jesus Christ,person,,,vault,0,0,,(isolated),Network Map/People/Jesus Christ.md,6,0,
person|pierre napoleon bonaparte,Pierre Napoleon Bonaparte,person,,,vault,1,1,,Other connected pairs/groups 46,Network Map/People/Pierre Napoleon Bonaparte.md,1,0,
org|occupied germany,Occupied Germany,org,organization,,vault,17,1,2,Other connected pairs/groups 46,Network Map/Organizations/Occupied Germany.md,1,0,
person|serge obolensky,Serge Obolensky,person,,,vault,78,1,2,Bullingdon Club,Network Map/People/Serge Obolensky.md,1,0,
org|a and m records,A&M Records,org,company,,vault,6,1,3,Other connected pairs/groups 10,Network Map/Organizations/A&M Records.md,1,0,
org|providence equity partners,Providence Equity Partners,org,company,,vault,58,1,1,Other connected pairs/groups 43,Network Map/Organizations/Providence Equity Partners.md,2,0,
org|dep,Dep,org,organization,,vault,35,0,2,linked by connectivity pass,Network Map/Organizations/Dep.md,2,0,unresolved OCR name
person|arthur leon goolsbee,Arthur Leon Goolsbee,person,,,vault,10,1,2,Other connected pairs/groups 16,Network Map/People/Arthur Leon Goolsbee.md,1,0,
org|yale college,Yale College,org,university/school,,vault,23,0,2,linked by connectivity pass,Network Map/Organizations/Yale College.md,6,0,
org|ucla,UCLA,org,organization,,vault,43,0,2,linked by connectivity pass,Network Map/Organizations/UCLA.md,13,0,
org|fulbright,Fulbright,org,organization,FULBRIGHT,vault,8,0,2,linked by connectivity pass,Network Map/Organizations/Fulbright.md,3,0,
person|janine buerger,Janine Buerger,person,,,vault,1,1,,Other connected pairs/groups 40,Network Map/People/Janine Buerger.md,1,0,
person|chris manning,Chris Manning,person,,,vault,9,1,3,Greenbelt Capital Partners,Network Map/People/Chris Manning.md,1,0,
org|cnh industrial,CNH Industrial,org,organization,CNH Industrial NV,vault,14,0,2,linked by connectivity pass,Network Map/Organizations/CNH Industrial.md,4,0,
org|united group,United Group,org,company,,vault,15,1,2,Other connected pairs/groups 5,Network Map/Organizations/United Group.md,2,0,
person|ari emanuel,Ari Emanuel,person,,,vault,23,0,2,linked by connectivity pass,Network Map/People/Ari Emanuel.md,6,0,
org|pequot capital management,Pequot Capital Management,org,company,"Pequot Capital Management, Inc",both,38,1,1,X posts only,Network Map/Organizations/Pequot Capital Management.md,5,0,
org|corbey court,Corbey Court,org,government body,,vault,8,0,2,linked by connectivity pass,Network Map/Organizations/Corbey Court.md,3,0,
org|dutch philips,Dutch corporation Philips,org,company,,vault,22,0,2,linked by connectivity pass,Network Map/Organizations/Dutch corporation Philips.md,3,0,
person|marc benioff,Marc Benioff,person,,,vault,15,1,2,Other connected pairs/groups 47,Network Map/People/Marc Benioff.md,2,0,
person|dara khosrowshahi,Dara Khosrowshahi,person,,,vault,11,1,2,Other connected pairs/groups 26,Network Map/People/Dara Khosrowshahi.md,1,0,
org|apple,Apple,org,organization,Apple Inc,vault,66,2,2,Apple,Network Map/Organizations/Apple.md,16,0,
person|jeremy heywood,Jeremy Heywood,person,,Jeremy John Heywood,vault,12,1,2,Other connected pairs/groups 40,Network Map/People/Jeremy Heywood.md,3,0,
org|bnsf railway,BNSF Railway,org,organization,,vault,7,1,2,Berkshire Hathaway,Network Map/Organizations/BNSF Railway.md,1,0,
org|roaring lion,Roaring Lion,org,organization,,vault,9,0,3,linked by connectivity pass,Network Map/Organizations/Roaring Lion.md,3,0,
org|seagram,Seagram,org,organization,,vault,62,1,2,Other connected pairs/groups 22,Network Map/Organizations/Seagram.md,8,0,
org|coca cola company,Coca-Cola Company,org,company,,vault,39,1,2,Other connected pairs/groups 24,Network Map/Organizations/Coca-Cola Company.md,3,0,
person|nancy cain,Nancy Cain,person,,,vault,6,0,2,linked by connectivity pass,Network Map/People/Nancy Cain.md,4,0,
person|mark warner,Mark Warner,person,,,both,69,0,1,linked by connectivity pass,Network Map/People/Mark Warner.md,3,8,
org|blum capital,Blum Capital,org,company,,vault,43,1,1,Other connected pairs/groups 1,Network Map/Organizations/Blum Capital.md,3,0,
org|vallee,Vallée,org,organization,,vault,7,0,2,linked by connectivity pass,Network Map/Organizations/Vallée.md,4,0,
person|alex moulle-berteaux,Alex Moulle-Berteaux,person,,,vault,0,0,,(isolated),Network Map/People/Alex Moulle-Berteaux.md,5,0,
person|bernadette chirac,Bernadette Chirac,person,,,vault,8,0,3,linked by connectivity pass,Network Map/People/Bernadette Chirac.md,3,0,
org|us navy,US Navy,org,organization,,vault,10,0,2,linked by connectivity pass,Network Map/Organizations/US Navy.md,3,0,
person|martin czurda,Martin Czurda,person,,,vault,2,1,3,Other connected pairs/groups 33,Network Map/People/Martin Czurda.md,1,0,
person|ivo daalder,Ivo Daalder,person,,Ivo H. Daalder,vault,1,1,4,Other connected pairs/groups 22,Network Map/People/Ivo Daalder.md,3,0,
person|louis f rothschild jr,Louis F. Rothschild Jr,person,,,vault,9,0,2,linked by connectivity pass,Network Map/People/Louis F. Rothschild Jr.md,2,0,originally-read entity
org|sotheby,Sotheby,org,organization,,both,63,5,1,Sotheby,Network Map/Organizations/Sotheby.md,13,0,
org|p s 1 contemporary art center,P.S.1 Contemporary Art Center,org,NGO/nonprofit/think tank,P.S. 1 Contemporary Art Center,vault,9,1,2,Other connected pairs/groups 12,Network Map/Organizations/P.S.1 Contemporary Art Center.md,2,0,
person|alberto pinto,Alberto Pinto,person,,,vault,8,0,1,linked by connectivity pass,Network Map/People/Alberto Pinto.md,3,0,
person|elizabeth blackburn,Elizabeth Blackburn,person,,,vault,6,1,2,Other connected pairs/groups 30,Network Map/People/Elizabeth Blackburn.md,2,0,
person|dwight evans,Dwight Evans,person,,,vault,85,0,2,linked by connectivity pass,Network Map/People/Dwight Evans.md,7,0,
org|gao accountability advisory panel,GAO Accountability Advisory Panel,org,organization,,vault,22,1,2,Other connected pairs/groups 3,Network Map/Organizations/GAO Accountability Advisory Panel.md,2,0,
person|mohammad reza,Mohammad Reza,person,,,vault,3,0,4,linked by connectivity pass,Network Map/People/Mohammad Reza.md,3,0,
org|new enterprise associates,New Enterprise Associates,org,company,,vault,9,0,2,linked by connectivity pass,Network Map/Organizations/New Enterprise Associates.md,4,0,
org|baden powell,Baden-Powell,org,organization,BadenPowell,vault,7,0,3,linked by connectivity pass,Network Map/Organizations/Baden-Powell.md,5,0,
person|peter welch,Peter Welch,person,,,vault,83,0,2,linked by connectivity pass,Network Map/People/Peter Welch.md,7,0,
org|agence francaise de developpement,Agence Francaise de Développement,org,organization,,vault,53,0,2,linked by connectivity pass,Network Map/Organizations/Agence Francaise de Développement.md,4,0,
person|chris hughes,Chris Hughes,person,,,vault,9,0,2,linked by connectivity pass,Network Map/People/Chris Hughes.md,4,0,
org|electron,Electron,org,organization,,vault,12,0,2,linked by connectivity pass,Network Map/Organizations/Electron.md,3,0,
person|yitzhak rabin,Yitzhak Rabin,person,,,both,15,1,1,Other connected pairs/groups 53,Network Map/People/Yitzhak Rabin.md,3,1,
org|pylon club,Pylon Club,org,society/club,,vault,2,1,,Other connected pairs/groups 10,Network Map/Organizations/Pylon Club.md,1,0,
person|arianna huffington,Arianna Huffington,person,,,both,148,0,1,linked by connectivity pass,Network Map/People/Arianna Huffington.md,5,2,
person|joe r micheletto,Joe R. Micheletto,person,,,vault,9,1,2,Other connected pairs/groups 41,Network Map/People/Joe R. Micheletto.md,1,0,
person|kamala harris,Kamala Harris,person,,,both,115,1,1,X posts only,Network Map/People/Kamala Harris.md,19,6,
person|randolph churchill,Randolph Churchill,person,,,vault,78,1,2,Bullingdon Club,Network Map/People/Randolph Churchill.md,3,0,
person|lewis glucksman,Lewis Glucksman,person,,,vault,11,3,2,Other connected pairs/groups 45,Network Map/People/Lewis Glucksman.md,1,0,
person|donald beyer,Donald Beyer,person,,,vault,85,0,2,linked by connectivity pass,Network Map/People/Donald Beyer.md,7,0,
person|xu caihou,Xu Caihou,person,,,vault,3,1,2,Other connected pairs/groups 21,Network Map/People/Xu Caihou.md,1,0,
org|de beers,De Beers,org,organization,,both,123,3,1,De Beers,Network Map/Organizations/De Beers.md,10,0,
org|national hme,National HME,org,organization,,vault,7,1,2,New Mountain Capital,Network Map/Organizations/National HME.md,1,0,
org|alexander,Alexander,org,organization,,vault,52,1,1,Other connected pairs/groups 12,Network Map/Organizations/Alexander.md,4,0,
person|alan clark,Alan Clark,person,,,vault,78,1,2,Bullingdon Club,Network Map/People/Alan Clark.md,1,0,
person|joseph torrey,Joseph Torrey,person,,,vault,3,1,3,Other connected pairs/groups 43,Network Map/People/Joseph Torrey.md,1,0,
person|paine webber,Paine Webber,person,,,vault,17,1,2,Other connected pairs/groups 51,Network Map/People/Paine Webber.md,3,0,
org|abbasid,Abbasid,org,organization,,vault,3,0,2,linked by connectivity pass,Network Map/Organizations/Abbasid.md,3,0,
org|wasserstein perella and,Wasserstein Perella & Co,org,organization,,vault,8,1,2,Other connected pairs/groups 8,Network Map/Organizations/Wasserstein Perella & Co.md,1,0,
org|nambla,Nambla,org,organization,NAMBLA,vault,7,0,2,linked by connectivity pass,Network Map/Organizations/Nambla.md,4,0,
org|new york,New York,org,organization,NEW YORK; New York.!,vault,28,0,2,linked by connectivity pass,Network Map/Organizations/New York.md,4,0,
org|brdc,BRDC,org,organization,,vault,5,1,1,Other connected pairs/groups 6,Network Map/Organizations/BRDC.md,1,0,
org|barbara guggenheim associates,"Barbara Guggenheim Associates, Inc",org,company,,vault,10,1,2,Other connected pairs/groups 17,"Network Map/Organizations/Barbara Guggenheim Associates, Inc.md",2,0,
org|altfinance,AltFinance,org,organization,,vault,9,0,2,linked by connectivity pass,Network Map/Organizations/AltFinance.md,5,0,
person|mao zedong,Mao Zedong,person,,,vault,4,0,2,linked by connectivity pass,Network Map/People/Mao Zedong.md,3,0,
org|republican national committee,Republican National Committee,org,political organization,RNC,vault,35,2,2,Republican National Committee,Network Map/Organizations/Republican National Committee.md,3,0,
org|norwegian cruise lines,Norwegian Cruise Lines,org,organization,Norwegian Cruise Line,both,67,2,1,X posts only,Network Map/Organizations/Norwegian Cruise Lines.md,9,0,
org|american service,American Service,org,organization,,vault,11,1,2,Other connected pairs/groups 14,Network Map/Organizations/American Service.md,1,0,
org|opium trade,Opium Trade,org,organization,,vault,6,0,2,linked by connectivity pass,Network Map/Organizations/Opium Trade.md,3,0,
person|mina bergson,Mina Bergson,person,,,vault,6,1,3,Other connected pairs/groups 36,Network Map/People/Mina Bergson.md,1,0,
org|lydian,Lydian,org,organization,,vault,1,0,3,linked by connectivity pass,Network Map/Organizations/Lydian.md,3,0,
person|charles steele,Charles Steele,person,,,vault,9,1,3,Deloitte Haskins & Sells,Network Map/People/Charles Steele.md,1,0,
person|sara bronfman,Sara Bronfman,person,,,vault,14,0,2,linked by connectivity pass,Network Map/People/Sara Bronfman.md,4,0,
org|good works international,Good Works International,org,NGO/nonprofit/think tank,,vault,11,1,2,Other connected pairs/groups 14,Network Map/Organizations/Good Works International.md,1,0,
person|william b ruger,William B. Ruger,person,,,vault,4,1,2,Other connected pairs/groups 40,Network Map/People/William B. Ruger.md,1,0,
person|laura delaney,Laura Delaney,person,,,vault,5,1,1,Other connected pairs/groups 45,Network Map/People/Laura Delaney.md,2,0,
person|caleb scharf,Caleb Scharf,person,,,vault,17,2,2,Other connected pairs/groups 21,Network Map/People/Caleb Scharf.md,1,0,
person|cathy e minehan,Cathy E. Minehan,person,,,vault,13,1,2,Other connected pairs/groups 21,Network Map/People/Cathy E. Minehan.md,1,0,
org|wharton school of the university of pennsylvania,Wharton School of the University of Pennsylvania,org,university/school,,vault,27,0,2,linked by connectivity pass,Network Map/Organizations/Wharton School of the University of Pennsylvania.md,4,0,
person|suneeta kaimal,Suneeta Kaimal,person,,,vault,5,1,4,Other connected pairs/groups 50,Network Map/People/Suneeta Kaimal.md,1,0,
org|senate finance committee,Senate Finance Committee,org,government body,,vault,12,1,1,Other connected pairs/groups 52,Network Map/Organizations/Senate Finance Committee.md,3,0,
org|center for american progress,Center for American Progress,org,NGO/nonprofit/think tank,,both,103,2,1,X posts only,Network Map/Organizations/Center for American Progress.md,8,0,
org|new york mets,New York Mets,org,organization,,vault,4,1,2,Other connected pairs/groups 1,Network Map/Organizations/New York Mets.md,1,0,
org|union college,Union College,org,university/school,,vault,1,0,3,linked by connectivity pass,Network Map/Organizations/Union College.md,3,0,
org|nxivm,NXIVM,org,organization,,both,38,2,1,X posts only,Network Map/Organizations/NXIVM.md,3,0,
org|house of habsburg,House of Habsburg,org,government body,,vault,7,0,3,linked by connectivity pass,Network Map/Organizations/House of Habsburg.md,4,0,
person|warren buffett,Warren Buffett,person,,Warren Edward Buffett,both,207,1,1,Other connected pairs/groups 53,Network Map/People/Warren Buffett.md,18,10,
org|scientology,Scientology,org,organization,,vault,12,1,2,Other connected pairs/groups 2,Network Map/Organizations/Scientology.md,5,0,
person|marjorie taylor greene,Marjorie Taylor Greene,person,,,vault,2,0,2,linked by connectivity pass,Network Map/People/Marjorie Taylor Greene.md,4,0,
org|bundespensionskasse,Bundespensionskasse AG,org,organization,,vault,45,0,1,linked by connectivity pass,Network Map/Organizations/Bundespensionskasse AG.md,3,0,
org|guaranty bank,Guaranty Bank,org,company,,vault,7,1,2,Other connected pairs/groups 36,Network Map/Organizations/Guaranty Bank.md,3,0,
person|elisha-eli prins,Elisha-Eli Prins,person,,,vault,7,1,3,Other connected pairs/groups 18,Network Map/People/Elisha-Eli Prins.md,1,0,
org|public prep,Public Prep,org,organization,,vault,4,1,2,Other connected pairs/groups 6,Network Map/Organizations/Public Prep.md,1,0,
org|national assembly,National Assembly,org,organization,,vault,12,0,2,linked by connectivity pass,Network Map/Organizations/National Assembly.md,3,0,
org|shorttermism stakeholders sustainability,"Shorttermism, Stakeholders, Sustainability",org,organization,,vault,2,1,3,Other connected pairs/groups 38,"Network Map/Organizations/Shorttermism, Stakeholders, Sustainability.md",1,0,
org|london school of economics,London School of Economics,org,university/school,LSE; London School of Economics and Political Science; London School! of Economics,vault,144,1,1,Other connected pairs/groups 46,Network Map/Organizations/London School of Economics.md,25,0,
person|kenneth starr,Kenneth Starr,person,,,both,26,1,1,X posts only,Network Map/People/Kenneth Starr.md,3,2,
org|army,Army,org,organization,,vault,74,0,2,linked by connectivity pass,Network Map/Organizations/Army.md,19,0,
person|agnelli family,Agnelli Family,person,,,vault,11,1,2,Other connected pairs/groups 11,Network Map/People/Agnelli Family.md,1,0,
person|sara jacobs,Sara Jacobs,person,,,vault,100,0,2,linked by connectivity pass,Network Map/People/Sara Jacobs.md,8,0,
person|michael sobel,Michael Sobel,person,,,vault,12,1,2,Other connected pairs/groups 23,Network Map/People/Michael Sobel.md,1,0,
person|william randolph hearst,William Randolph Hearst,person,,William Randolph,vault,12,1,2,Other connected pairs/groups 38,Network Map/People/William Randolph Hearst.md,8,0,
person|letitia james,Letitia James,person,,,both,19,2,1,Other connected pairs/groups 45,Network Map/People/Letitia James.md,1,1,
org|trilateral commission,Trilateral Commission,org,government body,,vault,8,0,2,linked by connectivity pass,Network Map/Organizations/Trilateral Commission.md,6,0,
org|hollinger international,Hollinger International,org,NGO/nonprofit/think tank,,vault,6,1,2,Other connected pairs/groups 37,Network Map/Organizations/Hollinger International.md,2,0,
org|vail resorts,Vail Resorts,org,company,"Vail Resorts, Inc",vault,21,2,2,Vail Resorts,Network Map/Organizations/Vail Resorts.md,4,0,
person|steven spielberg,Steven Spielberg,person,,Steven Allan Spielberg,both,159,0,1,linked by connectivity pass,Network Map/People/Steven Spielberg.md,20,3,
org|anheuser busch,Anheuser-Busch,org,organization,"Anheuser Busch, Inc",vault,34,0,2,linked by connectivity pass,Network Map/Organizations/Anheuser-Busch.md,3,0,
org|loyola marymount university,Loyola Marymount University,org,university/school,,vault,10,0,2,linked by connectivity pass,Network Map/Organizations/Loyola Marymount University.md,3,0,
person|george soros,George Soros,person,,,both,351,7,1,X posts only,Network Map/People/George Soros.md,19,49,
person|marc rich,Marc Rich,person,,,both,327,1,1,X posts only,Network Map/People/Marc Rich.md,4,32,
person|tim cook,Tim Cook,person,,,vault,3,1,3,Apple,Network Map/People/Tim Cook.md,2,0,
org|investment bank,Investment Bank,org,company,,vault,6,0,2,linked by connectivity pass,Network Map/Organizations/Investment Bank.md,3,0,
person|jeremiah wright,Jeremiah Wright,person,,,vault,10,2,2,Other connected pairs/groups 6,Network Map/People/Jeremiah Wright.md,2,0,
org|nielsen company,Nielsen Company,org,company,,vault,35,1,2,Other connected pairs/groups 8,Network Map/Organizations/Nielsen Company.md,2,0,
org|grameen america,Grameen America,org,organization,"Grameen America, Inc",both,23,3,1,Grameen America,Network Map/Organizations/Grameen America.md,7,0,
org|eth zurich,ETH Zurich,org,organization,,vault,3,0,2,linked by connectivity pass,Network Map/Organizations/ETH Zurich.md,5,0,
person|solomon guggenheim,Solomon Guggenheim,person,,Solomon R. Guggenheim,vault,9,1,2,Other connected pairs/groups 53,Network Map/People/Solomon Guggenheim.md,3,0,
org|indian medical service,Indian Medical Service,org,organization,,vault,2,1,3,Other connected pairs/groups 38,Network Map/Organizations/Indian Medical Service.md,1,0,
person|squeezist burry,Squeezist Burry,person,,,vault,1,0,3,linked by connectivity pass,Network Map/People/Squeezist Burry.md,3,0,
org|contigroup companies,ContiGroup Companies,org,organization,,vault,9,1,2,Other connected pairs/groups 24,Network Map/Organizations/ContiGroup Companies.md,1,0,
org|fiat s p a,Fiat S.p.A,org,organization,,vault,4,1,3,Other connected pairs/groups 32,Network Map/Organizations/Fiat S.p.A.md,1,0,
person|nick eberstadt,Nick Eberstadt,person,,,vault,6,1,3,Other connected pairs/groups 48,Network Map/People/Nick Eberstadt.md,1,0,
person|lloyd doggett,Lloyd Doggett,person,,Lloyd Alton Doggett,vault,88,0,2,linked by connectivity pass,Network Map/People/Lloyd Doggett.md,6,0,
person|william cohen,William Cohen,person,,,vault,16,0,2,linked by connectivity pass,Network Map/People/William Cohen.md,3,0,
person|luc jouret,Luc Jouret,person,,,vault,8,0,2,linked by connectivity pass,Network Map/People/Luc Jouret.md,3,0,
org|international association of women judges,International Association of Women Judges,org,NGO/nonprofit/think tank,,vault,5,1,2,Other connected pairs/groups 23,Network Map/Organizations/International Association of Women Judges.md,2,0,
org|coopers and lybrand,Coopers & Lybrand,org,organization,,vault,16,1,2,Other connected pairs/groups 24,Network Map/Organizations/Coopers & Lybrand.md,4,0,
person|martin luther,Martin Luther,person,,,vault,9,0,2,linked by connectivity pass,Network Map/People/Martin Luther.md,3,0,
org|hypovereinsbank,HypoVereinsbank,org,organization,,vault,10,1,2,UniCredit,Network Map/Organizations/HypoVereinsbank.md,2,0,
org|vanity fair,Vanity Fair,org,organization,,vault,38,1,2,Other connected pairs/groups 42,Network Map/Organizations/Vanity Fair.md,9,0,
org|compass,"Compass, Inc",org,company,Compass,vault,8,1,2,linked by connectivity pass,"Network Map/Organizations/Compass, Inc.md",3,0,
org|bharti enterprises,Bharti Enterprises,org,company,,vault,1,1,,Other connected pairs/groups 18,Network Map/Organizations/Bharti Enterprises.md,1,0,
org|covington and burling,Covington & Burling,org,organization,Covington & Burling LLP,vault,27,1,2,Other connected pairs/groups 25,Network Map/Organizations/Covington & Burling.md,6,0,
person|jd vance,JD Vance,person,,,both,62,1,1,X posts only,Network Map/People/JD Vance.md,3,7,
org|halliburton,Halliburton,org,organization,,vault,16,1,2,Other connected pairs/groups 27,Network Map/Organizations/Halliburton.md,2,0,
person|westminster abbey,Westminster Abbey,person,,,vault,6,0,3,linked by connectivity pass,Network Map/People/Westminster Abbey.md,3,0,
person|phoebe hearst,Phoebe Hearst,person,,,vault,4,0,3,linked by connectivity pass,Network Map/People/Phoebe Hearst.md,3,0,
person|antonio guterres,Antonio Guterres,person,,,vault,11,3,2,United Nations,Network Map/People/Antonio Guterres.md,4,0,
org|chelsea,Chelsea,org,organization,,vault,8,0,2,linked by connectivity pass,Network Map/Organizations/Chelsea.md,3,0,
org|hillel international,Hillel International,org,NGO/nonprofit/think tank,,vault,24,0,1,linked by connectivity pass,Network Map/Organizations/Hillel International.md,5,0,
org|peterson institute for international economics,Peterson Institute for International Economics,org,NGO/nonprofit/think tank,,vault,14,0,2,linked by connectivity pass,Network Map/Organizations/Peterson Institute for International Economics.md,5,0,
org|carnegie endowment for international peace,Carnegie Endowment for International Peace,org,foundation,Carnegie Endowment for International Peace.°,vault,22,0,2,linked by connectivity pass,Network Map/Organizations/Carnegie Endowment for International Peace.md,5,0,
person|jeffrey schlesinger,Jeffrey Schlesinger,person,,,vault,4,1,2,Warner Bros,Network Map/People/Jeffrey Schlesinger.md,1,0,
org|o fl,O-FL,org,organization,,vault,83,0,2,linked by connectivity pass,Network Map/Organizations/O-FL.md,5,0,
person|steve jobs,Steve Jobs,person,,,both,34,2,2,Apple,Network Map/People/Steve Jobs.md,7,2,
org|advance publications,Advance Publications,org,organization,,vault,20,2,2,Advance Publications,Network Map/Organizations/Advance Publications.md,3,0,
person|oliver cromwell,Oliver Cromwell,person,,,both,13,0,1,linked by connectivity pass,Network Map/People/Oliver Cromwell.md,4,2,
org|data visualization,Data Visualization,org,organization,,vault,6,0,2,linked by connectivity pass,Network Map/Organizations/Data Visualization.md,1,0,originally-read entity
org|loews hotels,Loews Hotels,org,organization,,vault,11,1,2,New York Giants,Network Map/Organizations/Loews Hotels.md,2,0,
org|miami dolphins,Miami Dolphins,org,organization,,vault,5,1,2,Other connected pairs/groups 47,Network Map/Organizations/Miami Dolphins.md,1,0,
org|burberry,Burberry,org,organization,,vault,23,2,2,Burberry,Network Map/Organizations/Burberry.md,4,0,
org|galcit,Galcit,org,organization,GALCIT,vault,23,1,2,Other connected pairs/groups 34,Network Map/Organizations/Galcit.md,4,0,
org|congressional budget office,Congressional Budget Office,org,organization,,vault,25,0,2,linked by connectivity pass,Network Map/Organizations/Congressional Budget Office.md,6,0,
person|anton lavey,Anton LaVey,person,,,vault,8,0,3,linked by connectivity pass,Network Map/People/Anton LaVey.md,4,0,
person|oprah winfrey,Oprah Winfrey,person,,Oprah Gail Winfrey,vault,1,0,2,linked by connectivity pass,Network Map/People/Oprah Winfrey.md,4,0,
person|antony jenkins,Antony Jenkins,person,,,vault,28,1,2,Other connected pairs/groups 15,Network Map/People/Antony Jenkins.md,1,0,
person|john j mccloy,John J. McCloy,person,,,vault,30,1,2,Council on Foreign Relations,Network Map/People/John J. McCloy.md,3,0,
org|good ventures,Good Ventures,org,company,,vault,13,0,2,linked by connectivity pass,Network Map/Organizations/Good Ventures.md,3,0,
org|at and t wireless,AT&T Wireless,org,organization,,vault,17,1,2,Other connected pairs/groups 10,Network Map/Organizations/AT&T Wireless.md,2,0,
person|yasser arafat,Yasser Arafat,person,,,both,9,0,2,linked by connectivity pass,Network Map/People/Yasser Arafat.md,3,3,
org|lawyers practices industries offices careers,Lawyers Practices Industries Offices Careers,org,company,,vault,12,0,2,linked by connectivity pass,Network Map/Organizations/Lawyers Practices Industries Offices Careers.md,3,0,
person|ace greenberg,Ace Greenberg,person,,,vault,5,1,1,Bear Stearns,Network Map/People/Ace Greenberg.md,1,0,
person|daniel scotto,Daniel Scotto,person,,,vault,32,0,2,linked by connectivity pass,Network Map/People/Daniel Scotto.md,3,0,
person|juan enriquez,Juan Enriquez,person,,,vault,13,1,2,Other connected pairs/groups 32,Network Map/People/Juan Enriquez.md,1,0,
person|karim aga khan,Karim Aga Khan,person,,,vault,12,0,2,linked by connectivity pass,Network Map/People/Karim Aga Khan.md,3,0,
person|anne lauvergeon,Anne Lauvergeon,person,,,both,68,2,1,Other connected pairs/groups 10,Network Map/People/Anne Lauvergeon.md,4,2,
person|lynn forester de rothschild,Lynn Forester de Rothschild,person,,,both,142,3,1,Other connected pairs/groups 7,Network Map/People/Lynn Forester de Rothschild.md,9,13,
person|robert zoellick,Robert Zoellick,person,,Robert Bruce Zoellick,vault,49,2,2,World Bank,Network Map/People/Robert Zoellick.md,8,0,
person|wellington boone,Wellington Boone,person,,,vault,8,1,2,Other connected pairs/groups 32,Network Map/People/Wellington Boone.md,1,0,
org|phillips academy,Phillips Academy,org,university/school,,vault,24,0,2,linked by connectivity pass,Network Map/Organizations/Phillips Academy.md,8,0,
person|william a lowell,William A. Lowell,person,,,vault,16,1,2,Other connected pairs/groups 22,Network Map/People/William A. Lowell.md,2,0,
person|christopher wren,Christopher Wren,person,,,vault,5,1,4,Other connected pairs/groups 23,Network Map/People/Christopher Wren.md,1,0,
org|society of jesus,Society of Jesus,org,society/club,,vault,0,0,,(isolated),Network Map/Organizations/Society of Jesus.md,3,0,
org|deloitte and touche,Deloitte & Touche,org,organization,Deloitte & Touche LLP,vault,28,1,2,Other connected pairs/groups 3,Network Map/Organizations/Deloitte & Touche.md,4,0,
org|dbs bank,DBS Bank Limited,org,company,DBS BANK; DBS Bank,vault,7,0,2,linked by connectivity pass,Network Map/Organizations/DBS Bank Limited.md,4,0,
person|amal alamuddin,Amal Alamuddin,person,,Amal Alamuddin Amal Alamuddin,vault,14,0,2,linked by connectivity pass,Network Map/People/Amal Alamuddin.md,3,0,
org|jpmorgan chase,JPMorgan Chase,org,organization,"JP Morgan; JP Morgan Chase; JPMORGAN CHASE & CO; JPMORGAN CHASE & Co; JPMorgan; JPMorgan Chase & Co; JPMorgan Chase & Co Laurence D Fink; JPMorgan Chase & Co,; Jpmorgan Chase & Co; Morgan Chase",both,399,6,1,JPMorgan Chase,Network Map/Organizations/JPMorgan Chase.md,47,0,
org|jnr,JNR Limited,org,organization,,vault,72,1,2,Bullingdon Club,Network Map/Organizations/JNR Limited.md,2,0,
person|richard armitage,Richard Armitage,person,,,vault,46,0,2,linked by connectivity pass,Network Map/People/Richard Armitage.md,3,0,
person|gurbir grewal,Gurbir Grewal,person,,Gurbir S. Grewal,both,26,2,1,U.S. Securities and Exchange Commission,Network Map/People/Gurbir Grewal.md,3,2,
org|interfaith alliance,Interfaith Alliance,org,NGO/nonprofit/think tank,,vault,7,0,2,linked by connectivity pass,Network Map/Organizations/Interfaith Alliance.md,3,0,
person|george deukmejian,George Deukmejian,person,,,vault,16,1,2,Other connected pairs/groups 34,Network Map/People/George Deukmejian.md,1,0,
person|ned lamont,Ned Lamont,person,,,both,152,1,1,X posts only,Network Map/People/Ned Lamont.md,6,2,
org|university of illinois,University of Illinois,org,university/school,Education University of Illinois,vault,19,0,2,linked by connectivity pass,Network Map/Organizations/University of Illinois.md,8,0,
org|garland wray,GarlandWray,org,organization,,vault,77,0,2,linked by connectivity pass,Network Map/Organizations/GarlandWray.md,6,0,
org|france telecom,France Télécom,org,organization,,vault,17,1,2,Other connected pairs/groups 33,Network Map/Organizations/France Télécom.md,1,0,
org|jpmorgan chase bank,JPMorgan Chase Bank,org,company,JPMORGAN CHASE BANK,vault,3,0,2,linked by connectivity pass,Network Map/Organizations/JPMorgan Chase Bank.md,3,0,
org|irgc quds force,Irgc - Quds Force,org,organization,IRGC - QUDS FORCE; IRGC-QUDS FORCE,vault,0,0,,(isolated),Network Map/Organizations/Irgc - Quds Force.md,3,0,
person|brook byers,Brook Byers,person,,,vault,19,0,1,linked by connectivity pass,Network Map/People/Brook Byers.md,5,0,
person|john d rockefeller,John D. Rockefeller,person,,,both,77,2,1,Standard Oil,Network Map/People/John D. Rockefeller.md,12,5,
org|university of colorado,University of Colorado,org,university/school,Education University of Colorado,vault,24,0,2,linked by connectivity pass,Network Map/Organizations/University of Colorado.md,5,0,
person|aga khan v,Aga Khan V,person,,,vault,10,0,3,linked by connectivity pass,Network Map/People/Aga Khan V.md,3,0,
org|repsol,Repsol,org,organization,,vault,35,1,2,Other connected pairs/groups 12,Network Map/Organizations/Repsol.md,2,0,
org|pomona capital,Pomona Capital,org,company,,vault,4,1,2,Other connected pairs/groups 48,Network Map/Organizations/Pomona Capital.md,2,0,
person|jeanne shaheen,Jeanne Shaheen,person,,,vault,85,0,2,linked by connectivity pass,Network Map/People/Jeanne Shaheen.md,7,0,
org|pizza hut,Pizza Hut,org,organization,,vault,16,0,2,linked by connectivity pass,Network Map/Organizations/Pizza Hut.md,3,0,
org|philips,Philips,org,organization,,vault,38,4,2,Philips,Network Map/Organizations/Philips.md,8,0,
person|rudolf steiner,Rudolf Steiner,person,,Rudolf Joseph Lorenz Steiner,vault,10,1,3,linked by connectivity pass,Network Map/People/Rudolf Steiner.md,5,0,
org|morris and,Morris & Co,org,organization,,vault,6,0,3,linked by connectivity pass,Network Map/Organizations/Morris & Co.md,3,0,
org|blue yonder,Blue Yonder,org,organization,"Blue Yonder, Inc",vault,9,0,2,linked by connectivity pass,Network Map/Organizations/Blue Yonder.md,3,0,
org|liquidnet,Liquidnet,org,organization,LIQUIDNET; LiquidNet,vault,30,0,1,linked by connectivity pass,Network Map/Organizations/Liquidnet.md,3,0,
org|enterprise oil,Enterprise Oil,org,organization,,vault,33,1,2,Other connected pairs/groups 8,Network Map/Organizations/Enterprise Oil.md,1,0,
org|canadian pacific railway,Canadian Pacific Railway,org,organization,,vault,8,2,2,Canadian Pacific Railway,Network Map/Organizations/Canadian Pacific Railway.md,4,0,
org|claremont men,Claremont Men,org,organization,,vault,21,0,2,linked by connectivity pass,Network Map/Organizations/Claremont Men.md,3,0,
org|strategic communications,Strategic Communications,org,organization,,vault,3,1,2,linked by connectivity pass,Network Map/Organizations/Strategic Communications.md,1,0,originally-read entity
org|division of enforcement securities and exchange commission,"Division of Enforcement, Securities and Exchange Commission",org,government body,,vault,6,1,2,linked by connectivity pass,"Network Map/Organizations/Division of Enforcement, Securities and Exchange Commission.md",1,0,originally-read entity
person|geoffrey craddock,Geoffrey Craddock,person,,,vault,3,1,3,Other connected pairs/groups 34,Network Map/People/Geoffrey Craddock.md,1,0,
person|henry fonda,Henry Fonda,person,,,vault,18,0,2,linked by connectivity pass,Network Map/People/Henry Fonda.md,3,0,
org|brandeis university,Brandeis University,org,university/school,Education Brandeis University,vault,21,0,1,linked by connectivity pass,Network Map/Organizations/Brandeis University.md,5,0,
person|mina wasserman,Mina Wasserman,person,,,vault,19,0,2,linked by connectivity pass,Network Map/People/Mina Wasserman.md,5,0,
person|michel ray de c iho,Michel Ray de C. Iho,person,,Michel Ray de C Iho,vault,17,0,2,linked by connectivity pass,Network Map/People/Michel Ray de C. Iho.md,3,0,unresolved OCR name
org|ark invest,ARK Invest,org,organization,Ark Invest,vault,9,0,2,linked by connectivity pass,Network Map/Organizations/ARK Invest.md,5,0,
person|mazie hirono,Mazie Hirono,person,,,vault,85,0,2,linked by connectivity pass,Network Map/People/Mazie Hirono.md,7,0,
person|lester crown,Lester Crown,person,,,vault,19,1,2,Other connected pairs/groups 16,Network Map/People/Lester Crown.md,4,0,
org|new york post,New York Post,org,organization,,vault,22,0,2,linked by connectivity pass,Network Map/Organizations/New York Post.md,7,0,
person|fireside chat,Fireside Chat,person,,,vault,22,0,2,linked by connectivity pass,Network Map/People/Fireside Chat.md,3,0,
org|arison arts foundation,Arison Arts Foundation,org,foundation,,vault,6,1,3,Other connected pairs/groups 2,Network Map/Organizations/Arison Arts Foundation.md,1,0,
org|tau beta pi,Tau Beta Pi,org,greek-letter society,,both,14,1,1,X posts only,Network Map/Organizations/Tau Beta Pi.md,3,0,
org|sunday times,Sunday Times,org,organization,,vault,4,1,3,Other connected pairs/groups 41,Network Map/Organizations/Sunday Times.md,2,0,
person|john roberts,John Roberts,person,,John G. Roberts,vault,16,0,2,linked by connectivity pass,Network Map/People/John Roberts.md,4,0,
person|jonathan oppenheimer,Jonathan Oppenheimer,person,,,vault,14,1,2,Other connected pairs/groups 28,Network Map/People/Jonathan Oppenheimer.md,1,0,
org|mca,MCA Inc,org,company,,vault,32,1,2,Other connected pairs/groups 27,Network Map/Organizations/MCA Inc.md,4,0,
org|white house photo,White House Photo,org,government body,,vault,5,0,2,linked by connectivity pass,Network Map/Organizations/White House Photo.md,4,0,
org|u s court of appeals,U.S. Court of Appeals,org,government body,,vault,28,0,2,linked by connectivity pass,Network Map/Organizations/U.S. Court of Appeals.md,4,0,
person|robert mellin,Robert Mellin,person,,,vault,8,0,2,linked by connectivity pass,Network Map/People/Robert Mellin.md,3,0,
org|medici bank,Medici Bank,org,company,,vault,5,1,1,Other connected pairs/groups 2,Network Map/Organizations/Medici Bank.md,2,0,
person|mary robinson,Mary Robinson,person,,Mary Therese Winifred Robinson,vault,2,0,2,linked by connectivity pass,Network Map/People/Mary Robinson.md,3,0,
person|tim rathbone,Tim Rathbone,person,,,vault,56,1,2,Bullingdon Club,Network Map/People/Tim Rathbone.md,1,0,
org|jardine matheson holdings,Jardine Matheson Holdings,org,company,,vault,44,1,2,Other connected pairs/groups 37,Network Map/Organizations/Jardine Matheson Holdings.md,5,0,
org|university of miami,University of Miami,org,university/school,,vault,15,0,2,linked by connectivity pass,Network Map/Organizations/University of Miami.md,4,0,
org|paramount,Paramount,org,organization,,vault,56,0,1,linked by connectivity pass,Network Map/Organizations/Paramount.md,9,0,
person|andrew barous,Andrew Barous,person,,,vault,7,1,2,New Mountain Capital,Network Map/People/Andrew Barous.md,1,0,
org|founder and managing partner,Founder & Managing Partner,org,organization,,vault,32,0,2,linked by connectivity pass,Network Map/Organizations/Founder & Managing Partner.md,3,0,
org|pu and others,PU & Others,org,organization,,vault,0,0,,(isolated),Network Map/Organizations/PU & Others.md,3,0,
org|richard d irwin,Richard D. Irwin Inc,org,company,,vault,3,1,3,Times Mirror,Network Map/Organizations/Richard D. Irwin Inc.md,1,0,
person|james thompson ruger,James Thompson Ruger,person,,,vault,4,1,2,Other connected pairs/groups 40,Network Map/People/James Thompson Ruger.md,1,0,
person|richard clarke,Richard Clarke,person,,Richard Frederick Clarke,vault,7,0,2,linked by connectivity pass,Network Map/People/Richard Clarke.md,3,0,
person|harry houdini,Harry Houdini,person,,,vault,3,0,2,linked by connectivity pass,Network Map/People/Harry Houdini.md,3,0,
org|j p morgan asset management,J.P. Morgan Asset Management,org,company,,vault,20,1,1,Blackstone,Network Map/Organizations/J.P. Morgan Asset Management.md,3,0,
org|niac,NIAC,org,organization,,vault,85,0,2,linked by connectivity pass,Network Map/Organizations/NIAC.md,8,0,
person|edward miner,Edward Miner,person,,,vault,12,0,2,linked by connectivity pass,Network Map/People/Edward Miner.md,3,0,
org|billboard,Billboard,org,organization,,vault,21,0,2,linked by connectivity pass,Network Map/Organizations/Billboard.md,4,0,
org|american academy of arts and sciences,American Academy of Arts and Sciences,org,university/school,American Academy of Arts & Sciences,vault,42,0,2,linked by connectivity pass,Network Map/Organizations/American Academy of Arts and Sciences.md,10,0,
org|american enterprise institute,American Enterprise Institute,org,NGO/nonprofit/think tank,,vault,43,0,2,linked by connectivity pass,Network Map/Organizations/American Enterprise Institute.md,8,0,
person|neil choi,Neil Choi,person,,,vault,16,1,2,linked by connectivity pass,Network Map/People/Neil Choi.md,3,0,
org|university of the south,University of the South,org,university/school,,vault,9,0,2,linked by connectivity pass,Network Map/Organizations/University of the South.md,3,0,
person|charles v senatore,Charles V. Senatore,person,,,vault,6,1,3,Other connected pairs/groups 22,Network Map/People/Charles V. Senatore.md,1,0,
org|burlington coat factory,Burlington Coat Factory,org,organization,,vault,13,0,2,linked by connectivity pass,Network Map/Organizations/Burlington Coat Factory.md,3,0,
org|redstone,Redstone,org,organization,,vault,11,1,2,Paramount Global,Network Map/Organizations/Redstone.md,1,0,
person|richard nixon,Richard Nixon,person,,,vault,53,0,2,linked by connectivity pass,Network Map/People/Richard Nixon.md,9,0,
person|harry hay,Harry Hay,person,,,vault,5,0,2,linked by connectivity pass,Network Map/People/Harry Hay.md,4,0,
person|alan dershowitz,Alan Dershowitz,person,,,vault,6,0,1,linked by connectivity pass,Network Map/People/Alan Dershowitz.md,3,0,
org|santa fe institute,Santa Fe Institute,org,NGO/nonprofit/think tank,,vault,18,2,2,Santa Fe Institute,Network Map/Organizations/Santa Fe Institute.md,1,0,
org|zeta psi,Zeta Psi,org,greek-letter society,,vault,30,0,2,linked by connectivity pass,Network Map/Organizations/Zeta Psi.md,8,0,
org|focused image,Focused Image,org,organization,"Focused Image, Inc",vault,3,1,3,Other connected pairs/groups 33,Network Map/Organizations/Focused Image.md,1,0,
person|david sassoon,David Sassoon,person,,David Solomon Sassoon,both,102,2,1,Other connected pairs/groups 2,Network Map/People/David Sassoon.md,8,3,
org|daily bell,Daily Bell,org,organization,,vault,16,0,2,linked by connectivity pass,Network Map/Organizations/Daily Bell.md,3,0,
person|jessica neuwirth,Jessica Neuwirth,person,,,vault,20,1,2,Other connected pairs/groups 29,Network Map/People/Jessica Neuwirth.md,1,0,
org|fox,Fox,org,organization,Fox Corp; Fox Corp $,vault,57,0,1,linked by connectivity pass,Network Map/Organizations/Fox.md,6,0,
person|nydia valazquez,Nydia Valazquez,person,,,vault,85,0,2,linked by connectivity pass,Network Map/People/Nydia Valazquez.md,7,0,
person|tim o'reilly,Tim O'Reilly,person,,,vault,4,0,3,linked by connectivity pass,Network Map/People/Tim O'Reilly.md,3,0,
org|tribune,Tribune,org,organization,,vault,10,1,3,Other connected pairs/groups 54,Network Map/Organizations/Tribune.md,2,0,
org|croscill home fashions,Croscill Home Fashions,org,organization,,vault,27,1,2,Other connected pairs/groups 25,Network Map/Organizations/Croscill Home Fashions.md,2,0,
person|maria anna,Maria Anna,person,,,vault,5,1,4,Other connected pairs/groups 47,Network Map/People/Maria Anna.md,2,0,
org|anaconda company,Anaconda Company,org,company,,vault,6,0,3,linked by connectivity pass,Network Map/Organizations/Anaconda Company.md,3,0,
person|charlie kirk,Charlie Kirk,person,,,both,145,0,1,linked by connectivity pass,Network Map/People/Charlie Kirk.md,8,13,
person|nathaniel charles jacob rothschild,Nathaniel Charles Jacob Rothschild,person,,,both,26,2,1,Other connected pairs/groups 9,Network Map/People/Nathaniel Charles Jacob Rothschild.md,2,1,
org|sony,Sony,org,organization,SONY,vault,44,1,1,Other connected pairs/groups 24,Network Map/Organizations/Sony.md,6,0,
person|mark kreitman,Mark Kreitman,person,,Mark A. Kreitman,both,25,3,1,X posts only,Network Map/People/Mark Kreitman.md,3,2,
org|donaldson lufkin and jenrette,"Donaldson, Lufkin & Jenrette",org,organization,Donaldson Lufkin & Jenrette,vault,34,1,2,U.S. Securities and Exchange Commission,"Network Map/Organizations/Donaldson, Lufkin & Jenrette.md",8,0,
person|chris van hollen,Chris Van Hollen,person,,,vault,85,0,2,linked by connectivity pass,Network Map/People/Chris Van Hollen.md,7,0,
org|tencent,Tencent,org,organization,,vault,17,1,2,Universal Music Group,Network Map/Organizations/Tencent.md,1,0,
org|financial strategies and solutions,Financial Strategies and Solutions,org,organization,,vault,27,0,2,linked by connectivity pass,Network Map/Organizations/Financial Strategies and Solutions.md,1,0,originally-read entity
org|brazilian companies,Brazilian Companies,org,organization,,vault,7,1,3,Other connected pairs/groups 20,Network Map/Organizations/Brazilian Companies.md,1,0,
org|one campaign,One Campaign,org,political organization,,vault,6,1,2,Other connected pairs/groups 9,Network Map/Organizations/One Campaign.md,1,0,
person|mahmud mir-djalali,Mahmud Mir-Djalali,person,,,vault,8,1,2,Other connected pairs/groups 47,Network Map/People/Mahmud Mir-Djalali.md,2,0,
org|schmidt family foundation,Schmidt Family Foundation,org,foundation,,vault,5,1,3,Other connected pairs/groups 5,Network Map/Organizations/Schmidt Family Foundation.md,2,0,
org|cato institute,Cato Institute,org,NGO/nonprofit/think tank,,vault,20,1,2,Other connected pairs/groups 21,Network Map/Organizations/Cato Institute.md,5,0,
org|specialty foods,Specialty Foods Corp,org,company,SPECIALTY FOODS CORP,vault,18,0,2,linked by connectivity pass,Network Map/Organizations/Specialty Foods Corp.md,3,0,
org|shearson lehman,Shearson Lehman,org,organization,,vault,11,2,2,Other connected pairs/groups 28,Network Map/Organizations/Shearson Lehman.md,1,0,
person|policy forum,Policy Forum,person,,,vault,12,0,2,linked by connectivity pass,Network Map/People/Policy Forum.md,3,0,
person|ronald lauder,Ronald Lauder,person,,Ronald S Lauder; Ronald S. Lauder; Ronald Steven Lauder,both,83,4,1,X posts only,Network Map/People/Ronald Lauder.md,15,12,
person|paul myners,Paul Myners,person,,,vault,33,2,2,Other connected pairs/groups 9,Network Map/People/Paul Myners.md,2,0,
person|john ferriola,John Ferriola,person,,John J. Ferriola,vault,2,1,4,Other connected pairs/groups 42,Network Map/People/John Ferriola.md,1,0,
org|parsons school of design,Parsons School of Design,org,university/school,Parsons Schoo! of Design,vault,8,2,2,Parsons School of Design,Network Map/Organizations/Parsons School of Design.md,4,0,
person|maxine dexter,Maxine Dexter,person,,,vault,85,0,2,linked by connectivity pass,Network Map/People/Maxine Dexter.md,7,0,
org|george washington university law school,George Washington University Law School,org,university/school,,vault,10,0,1,linked by connectivity pass,Network Map/Organizations/George Washington University Law School.md,3,0,
org|delta upsilon,Delta Upsilon,org,greek-letter society,,vault,30,0,2,linked by connectivity pass,Network Map/Organizations/Delta Upsilon.md,7,0,
org|netscape,Netscape,org,organization,,vault,21,1,2,Other connected pairs/groups 39,Network Map/Organizations/Netscape.md,4,0,
org|federal election commission,Federal Election Commission,org,government body,,vault,15,0,2,linked by connectivity pass,Network Map/Organizations/Federal Election Commission.md,4,0,
org|dial,Dial Corporation,org,company,Dial; Dial Corp,vault,8,1,2,Other connected pairs/groups 27,Network Map/Organizations/Dial Corporation.md,4,0,
org|northwestern university,Northwestern University,org,university/school,Education Northwestern University,vault,67,0,2,linked by connectivity pass,Network Map/Organizations/Northwestern University.md,17,0,
org|british south africa company,British South Africa Company,org,company,,vault,9,1,2,Bullingdon Club,Network Map/Organizations/British South Africa Company.md,6,0,
org|colson,Colson Corporation,org,company,,vault,5,1,2,Other connected pairs/groups 24,Network Map/Organizations/Colson Corporation.md,1,0,
person|edith lees,Edith Lees,person,,,vault,8,1,2,Other connected pairs/groups 29,Network Map/People/Edith Lees.md,2,0,
org|private equity international,Private Equity International,org,NGO/nonprofit/think tank,,vault,20,0,2,linked by connectivity pass,Network Map/Organizations/Private Equity International.md,3,0,
org|comcast,Comcast,org,organization,Comcast Corp; Comcast Corp $,vault,75,0,2,linked by connectivity pass,Network Map/Organizations/Comcast.md,8,0,
org|omidyar network,Omidyar Network,org,NGO/nonprofit/think tank,,vault,9,1,2,Other connected pairs/groups 11,Network Map/Organizations/Omidyar Network.md,6,0,
org|business council,Business Council,org,NGO/nonprofit/think tank,,vault,31,0,2,linked by connectivity pass,Network Map/Organizations/Business Council.md,5,0,
person|susan decker,Susan Decker,person,,Susan L. Decker,vault,36,0,2,linked by connectivity pass,Network Map/People/Susan Decker.md,3,0,
org|guaranty federal savings and loan association,Guaranty Federal Savings and Loan Association,org,government body,,vault,2,1,3,Other connected pairs/groups 36,Network Map/Organizations/Guaranty Federal Savings and Loan Association.md,2,0,
org|fda,FDA,org,organization,,vault,11,0,2,linked by connectivity pass,Network Map/Organizations/FDA.md,4,0,
person|jean bricaud,Jean Bricaud,person,,,vault,14,0,2,linked by connectivity pass,Network Map/People/Jean Bricaud.md,5,0,
person|lawrence o'donnell,Lawrence O'Donnell,person,,,vault,8,0,1,linked by connectivity pass,Network Map/People/Lawrence O'Donnell.md,3,0,
person|hillary clinton,Hillary Clinton,person,,Hillary Diane Rodham Clinton; Hillary Rodham Clinton,both,408,9,1,X posts only,Network Map/People/Hillary Clinton.md,48,26,
org|school of theatre and dance,School of Theatre and Dance,org,university/school,,vault,9,1,2,Other connected pairs/groups 37,Network Map/Organizations/School of Theatre and Dance.md,1,0,
org|project veritas,Project Veritas,org,NGO/nonprofit/think tank,,vault,3,1,3,Other connected pairs/groups 20,Network Map/Organizations/Project Veritas.md,1,0,
person|walter long,Walter Long,person,,,vault,78,1,2,Bullingdon Club,Network Map/People/Walter Long.md,1,0,
org|department of communication arts,Department of Communication Arts,org,government body,,vault,1,1,,Other connected pairs/groups 27,Network Map/Organizations/Department of Communication Arts.md,1,0,
org|boston celtics,Boston Celtics,org,organization,,vault,48,0,1,linked by connectivity pass,Network Map/Organizations/Boston Celtics.md,3,0,
person|ken kesey,Ken Kesey,person,,,vault,10,0,2,linked by connectivity pass,Network Map/People/Ken Kesey.md,4,0,
person|lawrence jackson,Lawrence Jackson,person,,,vault,20,0,2,linked by connectivity pass,Network Map/People/Lawrence Jackson.md,5,0,
person|christopher james,Christopher James,person,,,vault,91,1,2,Bullingdon Club,Network Map/People/Christopher James.md,3,0,
person|robert poole,Robert Poole,person,,Robert W. Poole,vault,21,1,2,Other connected pairs/groups 52,Network Map/People/Robert Poole.md,5,0,
org|henry kaufman and company,"Henry Kaufman & Company, Inc",org,company,,vault,14,1,2,Other connected pairs/groups 36,"Network Map/Organizations/Henry Kaufman & Company, Inc.md",1,0,
org|jewish museum,Jewish Museum,org,organization,,vault,24,0,2,linked by connectivity pass,Network Map/Organizations/Jewish Museum.md,6,0,
org|lazard,Lazard,org,organization,LAZARD; Lazard Inc,vault,42,1,2,Citibank,Network Map/Organizations/Lazard.md,12,0,
org|anheuser busch inbev,Anheuser-Busch InBev,org,organization,Anheuser-Busch InBev SA; Anheuser-Busch Inbev,vault,21,0,2,linked by connectivity pass,Network Map/Organizations/Anheuser-Busch InBev.md,4,0,
person|lily aldridge,Lily Aldridge,person,,,vault,0,0,,(isolated),Network Map/People/Lily Aldridge.md,3,0,
person|jared kushner,Jared Kushner,person,,,vault,50,0,2,linked by connectivity pass,Network Map/People/Jared Kushner.md,4,0,
person|william gladstone,William Gladstone,person,,William Ewart Gladstone,vault,4,1,3,Other connected pairs/groups 37,Network Map/People/William Gladstone.md,2,0,
org|managing partner,Managing Partner,org,organization,Co-Managing Partner,vault,16,0,2,linked by connectivity pass,Network Map/Organizations/Managing Partner.md,3,0,
org|de niro,De Niro,org,organization,DE Niro,vault,20,0,2,linked by connectivity pass,Network Map/Organizations/De Niro.md,4,0,
org|dreamworks,DreamWorks,org,organization,DREAMWORKS; DreamWorks LLC; DreamWorks SKG,vault,19,1,2,Other connected pairs/groups 26,Network Map/Organizations/DreamWorks.md,8,0,
org|university of cambridge,University of Cambridge,org,university/school,,vault,37,0,2,linked by connectivity pass,Network Map/Organizations/University of Cambridge.md,10,0,
org|event management company,Event Management Company,org,company,,vault,7,1,2,Other connected pairs/groups 8,Network Map/Organizations/Event Management Company.md,1,0,
person|ewen alexander nicholas fergusson,Ewen Alexander Nicholas Fergusson,person,,,vault,78,2,2,Bullingdon Club,Network Map/People/Ewen Alexander Nicholas Fergusson.md,1,0,
person|edward windsor,Edward Windsor,person,,,vault,78,1,2,Bullingdon Club,Network Map/People/Edward Windsor.md,1,0,
person|lewis carroll,Lewis Carroll,person,,,vault,2,0,3,linked by connectivity pass,Network Map/People/Lewis Carroll.md,3,0,
org|hearst communications,Hearst Communications,org,organization,Hearst Communications Inc,vault,11,0,2,linked by connectivity pass,Network Map/Organizations/Hearst Communications.md,3,0,
org|dm and e,DM&E,org,organization,,vault,5,2,2,DM&E,Network Map/Organizations/DM&E.md,3,0,
person|michael steinhardt,Michael Steinhardt,person,,,vault,17,0,1,linked by connectivity pass,Network Map/People/Michael Steinhardt.md,3,0,
org|time warner,Time Warner,org,organization,Time Warner Inc. Moderated,vault,33,1,2,Other connected pairs/groups 40,Network Map/Organizations/Time Warner.md,4,0,
person|paul bennewitz,Paul Bennewitz,person,,,vault,8,3,3,Other connected pairs/groups 3,Network Map/People/Paul Bennewitz.md,2,0,
person|barry diller,Barry Diller,person,,,vault,32,4,1,Vivendi,Network Map/People/Barry Diller.md,6,0,
org|blue cross blue shield,Blue Cross Blue Shield,org,organization,Blue CrossBlue Shield,vault,13,0,2,linked by connectivity pass,Network Map/Organizations/Blue Cross Blue Shield.md,3,0,
person|edwin corning jr,Edwin Corning Jr,person,,,vault,9,1,2,Other connected pairs/groups 29,Network Map/People/Edwin Corning Jr.md,1,0,
org|depauw university,DePauw University,org,university/school,,vault,20,0,2,linked by connectivity pass,Network Map/Organizations/DePauw University.md,3,0,
org|church of satan,Church of Satan,org,organization,,vault,6,0,3,linked by connectivity pass,Network Map/Organizations/Church of Satan.md,4,0,
person|thomas davidson,Thomas Davidson,person,,,vault,8,1,2,Other connected pairs/groups 32,Network Map/People/Thomas Davidson.md,2,0,
org|new york university school of law,New York University School of Law,org,university/school,,vault,16,1,2,Other connected pairs/groups 50,Network Map/Organizations/New York University School of Law.md,3,0,
org|decca,Decca,org,organization,,vault,32,1,2,Other connected pairs/groups 27,Network Map/Organizations/Decca.md,2,0,
org|prologis,ProLogis,org,organization,,vault,28,0,1,linked by connectivity pass,Network Map/Organizations/ProLogis.md,7,0,
org|helsinki accords,Helsinki Accords,org,organization,,vault,7,0,2,linked by connectivity pass,Network Map/Organizations/Helsinki Accords.md,5,0,
org|british parliament,British Parliament,org,government body,,vault,18,4,2,British Parliament,Network Map/Organizations/British Parliament.md,5,0,
person|evarts boutell greene,Evarts Boutell Greene,person,,,vault,8,1,2,Other connected pairs/groups 31,Network Map/People/Evarts Boutell Greene.md,1,0,
org|grammophon philips group,Grammophon-Philips Group,org,company,,vault,22,0,2,linked by connectivity pass,Network Map/Organizations/Grammophon-Philips Group.md,3,0,
org|womencount,WomenCount,org,organization,,vault,9,1,2,Other connected pairs/groups 53,Network Map/Organizations/WomenCount.md,1,0,
person|jerome powell,Jerome Powell,person,,,both,61,4,1,Federal Reserve,Network Map/People/Jerome Powell.md,4,22,
person|bill crothers,Bill Crothers,person,,,vault,3,1,3,Other connected pairs/groups 18,Network Map/People/Bill Crothers.md,1,0,
org|hammerson,Hammerson plc,org,company,,vault,7,1,3,Lazard Freres,Network Map/Organizations/Hammerson plc.md,1,0,
person|stephen lynch,Stephen Lynch,person,,,vault,83,0,2,linked by connectivity pass,Network Map/People/Stephen Lynch.md,6,0,
person|gordon getty,Gordon Getty,person,,Gordon Peter Getty,both,124,1,1,Other connected pairs/groups 35,Network Map/People/Gordon Getty.md,3,12,
person|mike sapnar,Mike Sapnar,person,,,vault,17,2,2,Stone Ridge,Network Map/People/Mike Sapnar.md,1,0,
person|rika eisenmann,Rika Eisenmann,person,,,vault,3,1,3,Other connected pairs/groups 30,Network Map/People/Rika Eisenmann.md,1,0,
person|woodrow wilson,Woodrow Wilson,person,,,both,142,0,1,linked by connectivity pass,Network Map/People/Woodrow Wilson.md,7,2,
person|rajiv shah,Rajiv Shah,person,,,vault,17,1,2,Rockefeller Foundation,Network Map/People/Rajiv Shah.md,4,0,
person|tara a cortes,Tara A. Cortes,person,,,vault,5,1,2,Other connected pairs/groups 46,Network Map/People/Tara A. Cortes.md,1,0,
org|obdc,OBDC,org,organization,,vault,3,1,2,Other connected pairs/groups 19,Network Map/Organizations/OBDC.md,1,0,
person|abbie hoffman,Abbie Hoffman,person,,,vault,12,0,1,linked by connectivity pass,Network Map/People/Abbie Hoffman.md,4,0,
org|woodrow wilson award,Woodrow Wilson Award,org,organization,,vault,17,0,2,linked by connectivity pass,Network Map/Organizations/Woodrow Wilson Award.md,3,0,
org|roche,Roche,org,organization,,vault,47,0,2,linked by connectivity pass,Network Map/Organizations/Roche.md,3,0,
person|betty liu,Betty Liu,person,,,vault,27,0,2,linked by connectivity pass,Network Map/People/Betty Liu.md,1,0,originally-read entity
org|open society foundations,Open Society Foundations,org,society/club,,vault,14,1,2,Other connected pairs/groups 16,Network Map/Organizations/Open Society Foundations.md,11,0,
org|tyco international,Tyco International,org,NGO/nonprofit/think tank,,vault,2,1,3,DuPont,Network Map/Organizations/Tyco International.md,1,0,
org|greycroft,Greycroft,org,organization,Greycroft LP,vault,17,0,2,linked by connectivity pass,Network Map/Organizations/Greycroft.md,3,0,
org|rheinmetall,Rheinmetall,org,organization,,vault,5,1,2,Other connected pairs/groups 31,Network Map/Organizations/Rheinmetall.md,2,0,
org|grammy award,Grammy Award,org,organization,,vault,13,0,2,linked by connectivity pass,Network Map/Organizations/Grammy Award.md,3,0,
person|glenn greenwald,Glenn Greenwald,person,,,both,48,1,1,X posts only,Network Map/People/Glenn Greenwald.md,6,3,
person|inigo jones,Inigo Jones,person,,,vault,9,0,3,linked by connectivity pass,Network Map/People/Inigo Jones.md,3,0,
org|o3b networks,O3b Networks,org,organization,"O3b Networks, Ltd",vault,2,1,1,Other connected pairs/groups 50,Network Map/Organizations/O3b Networks.md,1,0,
org|queens,Queens,org,organization,,vault,26,0,2,linked by connectivity pass,Network Map/Organizations/Queens.md,3,0,
org|communist party of the united states of america,Communist Party of the United States of America,org,political organization,,vault,5,1,2,Other connected pairs/groups 19,Network Map/Organizations/Communist Party of the United States of America.md,1,0,
person|james francis edward stuart,James Francis Edward Stuart,person,,,vault,1,0,3,linked by connectivity pass,Network Map/People/James Francis Edward Stuart.md,3,0,
person|felix yussupov,Felix Yussupov,person,,,vault,56,1,2,Bullingdon Club,Network Map/People/Felix Yussupov.md,1,0,
org|anglo irish bank,Anglo Irish Bank,org,company,,vault,1,1,,Other connected pairs/groups 15,Network Map/Organizations/Anglo Irish Bank.md,2,0,
org|salesforce,Salesforce,org,organization,,vault,17,1,2,Other connected pairs/groups 47,Network Map/Organizations/Salesforce.md,3,0,
person|edie lutnick,Edie Lutnick,person,,,vault,5,0,2,linked by connectivity pass,Network Map/People/Edie Lutnick.md,9,0,
org|templar,Templar,org,organization,,vault,13,0,2,linked by connectivity pass,Network Map/Organizations/Templar.md,4,0,
org|weizmann,Weizmann,org,organization,,vault,4,0,3,linked by connectivity pass,Network Map/Organizations/Weizmann.md,3,0,
org|national bank of egypt,National Bank of Egypt,org,company,,vault,36,1,2,De Beers,Network Map/Organizations/National Bank of Egypt.md,2,0,
org|arison foundation,Arison Foundation,org,foundation,,vault,16,0,2,linked by connectivity pass,Network Map/Organizations/Arison Foundation.md,3,0,
org|nomura securities international,"Nomura Securities International, Inc",org,company,NOMURA SECURITIES INTERNATIONAL,vault,14,1,2,Lehman Brothers,"Network Map/Organizations/Nomura Securities International, Inc.md",2,0,
person|bin laden,Bin Laden,person,,,vault,2,0,2,linked by connectivity pass,Network Map/People/Bin Laden.md,3,0,
org|american progress,American Progress,org,organization,,vault,18,0,2,linked by connectivity pass,Network Map/Organizations/American Progress.md,3,0,
org|willow 360,Willow 360,org,organization,,vault,3,1,3,Other connected pairs/groups 54,Network Map/Organizations/Willow 360.md,1,0,
org|kaman,Kaman,org,organization,,vault,3,0,2,linked by connectivity pass,Network Map/Organizations/Kaman.md,3,0,
org|big tree records,Big Tree Records,org,company,,vault,8,1,2,Other connected pairs/groups 16,Network Map/Organizations/Big Tree Records.md,3,0,
org|bank medici,Bank Medici,org,company,Bank Medici AG,vault,6,1,3,Bank Austria-Creditanstalt,Network Map/Organizations/Bank Medici.md,1,0,
person|alfred beit,Alfred Beit,person,,,both,29,1,1,X posts only,Network Map/People/Alfred Beit.md,8,1,
person|john duncan,John Duncan,person,,,vault,7,0,3,linked by connectivity pass,Network Map/People/John Duncan.md,3,0,
person|evan a davis,Evan A. Davis,person,,,vault,20,1,2,Other connected pairs/groups 31,Network Map/People/Evan A. Davis.md,1,0,
org|humanist foundation,Humanist Foundation,org,foundation,,vault,3,1,3,Other connected pairs/groups 13,Network Map/Organizations/Humanist Foundation.md,1,0,
org|council of christians,Council of Christians,org,NGO/nonprofit/think tank,,vault,12,0,2,linked by connectivity pass,Network Map/Organizations/Council of Christians.md,3,0,
person|henry huttleston rogers,Henry Huttleston Rogers,person,,,vault,3,1,2,Standard Oil,Network Map/People/Henry Huttleston Rogers.md,1,0,
person|edgar bronfman jr,Edgar Bronfman Jr,person,,Edgar Miles Bronfman Jr,vault,16,1,2,Other connected pairs/groups 11,Network Map/People/Edgar Bronfman Jr.md,4,0,
org|turnvereine,Turnvereine,org,organization,,vault,1,0,2,linked by connectivity pass,Network Map/Organizations/Turnvereine.md,3,0,
person|jonathan simon,Jonathan Simon,person,,,vault,7,0,2,linked by connectivity pass,Network Map/People/Jonathan Simon.md,4,0,
org|boys town,Boys Town,org,organization,,vault,0,0,,(isolated),Network Map/Organizations/Boys Town.md,3,0,
org|publicislive,PublicisLive,org,organization,,vault,7,1,2,Other connected pairs/groups 8,Network Map/Organizations/PublicisLive.md,1,0,
org|singham,Singham,org,organization,,vault,7,0,2,linked by connectivity pass,Network Map/Organizations/Singham.md,3,0,
org|occupation venture,Occupation Venture,org,organization,,vault,11,0,2,linked by connectivity pass,Network Map/Organizations/Occupation Venture.md,3,0,
person|janice schakowsky,Janice Schakowsky,person,,,vault,85,0,2,linked by connectivity pass,Network Map/People/Janice Schakowsky.md,7,0,
person|christie r jones,Christie R. Jones,person,,,vault,5,1,2,Other connected pairs/groups 23,Network Map/People/Christie R. Jones.md,2,0,
person|janet yellen,Janet Yellen,person,,,vault,56,0,2,linked by connectivity pass,Network Map/People/Janet Yellen.md,4,0,
org|united states court of appeals,United States Court of Appeals,org,government body,,vault,60,0,2,linked by connectivity pass,Network Map/Organizations/United States Court of Appeals.md,8,0,
person|jamal ahmad hamza khashoggil,Jamal Ahmad Hamza Khashoggil,person,,,vault,6,0,2,linked by connectivity pass,Network Map/People/Jamal Ahmad Hamza Khashoggil.md,3,0,
person|aga khan,Aga Khan,person,,,vault,24,0,2,linked by connectivity pass,Network Map/People/Aga Khan.md,7,0,
org|central search association,Central Search Association,org,NGO/nonprofit/think tank,,vault,5,0,2,linked by connectivity pass,Network Map/Organizations/Central Search Association.md,4,0,
org|ripple,Ripple,org,organization,,vault,1,1,,Other connected pairs/groups 22,Network Map/Organizations/Ripple.md,1,0,
person|george perle,George Perle,person,,,vault,5,0,3,linked by connectivity pass,Network Map/People/George Perle.md,3,0,
person|paul lansky,Paul Lansky,person,,,vault,18,0,3,linked by connectivity pass,Network Map/People/Paul Lansky.md,4,0,
org|child health research,Child Health Research,org,organization,,vault,6,1,3,Mary Jo Haddad Nursing Chair in Child Health Research,Network Map/Organizations/Child Health Research.md,1,0,
org|club of rome,Club of Rome,org,society/club,,vault,1,1,2,Other connected pairs/groups 23,Network Map/Organizations/Club of Rome.md,2,0,
person|alec baldwin,Alec Baldwin,person,,,vault,2,0,3,linked by connectivity pass,Network Map/People/Alec Baldwin.md,3,0,
org|hec paris,HEC Paris,org,organization,,vault,14,0,2,linked by connectivity pass,Network Map/Organizations/HEC Paris.md,3,0,
person|david zaslav,David Zaslav,person,,,vault,9,1,2,Discovery Communications,Network Map/People/David Zaslav.md,1,0,
org|boots uk,Boots UK,org,organization,Boots UK!71,vault,72,1,2,Bullingdon Club,Network Map/Organizations/Boots UK.md,2,0,
person|mike flynn,Mike Flynn,person,,,vault,3,0,2,linked by connectivity pass,Network Map/People/Mike Flynn.md,5,0,
org|university of chicago law school,University of Chicago Law School,org,university/school,,vault,27,0,2,linked by connectivity pass,Network Map/Organizations/University of Chicago Law School.md,5,0,
person|robert m beall,Robert M. Beall,person,,,vault,12,2,2,Alpha Kappa Psi,Network Map/People/Robert M. Beall.md,1,0,
person|mark desaulnier,Mark DeSaulnier,person,,,vault,85,0,2,linked by connectivity pass,Network Map/People/Mark DeSaulnier.md,7,0,
org|d and m holdings,D&M Holdings,org,company,,vault,18,1,2,Philips,Network Map/Organizations/D&M Holdings.md,2,0,
org|dahab associates,Dahab Associates,org,company,"Dahab Associates, Inc",vault,5,0,2,linked by connectivity pass,Network Map/Organizations/Dahab Associates.md,3,0,
org|new mountain,New Mountain,org,organization,,vault,8,0,2,linked by connectivity pass,Network Map/Organizations/New Mountain.md,3,0,
org|conrad n hilton foundation,Conrad N. Hilton Foundation,org,foundation,,vault,8,1,2,Other connected pairs/groups 7,Network Map/Organizations/Conrad N. Hilton Foundation.md,2,0,
org|international media investments,International Media Investments,org,company,,vault,11,0,2,linked by connectivity pass,Network Map/Organizations/International Media Investments.md,1,0,originally-read entity
person|gottfried von bismarck,Gottfried von Bismarck,person,,,vault,78,1,2,Bullingdon Club,Network Map/People/Gottfried von Bismarck.md,1,0,
org|financial times,Financial Times,org,organization,Financial Times Limited,vault,107,0,1,linked by connectivity pass,Network Map/Organizations/Financial Times.md,14,0,
person|robert ragnar spano,Robert Ragnar Spano,person,,,vault,13,1,2,Other connected pairs/groups 31,Network Map/People/Robert Ragnar Spano.md,1,0,
org|lincoln center,Lincoln Center,org,NGO/nonprofit/think tank,LINCOLN CENTER,vault,22,0,2,linked by connectivity pass,Network Map/Organizations/Lincoln Center.md,5,0,
person|jamie dimon,Jamie Dimon,person,,,both,158,4,1,JPMorgan Chase,Network Map/People/Jamie Dimon.md,13,4,
person|stephen sondheim,Stephen Sondheim,person,,,vault,14,0,3,linked by connectivity pass,Network Map/People/Stephen Sondheim.md,3,0,
person|charlene heineken,Charlene Heineken,person,,,vault,18,0,2,linked by connectivity pass,Network Map/People/Charlene Heineken.md,5,0,
person|jack kerouac,Jack Kerouac,person,,,vault,3,0,3,linked by connectivity pass,Network Map/People/Jack Kerouac.md,3,0,
org|nbc,NBC,org,organization,,vault,56,0,2,linked by connectivity pass,Network Map/Organizations/NBC.md,13,0,
org|jewish voice for peace,Jewish Voice for Peace,org,organization,,vault,8,1,2,Other connected pairs/groups 41,Network Map/Organizations/Jewish Voice for Peace.md,3,0,
org|george mason university,George Mason University,org,university/school,,vault,10,0,2,linked by connectivity pass,Network Map/Organizations/George Mason University.md,5,0,
org|apollo ski partners,Apollo Ski Partners,org,company,,vault,9,1,2,Other connected pairs/groups 15,Network Map/Organizations/Apollo Ski Partners.md,1,0,
person|milton babbitt,Milton Babbitt,person,,Milton Byron Babbitt,vault,18,0,2,linked by connectivity pass,Network Map/People/Milton Babbitt.md,5,0,
person|spencer trask,Spencer Trask,person,,,vault,2,1,2,Other connected pairs/groups 29,Network Map/People/Spencer Trask.md,2,0,
person|j vernon williams,J. Vernon Williams,person,,,both,79,2,1,Other connected pairs/groups 39,Network Map/People/J. Vernon Williams.md,3,1,
org|childs farm,Childs Farm,org,organization,Childs Farm Ltd,vault,1,1,,Other connected pairs/groups 22,Network Map/Organizations/Childs Farm.md,2,0,
org|charterhouse capital partners,Charterhouse Capital Partners,org,company,,vault,7,1,3,Lazard Freres,Network Map/Organizations/Charterhouse Capital Partners.md,1,0,
org|united states army,United States Army,org,organization,,vault,50,0,2,linked by connectivity pass,Network Map/Organizations/United States Army.md,12,0,
person|joseph hartswell,Joseph Hartswell,person,,,vault,4,1,2,Other connected pairs/groups 10,Network Map/People/Joseph Hartswell.md,1,0,
org|societas rosicruciana,Societas Rosicruciana,org,organization,,vault,6,0,2,linked by connectivity pass,Network Map/Organizations/Societas Rosicruciana.md,4,0,
person|dustin moskovitz,Dustin Moskovitz,person,,Dustin Aaron Moskovitz,vault,14,0,2,linked by connectivity pass,Network Map/People/Dustin Moskovitz.md,6,0,
person|ignacio sarria,Ignacio Sarria,person,,,vault,3,2,2,Other connected pairs/groups 5,Network Map/People/Ignacio Sarria.md,1,0,
org|best bank,Best Bank,org,company,,vault,10,0,2,linked by connectivity pass,Network Map/Organizations/Best Bank.md,3,0,
person|robert crosbie,Robert Crosbie,person,,,vault,4,1,2,Other connected pairs/groups 52,Network Map/People/Robert Crosbie.md,1,0,
org|goldman sachs foundation,Goldman Sachs Foundation,org,foundation,,vault,8,1,2,Other connected pairs/groups 35,Network Map/Organizations/Goldman Sachs Foundation.md,2,0,
org|gtec industries,GTEC Industries,org,company,,vault,3,1,2,Other connected pairs/groups 34,Network Map/Organizations/GTEC Industries.md,1,0,
person|george hearst,George Hearst,person,,,vault,15,1,2,Other connected pairs/groups 34,Network Map/People/George Hearst.md,4,0,
org|meta trch,Meta-Trch,org,organization,META-TRCH,vault,2,0,2,linked by connectivity pass,Network Map/Organizations/Meta-Trch.md,3,0,
org|r h macy and company,R. H. Macy & Company,org,company,,vault,2,0,,linked by connectivity pass,Network Map/Organizations/R. H. Macy & Company.md,3,0,
org|society for psychical research,Society for Psychical Research,org,society/club,,vault,6,0,2,linked by connectivity pass,Network Map/Organizations/Society for Psychical Research.md,5,0,
person|jerry brown,Jerry Brown,person,,,both,72,0,1,linked by connectivity pass,Network Map/People/Jerry Brown.md,5,8,
person|theodore von karman,Theodore von Karman,person,,von Karman,vault,24,1,2,Other connected pairs/groups 34,Network Map/People/Theodore von Karman.md,4,0,
org|gulf and western industries,Gulf and Western Industries,org,company,,vault,4,2,2,Gulf and Western Industries,Network Map/Organizations/Gulf and Western Industries.md,2,0,
person|ray dalio,Ray Dalio,person,,,both,69,1,1,X posts only,Network Map/People/Ray Dalio.md,4,2,
org|ironshore,Ironshore,org,organization,,vault,7,1,2,GTCR,Network Map/Organizations/Ironshore.md,1,0,
org|harvard university,Harvard University,org,university/school,Education Harvard University; HARVARD UNIVERSITY; Harvard; Harvard Corporation,both,630,5,1,Other connected pairs/groups 36,Network Map/Organizations/Harvard University.md,178,0,
person|john d rockefeller jr,John Davison Rockefeller Jr,person,,John D. Rockefeller Jr,vault,48,0,2,linked by connectivity pass,Network Map/People/John Davison Rockefeller Jr.md,9,0,
person|reid hoffman,Reid Hoffman,person,,,both,157,0,1,linked by connectivity pass,Network Map/People/Reid Hoffman.md,5,5,
person|laurent fabius,Laurent Fabius,person,,,vault,11,0,2,linked by connectivity pass,Network Map/People/Laurent Fabius.md,4,0,
org|reestablished general employees,Reestablished General Employees,org,organization,REESTABLISHED GENERAL EMPLOYEES,vault,11,0,1,linked by connectivity pass,Network Map/Organizations/Reestablished General Employees.md,3,0,
org|alli,Alli,org,organization,,vault,2,0,3,linked by connectivity pass,Network Map/Organizations/Alli.md,3,0,
person|giovanni agnelli,Giovanni Agnelli,person,,Giovanni Alberto Agnelli,vault,7,1,2,Other connected pairs/groups 32,Network Map/People/Giovanni Agnelli.md,2,0,
person|henry kaufman,Henry Kaufman,person,,,vault,24,1,2,Other connected pairs/groups 36,Network Map/People/Henry Kaufman.md,3,0,
person|jamie raskin,Jamie Raskin,person,,,vault,90,1,1,Other connected pairs/groups 37,Network Map/People/Jamie Raskin.md,8,0,
org|tibet house,Tibet House,org,organization,TIBET HOUSE,vault,1,0,3,linked by connectivity pass,Network Map/Organizations/Tibet House.md,3,0,
org|esso,Esso,org,organization,,vault,5,1,2,Standard Oil,Network Map/Organizations/Esso.md,2,0,
person|ettore gotti tedeschi,Ettore Gotti Tedeschi,person,,,vault,2,1,1,Other connected pairs/groups 31,Network Map/People/Ettore Gotti Tedeschi.md,1,0,
org|royal dutch petroleum company,Royal Dutch Petroleum Company,org,company,,vault,10,1,2,Shell,Network Map/Organizations/Royal Dutch Petroleum Company.md,1,0,
person|hans hillerbrand,Hans Hillerbrand,person,,Hans J. Hillerbrand,vault,2,0,4,linked by connectivity pass,Network Map/People/Hans Hillerbrand.md,4,0,
person|david petraeus,David Petraeus,person,,,vault,19,0,2,linked by connectivity pass,Network Map/People/David Petraeus.md,5,0,
org|mentoring usa,Mentoring USA,org,organization,,vault,3,1,4,Other connected pairs/groups 48,Network Map/Organizations/Mentoring USA.md,1,0,
org|goldman sachs,Goldman Sachs,org,company,"GOLDMAN SACHS & CO LLC; Goldman; Goldman Sachs & Co; Goldman Sachs Group; Goldman Sachs Group Inc; Goldman, Sachs & Co",both,621,12,1,Goldman Sachs,Network Map/Organizations/Goldman Sachs.md,85,0,
org|american civil war,American Civil War,org,organization,,vault,13,0,3,linked by connectivity pass,Network Map/Organizations/American Civil War.md,7,0,
org|ushahidi,Ushahidi Inc,org,company,,vault,27,1,2,Other connected pairs/groups 43,Network Map/Organizations/Ushahidi Inc.md,1,0,
person|william newsom,William Newsom,person,,,vault,2,1,2,Other connected pairs/groups 34,Network Map/People/William Newsom.md,1,0,
org|marsh and mclennan,Marsh & McLennan,org,organization,Marsh & McLennan $,vault,13,0,2,linked by connectivity pass,Network Map/Organizations/Marsh & McLennan.md,3,0,
org|defense for children international palestine,Defense for Children International-Palestine,org,NGO/nonprofit/think tank,,vault,2,1,3,Rockefeller Brothers Fund,Network Map/Organizations/Defense for Children International-Palestine.md,1,0,
person|boy scout,Boy Scout,person,,,vault,5,0,4,linked by connectivity pass,Network Map/People/Boy Scout.md,3,0,
person|preston tisch,Preston Robert Tisch,person,,Preston Tisch,vault,26,0,2,linked by connectivity pass,Network Map/People/Preston Robert Tisch.md,5,0,
person|douglas daft,Douglas Daft,person,,,vault,35,1,2,Other connected pairs/groups 24,Network Map/People/Douglas Daft.md,2,0,
org|marmon,Marmon,org,organization,,vault,10,1,2,Berkshire Hathaway,Network Map/Organizations/Marmon.md,1,0,
org|lpl financial,LPL Financial LLC,org,company,LPL FINANCIAL,vault,11,0,2,linked by connectivity pass,Network Map/Organizations/LPL Financial LLC.md,3,0,
person|nick hurd,Nick Hurd,person,,,vault,56,1,2,Bullingdon Club,Network Map/People/Nick Hurd.md,1,0,
person|andres fernandez coronil,Andres Fernandez Coronil,person,,,vault,7,1,3,Lazard Freres,Network Map/People/Andres Fernandez Coronil.md,1,0,
person|cora guggenheim,Cora Guggenheim,person,,,vault,16,0,2,linked by connectivity pass,Network Map/People/Cora Guggenheim.md,4,0,
org|e oppenheimer and son,E. Oppenheimer & Son Ltd,org,company,,vault,14,1,2,Other connected pairs/groups 28,Network Map/Organizations/E. Oppenheimer & Son Ltd.md,1,0,
org|deutsche bank wealth management,Deutsche Bank Wealth Management,org,company,,vault,15,1,1,Other connected pairs/groups 4,Network Map/Organizations/Deutsche Bank Wealth Management.md,5,0,
person|mayer amschel rothschild,Mayer Amschel Rothschild,person,,,both,99,0,1,linked by connectivity pass,Network Map/People/Mayer Amschel Rothschild.md,4,3,
org|stratton oakmont,Stratton Oakmont,org,organization,,vault,5,1,2,Other connected pairs/groups 43,Network Map/Organizations/Stratton Oakmont.md,1,0,
person|j paul getty,J. Paul Getty,person,,,vault,6,1,2,Other connected pairs/groups 35,Network Map/People/J. Paul Getty.md,4,0,
person|john rahn,John Rahn,person,,,vault,14,0,3,linked by connectivity pass,Network Map/People/John Rahn.md,3,0,
person|jeffrey goldberg,Jeffrey Goldberg,person,,,vault,5,0,2,linked by connectivity pass,Network Map/People/Jeffrey Goldberg.md,3,0,
org|tikkun,Tikkun,org,organization,,vault,1,0,2,linked by connectivity pass,Network Map/Organizations/Tikkun.md,3,0,
person|reza khan,Reza Khan,person,,,vault,4,1,3,Other connected pairs/groups 51,Network Map/People/Reza Khan.md,2,0,
org|institutional investors,Institutional Investors,org,organization,,vault,2,1,3,Other connected pairs/groups 38,Network Map/Organizations/Institutional Investors.md,1,0,
org|mack real estate group,Mack Real Estate Group,org,company,,vault,4,1,3,Other connected pairs/groups 47,Network Map/Organizations/Mack Real Estate Group.md,2,0,
org|national board,National Board,org,organization,,vault,2,1,2,linked by connectivity pass,Network Map/Organizations/National Board.md,1,0,originally-read entity
org|conservative party,Conservative Party,org,political organization,,vault,138,0,2,linked by connectivity pass,Network Map/Organizations/Conservative Party.md,14,0,
person|odowaa yusuf,Odowaa Yusuf,person,,,vault,3,0,,linked by connectivity pass,Network Map/People/Odowaa Yusuf.md,3,0,
person|harrison gray otis,Harrison Gray Otis,person,,,vault,7,1,3,Other connected pairs/groups 22,Network Map/People/Harrison Gray Otis.md,3,0,
org|apax,Apax,org,organization,,vault,31,0,2,linked by connectivity pass,Network Map/Organizations/Apax.md,3,0,
org|oxfam,Oxfam,org,organization,OXFAM,vault,4,0,2,linked by connectivity pass,Network Map/Organizations/Oxfam.md,5,0,
person|kenneth i rosh,Kenneth I. Rosh,person,,,vault,7,1,2,Fried Frank,Network Map/People/Kenneth I. Rosh.md,1,0,
org|saveday,SaveDay,org,organization,,vault,27,1,2,Other connected pairs/groups 17,Network Map/Organizations/SaveDay.md,2,0,
org|barings bank,Barings Bank,org,company,,vault,4,1,2,Swiss Bank Corporation,Network Map/Organizations/Barings Bank.md,2,0,
person|mark hurd,Mark Hurd,person,,,vault,8,1,2,Oracle,Network Map/People/Mark Hurd.md,1,0,
person|bob harding,Bob Harding,person,,,vault,6,1,3,Mary Jo Haddad Nursing Chair in Child Health Research,Network Map/People/Bob Harding.md,1,0,
org|broadcasting publications,Broadcasting Publications Inc,org,company,,vault,4,1,3,Times Mirror,Network Map/Organizations/Broadcasting Publications Inc.md,1,0,
org|capwell partners,Capwell Partners LLC,org,company,CAPWELL PARTNERS LLC; Capwell Partners,vault,19,0,2,linked by connectivity pass,Network Map/Organizations/Capwell Partners LLC.md,3,0,
org|e d sassoon and,E. D. Sassoon & Co,org,organization,,vault,4,0,2,linked by connectivity pass,Network Map/Organizations/E. D. Sassoon & Co.md,3,0,
person|glenn hutchins,Glenn Hutchins,person,,Glenn H. Hutchins,both,147,0,1,linked by connectivity pass,Network Map/People/Glenn Hutchins.md,6,3,
org|prince,Prince,org,organization,,vault,7,0,2,linked by connectivity pass,Network Map/Organizations/Prince.md,3,0,
person|shaquille o'neal,Shaquille O'Neal,person,,,vault,2,0,3,linked by connectivity pass,Network Map/People/Shaquille O'Neal.md,3,0,
person|david ellison,David Ellison,person,,,vault,7,1,2,Skydance Media,Network Map/People/David Ellison.md,1,0,
org|golub capital,Golub Capital,org,company,,vault,116,0,1,linked by connectivity pass,Network Map/Organizations/Golub Capital.md,4,0,
person|david packard,David Packard,person,,,vault,13,1,2,Other connected pairs/groups 26,Network Map/People/David Packard.md,1,0,
person|kim kardashian,Kim Kardashian,person,,,vault,9,0,2,linked by connectivity pass,Network Map/People/Kim Kardashian.md,4,0,
person|andrea jung,Andrea Jung,person,,,both,38,1,1,Grameen America,Network Map/People/Andrea Jung.md,3,7,
org|sghne,SGhne,org,organization,,vault,4,1,2,Other connected pairs/groups 17,Network Map/Organizations/SGhne.md,1,0,
org|yale university,Yale University,org,university/school,Education Yale University; YALE; Yale,vault,226,1,2,Other connected pairs/groups 51,Network Map/Organizations/Yale University.md,54,0,
person|cecil rhodes,Cecil Rhodes,person,,Cecil John Rhodes,both,157,4,1,Bullingdon Club,Network Map/People/Cecil Rhodes.md,11,8,
person|joan bennett kennedy,Joan Bennett Kennedy,person,,,vault,2,1,3,Other connected pairs/groups 41,Network Map/People/Joan Bennett Kennedy.md,1,0,
person|irena dawid-olczyk,Irena Dawid-Olczyk,person,,,vault,3,2,2,Other connected pairs/groups 5,Network Map/People/Irena Dawid-Olczyk.md,2,0,
org|bennington college,Bennington College,org,university/school,,vault,16,0,2,linked by connectivity pass,Network Map/Organizations/Bennington College.md,4,0,
org|kappa beta phi,Kappa Beta Phi,org,greek-letter society,,vault,13,0,2,linked by connectivity pass,Network Map/Organizations/Kappa Beta Phi.md,3,0,
org|chicago tribune,Chicago Tribune,org,organization,,vault,13,0,2,linked by connectivity pass,Network Map/Organizations/Chicago Tribune.md,4,0,
org|nasdaq,Nasdaq,org,organization,NASDAQ,vault,77,0,1,linked by connectivity pass,Network Map/Organizations/Nasdaq.md,9,0,
person|ralph norman,Ralph Norman,person,,,vault,77,0,2,linked by connectivity pass,Network Map/People/Ralph Norman.md,7,0,
person|milton berlinski,Milton Berlinski,person,,,vault,4,1,2,Other connected pairs/groups 49,Network Map/People/Milton Berlinski.md,1,0,
person|david m becker,David M. Becker,person,,,vault,25,1,2,U.S. Securities and Exchange Commission,Network Map/People/David M. Becker.md,1,0,
org|thoughtworks,Thoughtworks,org,organization,ThoughtWorks,vault,20,0,2,linked by connectivity pass,Network Map/Organizations/Thoughtworks.md,6,0,
org|reverence capital,Reverence Capital,org,company,,vault,4,1,2,Other connected pairs/groups 49,Network Map/Organizations/Reverence Capital.md,1,0,
org|temple of solomon,Temple of Solomon,org,organization,,vault,8,0,2,linked by connectivity pass,Network Map/Organizations/Temple of Solomon.md,3,0,
org|national economic council,National Economic Council,org,NGO/nonprofit/think tank,,vault,8,1,2,Other connected pairs/groups 40,Network Map/Organizations/National Economic Council.md,1,0,
org|banque de commerce et placements,Banque de Commerce et Placements,org,organization,,vault,5,1,2,BCCI,Network Map/Organizations/Banque de Commerce et Placements.md,1,0,
org|maverick capital management,Maverick Capital Management,org,company,,vault,18,0,2,linked by connectivity pass,Network Map/Organizations/Maverick Capital Management.md,3,0,
org|us national institutes of health,US National Institutes of Health,org,organization,,vault,4,1,2,Wellcome Trust,Network Map/Organizations/US National Institutes of Health.md,1,0,
org|british mandate of palestine,British Mandate of Palestine,org,organization,,vault,19,0,2,linked by connectivity pass,Network Map/Organizations/British Mandate of Palestine.md,4,0,
org|meharry medical college,Meharry Medical College,org,university/school,,vault,13,1,2,Kresge Foundation,Network Map/Organizations/Meharry Medical College.md,1,0,
person|elena kagan,Elena Kagan,person,,,both,95,3,1,X posts only,Network Map/People/Elena Kagan.md,8,19,
person|larry guinta,Larry Guinta,person,,,vault,7,1,2,Other connected pairs/groups 29,Network Map/People/Larry Guinta.md,3,0,
person|david solomon,David Solomon,person,,David Michael Solomon,both,77,2,1,X posts only,Network Map/People/David Solomon.md,4,2,
org|duke university,Duke University,org,university/school,,vault,41,0,2,linked by connectivity pass,Network Map/Organizations/Duke University.md,9,0,
org|cosmopolitan,Cosmopolitan,org,organization,,vault,19,0,2,linked by connectivity pass,Network Map/Organizations/Cosmopolitan.md,5,0,
person|jordan belfort,Jordan Belfort,person,,Jordan Ross Belfort,vault,9,1,2,Other connected pairs/groups 43,Network Map/People/Jordan Belfort.md,2,0,
person|kog finansal hizmetler,Kog Finansal Hizmetler,person,,,vault,2,1,3,Other connected pairs/groups 44,Network Map/People/Kog Finansal Hizmetler.md,1,0,
org|alpha phi alpha,Alpha Phi Alpha,org,greek-letter society,,vault,14,0,2,linked by connectivity pass,Network Map/Organizations/Alpha Phi Alpha.md,4,0,
org|oracle,Oracle,org,organization,ORACLE; Oracle Corporation,vault,68,2,2,Oracle,Network Map/Organizations/Oracle.md,13,0,
org|legislative affairs,Legislative Affairs,org,organization,,vault,23,0,2,linked by connectivity pass,Network Map/Organizations/Legislative Affairs.md,3,0,
person|matt wren,Matt Wren,person,,,vault,2,1,2,Other connected pairs/groups 13,Network Map/People/Matt Wren.md,1,0,
org|nordstrom,Nordstrom,org,organization,"NORDSTROM; Nordstrom, Inc",vault,3,1,2,linked by connectivity pass,Network Map/Organizations/Nordstrom.md,5,0,
person|teresa huston,Teresa Huston,person,,,vault,5,1,2,Microsoft,Network Map/People/Teresa Huston.md,1,0,
person|colin powell,Colin Powell,person,,,vault,44,0,2,linked by connectivity pass,Network Map/People/Colin Powell.md,6,0,
org|new york university,New York University,org,university/school,NYU,vault,260,1,1,Other connected pairs/groups 46,Network Map/Organizations/New York University.md,40,0,
person|elisabeth christine,Elisabeth Christine,person,,,vault,5,0,4,linked by connectivity pass,Network Map/People/Elisabeth Christine.md,4,0,
org|cma cgm,Cma Cgm,org,organization,CMA CGM,vault,38,0,1,linked by connectivity pass,Network Map/Organizations/Cma Cgm.md,3,0,
person|russell w galbut,Russell William Galbut,person,,Russell W. Galbut,vault,8,0,2,linked by connectivity pass,Network Map/People/Russell William Galbut.md,3,0,
org|union theological seminary,Union Theological Seminary,org,organization,,vault,18,0,2,linked by connectivity pass,Network Map/Organizations/Union Theological Seminary.md,9,0,
person|philip niarchos,Philip Niarchos,person,,Philip S. Niarchos,vault,13,0,1,linked by connectivity pass,Network Map/People/Philip Niarchos.md,3,0,
org|u s treasury,U.S. Treasury,org,organization,Treasury; US Treasury,both,440,3,1,Other connected pairs/groups 54,Network Map/Organizations/U.S. Treasury.md,54,0,
org|amgen,Amgen,org,organization,AMGEN; Amgen Inc,vault,19,1,2,Other connected pairs/groups 14,Network Map/Organizations/Amgen.md,2,0,
org|department of defense,Department of Defense,org,government body,,vault,26,0,2,linked by connectivity pass,Network Map/Organizations/Department of Defense.md,8,0,
person|bill bain,Bill Bain,person,,,vault,15,0,2,linked by connectivity pass,Network Map/People/Bill Bain.md,3,0,
org|ncsj,NCSJ,org,organization,,vault,3,1,3,Other connected pairs/groups 41,Network Map/Organizations/NCSJ.md,2,0,
org|cyber security,Cyber Security,org,organization,,vault,12,0,2,linked by connectivity pass,Network Map/Organizations/Cyber Security.md,3,0,
person|clare bronfman,Clare Bronfman,person,,,vault,47,0,2,linked by connectivity pass,Network Map/People/Clare Bronfman.md,2,0,originally-read entity
org|new york stock exchange,New York Stock Exchange,org,organization,NYSE; New York 'Stock Exchange,vault,251,2,2,Other connected pairs/groups 3,Network Map/Organizations/New York Stock Exchange.md,66,0,
org|business ethics and free enterprise,Business Ethics and Free Enterprise,org,organization,,vault,16,0,2,linked by connectivity pass,Network Map/Organizations/Business Ethics and Free Enterprise.md,3,0,
org|mount morgan mine,Mount Morgan Mine,org,company,,vault,11,0,3,linked by connectivity pass,Network Map/Organizations/Mount Morgan Mine.md,3,0,
org|alan j patricof,Alan J. Patricof,org,organization,,vault,14,0,2,linked by connectivity pass,Network Map/Organizations/Alan J. Patricof.md,1,0,originally-read entity
org|aig investments,AIG Investments,org,organization,,vault,4,1,2,Other connected pairs/groups 10,Network Map/Organizations/AIG Investments.md,1,0,
person|george h w bush,George Herbert Walker Bush,person,,George H. W. Bush,vault,101,2,2,Republican National Committee,Network Map/People/George Herbert Walker Bush.md,27,0,
org|genstar capital,Genstar Capital,org,company,,vault,1,1,3,Other connected pairs/groups 16,Network Map/Organizations/Genstar Capital.md,1,0,
person|shiv nadar,Shiv Nadar,person,,,vault,4,1,1,Other connected pairs/groups 36,Network Map/People/Shiv Nadar.md,1,0,
person|bob dole,Bob Dole,person,,,vault,29,0,2,linked by connectivity pass,Network Map/People/Bob Dole.md,3,0,
org|industrial technology research institute,Industrial Technology Research Institute,org,NGO/nonprofit/think tank,,vault,3,1,3,Other connected pairs/groups 38,Network Map/Organizations/Industrial Technology Research Institute.md,1,0,
person|eric s lander,Eric S. Lander,person,,,vault,19,1,2,Other connected pairs/groups 30,Network Map/People/Eric S. Lander.md,1,0,
person|elon musk,Elon Musk,person,,,both,66,1,1,Other connected pairs/groups 8,Network Map/People/Elon Musk.md,5,11,
person|john wilcock,John Wilcock,person,,,vault,3,0,2,linked by connectivity pass,Network Map/People/John Wilcock.md,3,0,
person|george santos,George Santos,person,,George Anthony Devolder Santos,vault,7,0,2,linked by connectivity pass,Network Map/People/George Santos.md,4,0,
person|lawrence krauss,Lawrence Krauss,person,,Lawrence M. Krauss; Lawrence Maxwell Krauss,both,126,0,1,linked by connectivity pass,Network Map/People/Lawrence Krauss.md,3,2,
org|bright house networks,Bright House Networks,org,organization,,vault,11,1,3,Discovery Communications,Network Map/Organizations/Bright House Networks.md,1,0,
person|occupation aeronautical,Occupation Aeronautical,person,,,vault,2,1,4,Other connected pairs/groups 45,Network Map/People/Occupation Aeronautical.md,1,0,
person|charles gasparino,Charles Gasparino,person,,Charlie Gasparino,both,69,6,1,X posts only,Network Map/People/Charles Gasparino.md,18,21,
org|chemical bank,Chemical Bank,org,company,,vault,63,0,1,linked by connectivity pass,Network Map/Organizations/Chemical Bank.md,5,0,
org|future forward,Future Forward,org,organization,,vault,6,0,2,linked by connectivity pass,Network Map/Organizations/Future Forward.md,3,0,
person|nathan straus,Nathan Straus,person,,,vault,2,0,,linked by connectivity pass,Network Map/People/Nathan Straus.md,3,0,
person|reza shah,Reza Shah,person,,,vault,15,0,3,linked by connectivity pass,Network Map/People/Reza Shah.md,6,0,
person|hilary rosen,Hilary Rosen,person,,,vault,20,1,2,Other connected pairs/groups 37,Network Map/People/Hilary Rosen.md,1,0,
person|luke valdes,Luke Valdes,person,,,vault,4,1,2,S3 Partners,Network Map/People/Luke Valdes.md,1,0,
person|jonathan tisch,Jonathan Tisch,person,,Jonathan M. Tisch; Jonathan Mark Tisch,vault,33,0,2,linked by connectivity pass,Network Map/People/Jonathan Tisch.md,5,0,
org|symbionese liberation army,Symbionese Liberation Army,org,organization,,vault,5,0,2,linked by connectivity pass,Network Map/Organizations/Symbionese Liberation Army.md,4,0,
org|latest ne,Latest Ne,org,organization,,vault,6,0,2,linked by connectivity pass,Network Map/Organizations/Latest Ne.md,3,0,
person|william camden,William Camden,person,,,vault,4,0,2,linked by connectivity pass,Network Map/People/William Camden.md,3,0,
org|specialty foods acquisition,Specialty Foods Acquisition Corp,org,company,,vault,22,1,2,Other connected pairs/groups 10,Network Map/Organizations/Specialty Foods Acquisition Corp.md,3,0,
person|nelson rockefeller,Nelson Rockefeller,person,,Nelson Aldrich Rockefeller,vault,34,1,2,linked by connectivity pass,Network Map/People/Nelson Rockefeller.md,10,0,
person|suzanne heywood,Suzanne Heywood,person,,,vault,8,0,1,linked by connectivity pass,Network Map/People/Suzanne Heywood.md,3,0,
person|lynn rosenman garland,Lynn Rosenman Garland,person,,,vault,11,1,2,Other connected pairs/groups 46,Network Map/People/Lynn Rosenman Garland.md,1,0,
person|stephen breyer,Stephen Breyer,person,,,vault,22,0,2,linked by connectivity pass,Network Map/People/Stephen Breyer.md,3,0,
org|islam,Islam,org,organization,,vault,143,0,1,linked by connectivity pass,Network Map/Organizations/Islam.md,19,0,
person|donald sussman,Donald Sussman,person,,,vault,29,0,2,linked by connectivity pass,Network Map/People/Donald Sussman.md,3,0,
person|joshua bolten,Joshua Bolten,person,,,vault,22,1,1,White House,Network Map/People/Joshua Bolten.md,2,0,
org|evercore,Evercore,org,organization,Evercore Inc,vault,25,1,2,Lehman Brothers,Network Map/Organizations/Evercore.md,3,0,
org|vogue,Vogue,org,organization,,vault,28,0,2,linked by connectivity pass,Network Map/Organizations/Vogue.md,7,0,
org|division of financial stability,Division of Financial Stability,org,organization,,vault,9,0,2,linked by connectivity pass,Network Map/Organizations/Division of Financial Stability.md,1,0,originally-read entity
org|soros fund management,Soros Fund Management,org,company,,vault,21,0,2,linked by connectivity pass,Network Map/Organizations/Soros Fund Management.md,6,0,
org|bank of new york mellon,Bank of New York Mellon,org,company,Bank of New York Mellon Corporation,vault,31,0,1,linked by connectivity pass,Network Map/Organizations/Bank of New York Mellon.md,7,0,
person|vik bajaj,Vik Bajaj,person,,,vault,1,1,,Other connected pairs/groups 33,Network Map/People/Vik Bajaj.md,1,0,
person|jack parsons,Jack Parsons,person,,,both,48,1,1,Other connected pairs/groups 39,Network Map/People/Jack Parsons.md,6,2,
person|pete boden,Pete Boden,person,,,vault,12,0,2,linked by connectivity pass,Network Map/People/Pete Boden.md,3,0,
person|scott bessent,Scott Bessent,person,,,both,16,0,2,linked by connectivity pass,Network Map/People/Scott Bessent.md,3,1,
org|industrie,Industrie,org,organization,,vault,22,0,2,linked by connectivity pass,Network Map/Organizations/Industrie.md,3,0,
person|ernesto freund,Ernesto Freund,person,,,vault,1,1,,Other connected pairs/groups 31,Network Map/People/Ernesto Freund.md,1,0,
org|bp amoco,BP Amoco,org,organization,BP Amoco p.l.c,vault,13,1,2,ARCO,Network Map/Organizations/BP Amoco.md,3,0,
org|digital infrastructure,Digital Infrastructure,org,organization,,vault,7,1,2,Other connected pairs/groups 28,Network Map/Organizations/Digital Infrastructure.md,2,0,
org|jefferson college,Jefferson College,org,university/school,,vault,2,0,3,linked by connectivity pass,Network Map/Organizations/Jefferson College.md,4,0,
org|shell,Shell,org,organization,Shell plc,vault,96,5,2,Shell,Network Map/Organizations/Shell.md,11,0,
org|lexisnexis,LexisNexis,org,organization,,vault,6,0,2,linked by connectivity pass,Network Map/Organizations/LexisNexis.md,3,0,
person|edmond de rothschild,Edmond de Rothschild,person,,Edmond James de Rothschild,vault,12,0,1,linked by connectivity pass,Network Map/People/Edmond de Rothschild.md,4,0,
org|teen vogue,Teen Vogue,org,organization,,vault,9,0,2,linked by connectivity pass,Network Map/Organizations/Teen Vogue.md,3,0,
org|edper investments,Edper Investments,org,organization,,vault,35,2,2,Edper Investments,Network Map/Organizations/Edper Investments.md,1,0,
org|brazilian traction light and power company,"Brazilian Traction, Light and Power Company",org,company,Light and Power Company,vault,35,1,2,Edper Investments,"Network Map/Organizations/Brazilian Traction, Light and Power Company.md",1,0,
person|mickey drexler,Mickey Drexler,person,,,vault,3,2,,Other connected pairs/groups 9,Network Map/People/Mickey Drexler.md,1,0,
person|grace pelham,Grace Pelham,person,,,vault,4,1,3,Other connected pairs/groups 35,Network Map/People/Grace Pelham.md,1,0,
person|alvaro de luna,Alvaro de Luna,person,,,vault,3,1,,Other connected pairs/groups 13,Network Map/People/Alvaro de Luna.md,2,0,
person|marguerite fould,Marguerite Fould,person,,L Marguerite Fould,vault,15,1,,Other connected pairs/groups 29,Network Map/People/Marguerite Fould.md,2,0,
org|time s up legal defense fund,Time's Up Legal Defense Fund,org,organization,,vault,1,1,3,Other connected pairs/groups 37,Network Map/Organizations/Time's Up Legal Defense Fund.md,1,0,
org|erlanger and sohne,Erlanger & Söhne,org,organization,Erlanger & S6hne,vault,3,1,2,Other connected pairs/groups 31,Network Map/Organizations/Erlanger & Söhne.md,1,0,
person|vladimir dudkin,Vladimir Dudkin,person,,Bnaquaup Jlyakun,vault,3,1,3,Inkombank,Network Map/People/Vladimir Dudkin.md,1,0,
person|gerald rosenfeld,Gerald Rosenfeld,person,,,vault,15,1,2,Other connected pairs/groups 34,Network Map/People/Gerald Rosenfeld.md,2,0,
org|bp,BP,org,organization,British Petroleum. BP,vault,5,1,3,Other connected pairs/groups 17,Network Map/Organizations/BP.md,2,0,
person|david de rothschild,David de Rothschild,person,,,vault,5,1,2,Other connected pairs/groups 27,Network Map/People/David de Rothschild.md,2,0,
person|paul brach,Paul Brach,person,,,vault,9,1,2,Other connected pairs/groups 51,Network Map/People/Paul Brach.md,1,0,
org|gip,GIP,org,organization,,vault,1,1,3,Other connected pairs/groups 4,Network Map/Organizations/GIP.md,3,0,
org|mukhabarat,Mukhabarat,org,organization,,vault,1,1,3,Other connected pairs/groups 44,Network Map/Organizations/Mukhabarat.md,3,0,
org|mary jo haddad nursing chair in child health research,Mary Jo Haddad Nursing Chair in Child Health Research,org,organization,Mary Jo Haddad Nursing,vault,6,2,3,Mary Jo Haddad Nursing Chair in Child Health Research,Network Map/Organizations/Mary Jo Haddad Nursing Chair in Child Health Research.md,1,0,
org|infineon technologies,Infineon Technologies AG,org,organization,Infineon Technologies AG.Dr,vault,4,1,2,Apollo,Network Map/Organizations/Infineon Technologies AG.md,2,0,
org|clooney foundation for justice,Clooney Foundation for Justice,org,foundation,Clooney Foundation,vault,10,1,2,Other connected pairs/groups 23,Network Map/Organizations/Clooney Foundation for Justice.md,2,0,
org|national foundation for advancement in the arts,National Foundation for Advancement in the Arts,org,foundation,National Foundation for Advancement,vault,17,1,2,Other connected pairs/groups 49,Network Map/Organizations/National Foundation for Advancement in the Arts.md,4,0,
org|artisan entertainment,Artisan Entertainment,org,company,Wemee ce Artisan Entertainment,vault,11,1,2,Other connected pairs/groups 16,Network Map/Organizations/Artisan Entertainment.md,1,0,
org|sacramento county employees retirement system,Sacramento County Employees' Retirement System,org,organization,Sacramento County Employees,vault,8,1,2,Other connected pairs/groups 4,Network Map/Organizations/Sacramento County Employees' Retirement System.md,1,0,
org|city year chicago,City Year Chicago,org,organization,City Year Chicago Board,vault,5,1,2,Other connected pairs/groups 23,Network Map/Organizations/City Year Chicago.md,2,0,
person|anne bouverot,Anne Bouverot,person,,,vault,27,1,2,Other connected pairs/groups 15,Network Map/People/Anne Bouverot.md,1,0,
person|tony james,Tony James,person,,,vault,31,1,2,Blackstone,Network Map/People/Tony James.md,1,0,
person|bre pettis,Bre Pettis,person,,,vault,27,1,2,Other connected pairs/groups 20,Network Map/People/Bre Pettis.md,1,0,
person|peter sands,Peter Sands,person,,,vault,27,1,2,Other connected pairs/groups 51,Network Map/People/Peter Sands.md,1,0,
person|miroslav lajcak,Miroslav Lajcak,person,,,both,96,2,1,UN General Assembly,Network Map/People/Miroslav Lajcak.md,1,3,
person|charles munger,Charles Munger,person,,Mii Charles Munger,vault,7,1,2,Berkshire Hathaway,Network Map/People/Charles Munger.md,1,0,
person|uzi landau,Uzi Landau,person,,MK Uzi Landau,vault,6,1,3,Other connected pairs/groups 44,Network Map/People/Uzi Landau.md,1,0,
org|knesset foreign affairs and defense committee,Knesset Foreign Affairs and Defense Committee,org,NGO/nonprofit/think tank,Knesset Foreign Affairs,vault,6,1,3,Other connected pairs/groups 44,Network Map/Organizations/Knesset Foreign Affairs and Defense Committee.md,1,0,
org|metropolitan council,Metropolitan Council,org,NGO/nonprofit/think tank,Walz Announces Metropolitan Council,vault,2,1,3,Other connected pairs/groups 22,Network Map/Organizations/Metropolitan Council.md,1,0,
org|touche ross,Touche Ross,org,organization,,vault,22,1,2,Deloitte Haskins & Sells,Network Map/Organizations/Touche Ross.md,2,0,
org|kissinger mclarty,Kissinger McLarty,org,organization,,vault,15,1,2,Other connected pairs/groups 25,Network Map/Organizations/Kissinger McLarty.md,1,0,
person|ian wace,Ian Wace,person,,,vault,1,1,3,Other connected pairs/groups 38,Network Map/People/Ian Wace.md,1,0,
org|wilderness society,The Wilderness Society,org,society/club,Governing Council of The Wilderness Society,vault,9,1,2,Other connected pairs/groups 1,Network Map/Organizations/The Wilderness Society.md,2,0,
org|hg vora capital management,HG Vora Capital Management,org,company,HG Vora Capital Management Moderated,vault,15,1,2,Other connected pairs/groups 36,Network Map/Organizations/HG Vora Capital Management.md,1,0,
person|e patrick coady,E. Patrick Coady,person,,E. Patrick Omicron,vault,5,2,2,World Bank,Network Map/People/E. Patrick Coady.md,1,0,
person|tom j davis,Tom J. Davis,person,,Tom J. Davis Mu Deuteron,vault,2,2,,Other connected pairs/groups 10,Network Map/People/Tom J. Davis.md,1,0,
person|william b harrison jr,William B. Harrison Jr,person,,,vault,12,1,2,Other connected pairs/groups 48,Network Map/People/William B. Harrison Jr.md,2,0,
org|gmo,GMO,org,organization,,vault,1,1,2,Other connected pairs/groups 33,Network Map/Organizations/GMO.md,1,0,
person|david fitzpatrick,David Fitzpatrick,person,,David Fitzpatrick Scientific,vault,17,1,2,Other connected pairs/groups 26,Network Map/People/David Fitzpatrick.md,1,0,
org|max planck florida institute,Max Planck Florida Institute,org,NGO/nonprofit/think tank,Max Planck Florida Institute for,vault,17,1,2,Other connected pairs/groups 26,Network Map/Organizations/Max Planck Florida Institute.md,1,0,
person|jerry sabloff,Jerry Sabloff,person,,,vault,2,1,3,Santa Fe Institute,Network Map/People/Jerry Sabloff.md,1,0,
person|shep doeleman,Shep Doeleman,person,,,vault,2,1,2,Other connected pairs/groups 32,Network Map/People/Shep Doeleman.md,1,0,
org|event horizon telescope,Event Horizon Telescope,org,organization,Event Horizon Telescope Shep Doeleman,vault,3,2,1,Other connected pairs/groups 32,Network Map/Organizations/Event Horizon Telescope.md,1,0,
org|rao s specialty foods,Rao's Specialty Foods,org,organization,Rao,vault,1,1,4,Other connected pairs/groups 6,Network Map/Organizations/Rao's Specialty Foods.md,1,0,
org|uk prime minister s business advisory group,UK Prime Minister's Business Advisory Group,org,company,,vault,1,1,4,Lazard Freres,Network Map/Organizations/UK Prime Minister's Business Advisory Group.md,1,0,
person|edward hochstadter jr,Edward Hochstadter Jr,person,,,vault,1,1,,Other connected pairs/groups 29,Network Map/People/Edward Hochstadter Jr.md,1,0,
org|wematch live,wematch.live,org,organization,,vault,1,1,,Other connected pairs/groups 29,Network Map/Organizations/wematch.live.md,1,0,
org|office of the chief rabbi,Office of the Chief Rabbi,org,organization,,vault,1,1,3,Other connected pairs/groups 4,Network Map/Organizations/Office of the Chief Rabbi.md,1,0,
person|eliezer liepman philip prins,Eliezer Liepman Philip Prins,person,,Eliezer Liepman,vault,23,1,2,Other connected pairs/groups 30,Network Map/People/Eliezer Liepman Philip Prins.md,3,0,
org|aegis capital,Aegis Capital Corp,org,company,Investments Aegis Capital Corp,vault,8,1,2,Other connected pairs/groups 4,Network Map/Organizations/Aegis Capital Corp.md,1,0,
org|fellowship of international churches,Fellowship of International Churches,org,NGO/nonprofit/think tank,,vault,8,1,2,Other connected pairs/groups 32,Network Map/Organizations/Fellowship of International Churches.md,1,0,
org|mount kellett capital,Mount Kellett Capital,org,company,,vault,1,1,3,Other connected pairs/groups 3,Network Map/Organizations/Mount Kellett Capital.md,1,0,
org|benevis,Benevis,org,organization,"Benevis, Eagle Infrastructure",vault,7,1,2,New Mountain Capital,Network Map/Organizations/Benevis.md,1,0,
org|macquarie group,Macquarie Group,org,company,,vault,5,1,2,Other connected pairs/groups 5,Network Map/Organizations/Macquarie Group.md,1,0,
org|milken institute young leaders,Milken Institute Young Leaders,org,NGO/nonprofit/think tank,Milken Institute Young,vault,5,1,2,Other connected pairs/groups 5,Network Map/Organizations/Milken Institute Young Leaders.md,1,0,
org|merck kgaa,Merck KGaA,org,organization,,vault,4,1,2,Other connected pairs/groups 19,Network Map/Organizations/Merck KGaA.md,1,0,
org|redbird,RedBird,org,organization,,vault,1,1,3,Other connected pairs/groups 3,Network Map/Organizations/RedBird.md,1,0,
org|alan patricof associates,Alan Patricof Associates,org,company,Alan Patricof Associates Limited,vault,16,1,2,Other connected pairs/groups 4,Network Map/Organizations/Alan Patricof Associates.md,2,0,
person|janet napolitano,Janet Napolitano,person,,,vault,14,1,2,Department of Homeland Security,Network Map/People/Janet Napolitano.md,2,0,
org|department of homeland security,Department of Homeland Security,org,government body,HOMELAND SECURITY; Homeland Security,vault,202,2,1,Department of Homeland Security,Network Map/Organizations/Department of Homeland Security.md,13,0,
org|chamber of deputies of brazil,Chamber of Deputies of Brazil,org,organization,Federal Chamber of Deputies of,vault,8,1,2,Other connected pairs/groups 21,Network Map/Organizations/Chamber of Deputies of Brazil.md,1,0,
org|high level panel on the global response to health crises,High-level Panel on the Global Response to Health Crises,org,organization,,vault,1,1,3,Other connected pairs/groups 6,Network Map/Organizations/High-level Panel on the Global Response to Health Crises.md,1,0,
person|emily julia sheffield,Emily Julia Sheffield,person,,Emily Julia,vault,11,1,2,Other connected pairs/groups 30,Network Map/People/Emily Julia Sheffield.md,1,0,
org|socialist international,Socialist International,org,NGO/nonprofit/think tank,Socialist Intemational fel,vault,4,1,2,United Nations,Network Map/Organizations/Socialist International.md,2,0,
person|lucian grainge,Lucian Grainge,person,,Lucian Charles Grainge,vault,6,1,3,Other connected pairs/groups 46,Network Map/People/Lucian Grainge.md,2,0,
org|cravath swaine and moore,"Cravath, Swaine & Moore",org,organization,"Cravath, Swaine & Moore.!81",vault,11,1,2,Other connected pairs/groups 25,"Network Map/Organizations/Cravath, Swaine & Moore.md",1,0,
person|heather french henry,Heather French Henry,person,,Heather French,vault,4,1,2,Other connected pairs/groups 27,Network Map/People/Heather French Henry.md,1,0,
org|3g capital,3G Capital,org,company,G Capital,vault,21,2,2,3G Capital,Network Map/Organizations/3G Capital.md,1,0,
org|jeni s ice cream,Jeni's Ice Cream,org,organization,Jeni,vault,13,1,2,Other connected pairs/groups 40,Network Map/Organizations/Jeni's Ice Cream.md,1,0,
person|timothy ryan,Timothy Ryan,person,,,vault,13,1,2,Other connected pairs/groups 25,Network Map/People/Timothy Ryan.md,1,0,
org|ebay,eBay,org,organization,Germany & Central Europe - eBay,vault,1,1,,Other connected pairs/groups 40,Network Map/Organizations/eBay.md,1,0,
org|tiktok,TikTok,org,organization,,vault,1,1,3,Other connected pairs/groups 53,Network Map/Organizations/TikTok.md,1,0,
org|apapa,APAPA,org,organization,,vault,1,1,3,Other connected pairs/groups 10,Network Map/Organizations/APAPA.md,1,0,
org|dean witter discover and,"Dean Witter, Discover & Co",org,organization,Discover & Co,vault,5,1,2,Other connected pairs/groups 27,"Network Map/Organizations/Dean Witter, Discover & Co.md",1,0,
org|state of california,State of California,org,organization,Californial®&,vault,16,1,2,Other connected pairs/groups 34,Network Map/Organizations/State of California.md,1,0,
person|renaud laplanche,Renaud Laplanche,person,,,vault,20,1,2,Other connected pairs/groups 45,Network Map/People/Renaud Laplanche.md,1,0,
org|social innovation fund,Social Innovation Fund,org,organization,,vault,6,1,2,Other connected pairs/groups 9,Network Map/Organizations/Social Innovation Fund.md,2,0,
person|irfan alibhai,Irfan Alibhai,person,,,both,42,2,1,Other connected pairs/groups 21,Network Map/People/Irfan Alibhai.md,2,3,
org|fti consulting,FTI Consulting,org,organization,FTI Consulting Japan Office,vault,3,1,2,Other connected pairs/groups 12,Network Map/Organizations/FTI Consulting.md,1,0,
person|howard schultz,Howard Schultz,person,,,vault,15,1,2,Starbucks,Network Map/People/Howard Schultz.md,1,0,
org|natural resource governance institute,Natural Resource Governance Institute,org,NGO/nonprofit/think tank,Natural Resource Governance Institute Government of South Africa,vault,5,1,4,Other connected pairs/groups 50,Network Map/Organizations/Natural Resource Governance Institute.md,1,0,
org|world resources institute,World Resources Institute,org,NGO/nonprofit/think tank,,vault,11,1,2,Other connected pairs/groups 47,Network Map/Organizations/World Resources Institute.md,2,0,
person|mary montagu billings french,Mary Montagu Billings French,person,,,vault,1,1,3,Other connected pairs/groups 48,Network Map/People/Mary Montagu Billings French.md,2,0,
org|rtx,RTX,org,organization,RTX Board of Directors,vault,3,1,3,Other connected pairs/groups 52,Network Map/Organizations/RTX.md,1,0,
person|linda g mills,Linda G. Mills,person,,,vault,5,1,1,Other connected pairs/groups 46,Network Map/People/Linda G. Mills.md,1,0,
org|state of ohio,State of Ohio,org,organization,,vault,1,1,3,Other connected pairs/groups 42,Network Map/Organizations/State of Ohio.md,1,0,
person|marsha johnson evans,Marsha Johnson Evans,person,,Marsha Johnson Evans Military,vault,9,1,2,Other connected pairs/groups 14,Network Map/People/Marsha Johnson Evans.md,1,0,
org|new york state attorney general s office,New York State Attorney General's Office,org,organization,,vault,1,1,2,Other connected pairs/groups 45,Network Map/Organizations/New York State Attorney General's Office.md,1,0,
person|john bridgeland,John Bridgeland,person,,,vault,28,1,2,Domestic Policy Council,Network Map/People/John Bridgeland.md,1,0,
person|melody barnes,Melody Barnes,person,,,vault,28,1,2,Domestic Policy Council,Network Map/People/Melody Barnes.md,1,0,
org|environmental protection agency,Environmental Protection Agency,org,government body,,vault,6,1,2,Other connected pairs/groups 30,Network Map/Organizations/Environmental Protection Agency.md,2,0,
person|cecilia munoz,Cecilia Munoz,person,,,vault,3,1,3,Domestic Policy Council,Network Map/People/Cecilia Munoz.md,1,0,
org|nasa,NASA,org,organization,,vault,1,1,3,Other connected pairs/groups 26,Network Map/Organizations/NASA.md,1,0,
org|mspcc,MSPCC,org,organization,MSPCC Board,vault,10,1,2,Other connected pairs/groups 22,Network Map/Organizations/MSPCC.md,2,0,
org|serco,Serco,org,organization,Serco Roddie Fleming,vault,72,1,2,Bullingdon Club,Network Map/Organizations/Serco.md,1,0,
person|roddie fleming,Roddie Fleming,person,,,vault,1,1,3,Other connected pairs/groups 33,Network Map/People/Roddie Fleming.md,1,0,
org|turning point uk,Turning Point UK,org,organization,,vault,7,1,2,Bullingdon Club,Network Map/Organizations/Turning Point UK.md,2,0,
person|paula sabloff,Paula Sabloff,person,,Paula Sabloff External,vault,17,0,2,linked by connectivity pass,Network Map/People/Paula Sabloff.md,1,0,originally-read entity
person|peter coym,Peter Coym,person,,Peter Coym Business c. 1942,vault,17,0,2,linked by connectivity pass,Network Map/People/Peter Coym.md,1,0,originally-read entity
person|bruce r lakefield,Bruce R. Lakefield,person,,Bruce R. Lakefield Business c. 1944,vault,23,1,2,linked by connectivity pass,Network Map/People/Bruce R. Lakefield.md,1,0,originally-read entity
org|university of iowa,University of Iowa,org,university/school,University of lowa,vault,7,0,2,linked by connectivity pass,Network Map/Organizations/University of Iowa.md,3,0,
person|kerry welsh,Kerry Welsh,person,,,both,77,3,1,X posts only,Network Map/People/Kerry Welsh.md,2,15,
person|greg mccabe (x),Greg McCabe,person,,,x,1,0,,linked by connectivity pass,Network Map/People/Greg McCabe.md,0,1,
person|jim cramer (x),Jim Cramer,person,,,x,5,0,1,linked by connectivity pass,Network Map/People/Jim Cramer.md,0,5,
person|tom menino (x),Tom Menino,person,,,x,58,0,1,linked by connectivity pass,Network Map/People/Tom Menino.md,0,8,
person|mervyn king (x),Mervyn King,person,,,x,58,0,1,linked by connectivity pass,Network Map/People/Mervyn King.md,0,8,
person|joel klein (x),Joel Klein,person,,,x,58,0,1,linked by connectivity pass,Network Map/People/Joel Klein.md,0,8,
person|katie couric (x),Katie Couric,person,,,x,58,0,1,linked by connectivity pass,Network Map/People/Katie Couric.md,0,8,
person|david brooks (x),David Brooks,person,,,x,58,0,1,linked by connectivity pass,Network Map/People/David Brooks.md,0,8,
person|andrea mitchell (x),Andrea Mitchell,person,,,x,58,1,1,X posts only,Network Map/People/Andrea Mitchell.md,0,8,
person|richard dawkins (x),Richard Dawkins,person,,,x,58,2,1,X posts only,Network Map/People/Richard Dawkins.md,0,8,
person|peter gallison (x),Peter Gallison,person,,,x,58,2,1,X posts only,Network Map/People/Peter Gallison.md,0,8,
person|david coleman (x),David Coleman,person,,,x,58,2,1,X posts only,Network Map/People/David Coleman.md,0,8,
person|martha minow (x),Martha Minow,person,,,x,58,0,1,linked by connectivity pass,Network Map/People/Martha Minow.md,0,8,
person|sonia sotomayor (x),Sonia Sotomayor,person,,,x,58,0,1,linked by connectivity pass,Network Map/People/Sonia Sotomayor.md,0,8,
person|kurt giesa (x),Kurt Giesa,person,,,x,58,1,1,X posts only,Network Map/People/Kurt Giesa.md,0,8,
person|hakeem jeffries (x),Hakeem Jeffries,person,,,x,88,3,1,X posts only,Network Map/People/Hakeem Jeffries.md,0,17,
person|loretta lynch (x),Loretta Lynch,person,,,x,58,0,1,linked by connectivity pass,Network Map/People/Loretta Lynch.md,0,8,
person|christopher painter (x),Christopher Painter,person,,,x,58,1,1,X posts only,Network Map/People/Christopher Painter.md,0,8,
person|wang qun (x),Wang Qun,person,,,x,58,0,1,linked by connectivity pass,Network Map/People/Wang Qun.md,0,8,
person|zhang yesui (x),Zhang Yesui,person,,,x,58,1,1,X posts only,Network Map/People/Zhang Yesui.md,0,8,
person|jeh johnson (x),Jeh Johnson,person,,,x,58,0,1,linked by connectivity pass,Network Map/People/Jeh Johnson.md,0,8,
person|guo shengkun (x),Guo Shengkun,person,,,x,58,0,1,linked by connectivity pass,Network Map/People/Guo Shengkun.md,0,8,
person|elie de rothschild (x),Élie de Rothschild,person,,,x,173,2,1,X posts only,Network Map/People/Élie de Rothschild.md,0,13,
person|frederic fekkai (x),Frederic Fekkai,person,,,x,131,2,1,X posts only,Network Map/People/Frederic Fekkai.md,0,19,
person|lisa skrzycki (x),Lisa Skrzycki,person,,,x,16,0,1,linked by connectivity pass,Network Map/People/Lisa Skrzycki.md,0,2,
person|lisa cook (x),Lisa Cook,person,,,x,16,1,1,X posts only,Network Map/People/Lisa Cook.md,0,13,
person|patrick henry (x),Patrick Henry,person,,,x,0,0,,(isolated),Network Map/People/Patrick Henry.md,0,1,
person|clive davis (x),Clive Davis,person,,,x,6,0,1,linked by connectivity pass,Network Map/People/Clive Davis.md,0,1,
person|diddy (x),P. Diddy,person,,,x,95,2,1,X posts only,Network Map/People/P. Diddy.md,0,15,
person|michael patcher (x),Michael Patcher,person,,,x,6,0,1,linked by connectivity pass,Network Map/People/Michael Patcher.md,0,2,
person|alki david (x),Alki David,person,,,x,6,1,1,X posts only,Network Map/People/Alki David.md,0,2,
person|larry cheng (x),Larry Cheng,person,,,x,4,0,2,linked by connectivity pass,Network Map/People/Larry Cheng.md,0,4,
person|britney spears (x),Britney Spears,person,,,x,1,1,2,X posts only,Network Map/People/Britney Spears.md,0,2,
person|gary gensler (x),Gary Gensler,person,,,x,74,4,1,X posts only,Network Map/People/Gary Gensler.md,0,10,
person|nadia marcinko (x),Nadia Marcinko,person,,,x,94,1,1,X posts only,Network Map/People/Nadia Marcinko.md,0,12,
person|fabrice aidan (x),Fabrice Aidan,person,,,x,115,0,1,linked by connectivity pass,Network Map/People/Fabrice Aidan.md,0,10,
person|joanna rubinstein (x),Joanna Rubinstein,person,,,x,115,1,1,X posts only,Network Map/People/Joanna Rubinstein.md,0,10,
person|thorbj rn jagland (x),Thorbjørn Jagland,person,,,x,33,1,1,X posts only,Network Map/People/Thorbjørn Jagland.md,0,7,
person|vitaly churkin (x),Vitaly Churkin,person,,,x,115,2,1,X posts only,Network Map/People/Vitaly Churkin.md,0,10,
person|george mitchell (x),George J. Mitchell,person,,,x,115,0,1,linked by connectivity pass,Network Map/People/George J. Mitchell.md,0,10,
person|ron perelman (x),Ron Perelman,person,,,x,33,0,1,linked by connectivity pass,Network Map/People/Ron Perelman.md,0,7,
person|queen elizabeth (x),Queen Elizabeth,person,,,x,21,1,1,X posts only,Network Map/People/Queen Elizabeth.md,0,3,
person|stanley druckenmiller (x),Stanley F. Druckenmiller,person,,,x,31,2,1,X posts only,Network Map/People/Stanley F. Druckenmiller.md,0,2,
person|barry sternlicht (x),Barry S. Sternlicht,person,,Barry Sternlicht,x,31,1,1,X posts only,Network Map/People/Barry S. Sternlicht.md,0,2,
person|michael reiter (x),Michael Reiter,person,,,x,31,0,1,linked by connectivity pass,Network Map/People/Michael Reiter.md,0,2,
person|tucker carlson (x),Tucker Carlson,person,,,x,142,3,1,X posts only,Network Map/People/Tucker Carlson.md,0,4,
person|lindsay clancy (x),Lindsay Clancy,person,,,x,11,0,1,linked by connectivity pass,Network Map/People/Lindsay Clancy.md,0,6,
person|john rogers (x),John Rogers,person,,,x,23,1,1,X posts only,Network Map/People/John Rogers.md,0,4,
person|haoxiang zhu (x),Haoxiang Zhu,person,,,x,23,1,1,X posts only,Network Map/People/Haoxiang Zhu.md,0,4,
person|karyna shuliak (x),Karyna Shuliak,person,,,x,76,1,1,X posts only,Network Map/People/Karyna Shuliak.md,0,7,
person|peter brown (x),Peter Brown,person,,,x,26,2,1,X posts only,Network Map/People/Peter Brown.md,0,4,
person|andrew gordon (x),Andrew Gordon,person,,,x,23,0,1,linked by connectivity pass,Network Map/People/Andrew Gordon.md,0,4,
person|alan gould (x),Alan Gould,person,,,x,23,1,1,X posts only,Network Map/People/Alan Gould.md,0,4,
person|curtis anderson (x),Curtis Anderson,person,,,x,16,1,1,X posts only,Network Map/People/Curtis Anderson.md,0,2,
person|tom reeg (x),Tom Reeg,person,,,x,15,0,1,linked by connectivity pass,Network Map/People/Tom Reeg.md,0,2,
person|keith raniere (x),Keith Raniere,person,,,x,15,0,1,linked by connectivity pass,Network Map/People/Keith Raniere.md,0,2,
person|susan wojcicki (x),Susan Wojcicki,person,,,x,11,1,1,X posts only,Network Map/People/Susan Wojcicki.md,0,1,
person|jon leibowitz (x),Jon Leibowitz,person,,,x,2,1,2,X posts only,Network Map/People/Jon Leibowitz.md,0,3,
person|roger enrico (x),Roger Enrico,person,,,x,3,1,1,X posts only,Network Map/People/Roger Enrico.md,0,3,
person|jose andres (x),Jose Andres,person,,,x,38,1,1,X posts only,Network Map/People/Jose Andres.md,0,7,
person|kevin spacey (x),Kevin Spacey,person,,,x,17,0,1,linked by connectivity pass,Network Map/People/Kevin Spacey.md,0,2,
person|cathy smith (x),Cathy R. Smith,person,,,x,16,0,1,linked by connectivity pass,Network Map/People/Cathy R. Smith.md,0,2,
person|jake freeman (x),Jake Freeman,person,,,x,16,0,1,linked by connectivity pass,Network Map/People/Jake Freeman.md,0,2,
person|larry silverstein (x),Larry Silverstein,person,,,x,28,1,1,X posts only,Network Map/People/Larry Silverstein.md,0,2,
person|sam weill (x),Sam Weill,person,,,x,28,1,1,X posts only,Network Map/People/Sam Weill.md,0,2,
person|kathryn wylde (x),Kathryn Wylde,person,,,x,28,0,1,linked by connectivity pass,Network Map/People/Kathryn Wylde.md,0,2,
person|brad hoylman sigal (x),Brad Hoylman-Sigal,person,,,x,28,0,1,linked by connectivity pass,Network Map/People/Brad Hoylman-Sigal.md,0,2,
person|karl kani (x),Karl Kani,person,,,x,139,3,1,X posts only,Network Map/People/Karl Kani.md,0,8,
person|paul warburg (x),Paul Warburg,person,,,x,16,0,1,linked by connectivity pass,Network Map/People/Paul Warburg.md,0,1,
person|richard dominguez (x),Richard Dominguez,person,,,x,16,0,1,linked by connectivity pass,Network Map/People/Richard Dominguez.md,0,1,
person|james comey (x),James Comey,person,,,x,68,0,1,linked by connectivity pass,Network Map/People/James Comey.md,0,5,
person|catherine fitts (x),Catherine Fitts,person,,,x,9,0,1,linked by connectivity pass,Network Map/People/Catherine Fitts.md,0,2,
person|kevin burris (x),Kevin Burris,person,,,x,13,0,1,linked by connectivity pass,Network Map/People/Kevin Burris.md,0,2,
person|charles rangel (x),Charles Rangel,person,,,x,13,0,1,linked by connectivity pass,Network Map/People/Charles Rangel.md,0,2,
person|vitaly klintosov (x),Vitaly Klintosov,person,,,x,0,0,,(isolated),Network Map/People/Vitaly Klintosov.md,0,1,
person|philipp freise (x),Philipp Freise,person,,,x,3,1,1,X posts only,Network Map/People/Philipp Freise.md,0,2,
person|mario puzo (x),Mario Puzo,person,,,x,23,0,1,linked by connectivity pass,Network Map/People/Mario Puzo.md,0,1,
person|jay (x),Jay-Z,person,,,x,27,0,1,linked by connectivity pass,Network Map/People/Jay-Z.md,0,4,
person|tony dong (x),Tony Dong,person,,,x,9,0,1,linked by connectivity pass,Network Map/People/Tony Dong.md,0,6,
person|peter soros (x),Peter Soros,person,,,x,21,1,1,X posts only,Network Map/People/Peter Soros.md,0,2,
person|harry reid (x),Harry Reid,person,,,x,21,1,1,X posts only,Network Map/People/Harry Reid.md,0,2,
person|tang shaoyi (x),Tang Shaoyi,person,,,x,9,0,1,linked by connectivity pass,Network Map/People/Tang Shaoyi.md,0,2,
person|tyler robinson (x),Tyler Robinson,person,,,x,0,0,,(isolated),Network Map/People/Tyler Robinson.md,0,1,
person|joi ito (x),Joi Ito,person,,,x,122,0,1,linked by connectivity pass,Network Map/People/Joi Ito.md,0,2,
person|danny hillis (x),Danny Hillis,person,,,x,122,0,1,linked by connectivity pass,Network Map/People/Danny Hillis.md,0,2,
person|steven pinker (x),Steven Pinker,person,,,x,122,0,1,linked by connectivity pass,Network Map/People/Steven Pinker.md,0,2,
person|martin nowak (x),Martin Nowak,person,,,x,122,0,1,linked by connectivity pass,Network Map/People/Martin Nowak.md,0,2,
person|matt ridley (x),Matt Ridley,person,,,x,122,0,1,linked by connectivity pass,Network Map/People/Matt Ridley.md,0,2,
person|malcolm gladwell (x),Malcolm Gladwell,person,,,x,122,0,1,linked by connectivity pass,Network Map/People/Malcolm Gladwell.md,0,2,
person|david agus (x),David Agus,person,,,x,122,0,1,linked by connectivity pass,Network Map/People/David Agus.md,0,2,
person|charlie rose (x),Charlie Rose,person,,,x,122,0,1,linked by connectivity pass,Network Map/People/Charlie Rose.md,0,2,
person|oliver sacks (x),Oliver Sacks,person,,,x,122,0,1,linked by connectivity pass,Network Map/People/Oliver Sacks.md,0,2,
person|richard axel (x),Richard Axel,person,,,x,122,0,1,linked by connectivity pass,Network Map/People/Richard Axel.md,0,2,
person|peter attia (x),Peter Attia,person,,,x,122,0,1,linked by connectivity pass,Network Map/People/Peter Attia.md,0,2,
person|dan ariely (x),Dan Ariely,person,,,x,122,0,1,linked by connectivity pass,Network Map/People/Dan Ariely.md,0,2,
person|helen fisher (x),Helen Fisher,person,,,x,122,0,1,linked by connectivity pass,Network Map/People/Helen Fisher.md,0,2,
person|antonio damasio (x),Antonio Damasio,person,,,x,122,0,1,linked by connectivity pass,Network Map/People/Antonio Damasio.md,0,2,
person|joscha bach (x),Joscha Bach,person,,,x,122,0,1,linked by connectivity pass,Network Map/People/Joscha Bach.md,0,2,
person|stephen hawking (x),Stephen Hawking,person,,,x,122,0,1,linked by connectivity pass,Network Map/People/Stephen Hawking.md,0,2,
person|nicholas negroponte (x),Nicholas Negroponte,person,,,x,122,0,1,linked by connectivity pass,Network Map/People/Nicholas Negroponte.md,0,2,
person|noam chomsky (x),Noam Chomsky,person,,,x,201,0,1,linked by connectivity pass,Network Map/People/Noam Chomsky.md,0,5,
person|niall ferguson (x),Niall Ferguson,person,,,x,122,0,1,linked by connectivity pass,Network Map/People/Niall Ferguson.md,0,2,
person|ramachandran (x),V.S. Ramachandran,person,,,x,122,0,1,linked by connectivity pass,Network Map/People/V.S. Ramachandran.md,0,2,
person|dean ornish (x),Dean Ornish,person,,,x,122,0,1,linked by connectivity pass,Network Map/People/Dean Ornish.md,0,2,
person|elizabeth gilbert (x),Elizabeth Gilbert,person,,,x,122,0,1,linked by connectivity pass,Network Map/People/Elizabeth Gilbert.md,0,2,
person|shekhar kapur (x),Shekhar Kapur,person,,,x,122,0,1,linked by connectivity pass,Network Map/People/Shekhar Kapur.md,0,2,
person|thomas friedman (x),Thomas Friedman,person,,,x,122,0,1,linked by connectivity pass,Network Map/People/Thomas Friedman.md,0,2,
person|ben goertzel (x),Ben Goertzel,person,,,x,122,0,1,linked by connectivity pass,Network Map/People/Ben Goertzel.md,0,2,
person|george church (x),George Church,person,,,x,122,0,1,linked by connectivity pass,Network Map/People/George Church.md,0,2,
person|stephen kosslyn (x),Stephen Kosslyn,person,,,x,122,0,1,linked by connectivity pass,Network Map/People/Stephen Kosslyn.md,0,2,
person|murray gell mann (x),Murray Gell-Mann,person,,,x,122,0,1,linked by connectivity pass,Network Map/People/Murray Gell-Mann.md,0,2,
person|david copperfield (x),David Copperfield,person,,,x,122,0,1,linked by connectivity pass,Network Map/People/David Copperfield.md,0,2,
person|ray kurzweil (x),Ray Kurzweil,person,,,x,122,0,1,linked by connectivity pass,Network Map/People/Ray Kurzweil.md,0,2,
person|craig venter (x),Craig Venter,person,,,x,122,0,1,linked by connectivity pass,Network Map/People/Craig Venter.md,0,2,
person|elizabeth loftus (x),Elizabeth Loftus,person,,,x,122,0,1,linked by connectivity pass,Network Map/People/Elizabeth Loftus.md,0,2,
person|elizabeth devine (x),Elizabeth Devine,person,,,x,122,0,1,linked by connectivity pass,Network Map/People/Elizabeth Devine.md,0,2,
person|marvin minsky (x),Marvin Minsky,person,,,x,122,0,1,linked by connectivity pass,Network Map/People/Marvin Minsky.md,0,2,
person|aubrey de grey (x),Aubrey de Grey,person,,,x,122,0,1,linked by connectivity pass,Network Map/People/Aubrey de Grey.md,0,2,
person|seth berkley (x),Seth Berkley,person,,,x,122,0,1,linked by connectivity pass,Network Map/People/Seth Berkley.md,0,2,
person|paul romer (x),Paul Romer,person,,,x,122,0,1,linked by connectivity pass,Network Map/People/Paul Romer.md,0,2,
person|tom foley (x),Tom Foley,person,,,x,122,0,1,linked by connectivity pass,Network Map/People/Tom Foley.md,0,2,
person|edward house (x),Edward M. House,person,,,x,122,0,1,linked by connectivity pass,Network Map/People/Edward M. House.md,0,2,
person|megyn kelly (x),Megyn Kelly,person,,,x,144,2,1,X posts only,Network Map/People/Megyn Kelly.md,0,6,
person|ariane de rothschild (x),Ariane de Rothschild,person,,,x,129,2,1,X posts only,Network Map/People/Ariane de Rothschild.md,0,3,
person|benjamin rothschild (x),Benjamin Rothschild,person,,,x,142,2,1,X posts only,Network Map/People/Benjamin Rothschild.md,0,4,
person|frank kelley (x),Frank Kelley,person,,,x,132,0,1,linked by connectivity pass,Network Map/People/Frank Kelley.md,0,5,
person|huey newton (x),Huey P. Newton,person,,,x,122,1,1,X posts only,Network Map/People/Huey P. Newton.md,0,2,
person|rainn wilson (x),Rainn Wilson,person,,,x,122,0,1,linked by connectivity pass,Network Map/People/Rainn Wilson.md,0,2,
person|rosie donnell (x),Rosie O'Donnell,person,,,x,122,0,1,linked by connectivity pass,Network Map/People/Rosie O'Donnell.md,0,2,
person|lewis black (x),Lewis Black,person,,,x,122,0,1,linked by connectivity pass,Network Map/People/Lewis Black.md,0,2,
person|justin baldoni (x),Justin Baldoni,person,,,x,122,1,1,X posts only,Network Map/People/Justin Baldoni.md,0,2,
person|peter deutsch (x),Peter Deutsch,person,,,x,122,2,1,X posts only,Network Map/People/Peter Deutsch.md,0,2,
person|michael golub (x),Michael Golub,person,,,x,122,2,1,X posts only,Network Map/People/Michael Golub.md,0,2,
person|lindsey graham (x),Lindsey Graham,person,,,x,1,0,3,linked by connectivity pass,Network Map/People/Lindsey Graham.md,0,4,
person|rachel chandler (x),Rachel Chandler,person,,,x,36,0,1,linked by connectivity pass,Network Map/People/Rachel Chandler.md,0,1,
person|derek blasberg (x),Derek Blasberg,person,,,x,36,0,1,linked by connectivity pass,Network Map/People/Derek Blasberg.md,0,1,
person|tom guinness (x),Tom Guinness,person,,,x,36,0,1,linked by connectivity pass,Network Map/People/Tom Guinness.md,0,1,
person|laura mulleavy (x),Laura Mulleavy,person,,,x,36,0,1,linked by connectivity pass,Network Map/People/Laura Mulleavy.md,0,1,
person|patricia highsmith (x),Patricia Highsmith,person,,,x,36,0,1,linked by connectivity pass,Network Map/People/Patricia Highsmith.md,0,1,
person|jean pigozzi (x),Jean Pigozzi,person,,,x,36,0,1,linked by connectivity pass,Network Map/People/Jean Pigozzi.md,0,1,
person|eileen guggenheim (x),Eileen Guggenheim,person,,,x,36,0,1,linked by connectivity pass,Network Map/People/Eileen Guggenheim.md,0,1,
person|amy sacco (x),Amy Sacco,person,,,x,36,0,1,linked by connectivity pass,Network Map/People/Amy Sacco.md,0,1,
person|vito schnabel (x),Vito Schnabel,person,,,x,36,0,1,linked by connectivity pass,Network Map/People/Vito Schnabel.md,0,1,
person|andre balazs (x),Andre Balazs,person,,,x,36,0,1,linked by connectivity pass,Network Map/People/Andre Balazs.md,0,1,
person|dasha zhukova (x),Dasha Zhukova,person,,,x,36,0,1,linked by connectivity pass,Network Map/People/Dasha Zhukova.md,0,1,
person|yvonne force villareal (x),Yvonne Force Villareal,person,,,x,36,0,1,linked by connectivity pass,Network Map/People/Yvonne Force Villareal.md,0,1,
person|jeffrey deitch (x),Jeffrey Deitch,person,,,x,36,0,1,linked by connectivity pass,Network Map/People/Jeffrey Deitch.md,0,1,
person|carlos mota (x),Carlos Mota,person,,,x,36,1,1,X posts only,Network Map/People/Carlos Mota.md,0,1,
person|peter brant (x),Peter Brant,person,,,x,36,2,1,X posts only,Network Map/People/Peter Brant.md,0,1,
person|hannah bronfman (x),Hannah Bronfman,person,,,x,36,2,1,X posts only,Network Map/People/Hannah Bronfman.md,0,1,
person|ann dexter jones (x),Ann Dexter-Jones,person,,,x,36,2,1,X posts only,Network Map/People/Ann Dexter-Jones.md,0,1,
person|waris ahluwalia (x),Waris Ahluwalia,person,,,x,36,1,1,X posts only,Network Map/People/Waris Ahluwalia.md,0,1,
person|leigh lezark (x),Leigh Lezark,person,,,x,36,0,1,linked by connectivity pass,Network Map/People/Leigh Lezark.md,0,1,
person|jeff koons (x),Jeff Koons,person,,,x,36,0,1,linked by connectivity pass,Network Map/People/Jeff Koons.md,0,1,
person|william norwich (x),William Norwich,person,,,x,36,0,1,linked by connectivity pass,Network Map/People/William Norwich.md,0,1,
person|hamish bowles (x),Hamish Bowles,person,,,x,36,0,1,linked by connectivity pass,Network Map/People/Hamish Bowles.md,0,1,
person|tamara mellon (x),Tamara Mellon,person,,,x,36,0,1,linked by connectivity pass,Network Map/People/Tamara Mellon.md,0,1,
person|klaus biesenbach (x),Klaus Biesenbach,person,,,x,36,0,1,linked by connectivity pass,Network Map/People/Klaus Biesenbach.md,0,1,
person|josh lucas (x),Josh Lucas,person,,,x,36,0,1,linked by connectivity pass,Network Map/People/Josh Lucas.md,0,3,
person|naomi campbell (x),Naomi Campbell,person,,,x,36,0,1,linked by connectivity pass,Network Map/People/Naomi Campbell.md,0,1,
person|wendi murdoch (x),Wendi Murdoch,person,,,x,36,0,1,linked by connectivity pass,Network Map/People/Wendi Murdoch.md,0,1,
person|jay clayton (x),Jay Clayton,person,,,x,2,0,2,linked by connectivity pass,Network Map/People/Jay Clayton.md,0,1,
person|mike metzger (x),Mike Metzger,person,,,x,0,0,,(isolated),Network Map/People/Mike Metzger.md,0,1,
person|kash patel (x),Kash Patel,person,,,x,77,0,1,linked by connectivity pass,Network Map/People/Kash Patel.md,0,5,
person|sean mccluskie (x),Sean McCluskie,person,,,x,7,1,1,X posts only,Network Map/People/Sean McCluskie.md,0,2,
person|stephen colbert (x),Stephen Colbert,person,,,x,5,1,1,X posts only,Network Map/People/Stephen Colbert.md,0,2,
person|alan pollack (x),Alan Pollack,person,,,x,0,0,,(isolated),Network Map/People/Alan Pollack.md,0,1,
person|scott adams (x),Scott Adams,person,,,x,0,0,,(isolated),Network Map/People/Scott Adams.md,0,1,
person|howard meyerson (x),Howard Meyerson,person,,,x,83,1,1,X posts only,Network Map/People/Howard Meyerson.md,0,6,
person|sai rao (x),Sai Rao,person,,,x,83,1,1,X posts only,Network Map/People/Sai Rao.md,0,7,
person|arthur samberg (x),Arthur Samberg,person,,,x,24,0,1,linked by connectivity pass,Network Map/People/Arthur Samberg.md,0,2,
person|brenda murray (x),Brenda Murray,person,,,x,24,0,1,linked by connectivity pass,Network Map/People/Brenda Murray.md,0,2,
person|david saltiel (x),David Saltiel,person,,,x,67,2,1,X posts only,Network Map/People/David Saltiel.md,0,4,
person|erik gerding (x),Erik Gerding,person,,,x,67,0,1,linked by connectivity pass,Network Map/People/Erik Gerding.md,0,4,
person|krongard (x),A. B. Krongard,person,,,x,24,0,1,linked by connectivity pass,Network Map/People/A. B. Krongard.md,0,2,
person|andrew left (x),Andrew Left,person,,,x,4,0,2,linked by connectivity pass,Network Map/People/Andrew Left.md,0,1,
person|ian michael black (x),Ian Michael Black,person,,,x,39,0,1,linked by connectivity pass,Network Map/People/Ian Michael Black.md,0,3,
person|chrissy teigen (x),Chrissy Teigen,person,,,x,39,0,1,linked by connectivity pass,Network Map/People/Chrissy Teigen.md,0,3,
person|michele jolin (x),Michele Jolin,person,,,x,39,2,1,X posts only,Network Map/People/Michele Jolin.md,0,3,
person|andrew hauptman (x),Andrew Hauptman,person,,,x,39,1,1,X posts only,Network Map/People/Andrew Hauptman.md,0,3,
person|usman iftikhar (x),Usman Iftikhar,person,,,x,39,0,1,linked by connectivity pass,Network Map/People/Usman Iftikhar.md,0,3,
person|jacklyn bezos (x),Jacklyn Bezos,person,,,x,22,1,1,X posts only,Network Map/People/Jacklyn Bezos.md,0,3,
person|harriet edelman (x),Harriet Edelman,person,,,x,25,1,1,X posts only,Network Map/People/Harriet Edelman.md,0,5,
person|victoria spartz (x),Victoria Spartz,person,,,x,59,2,1,X posts only,Network Map/People/Victoria Spartz.md,0,13,
person|johann rupert (x),Johann Rupert,person,,,x,67,2,1,X posts only,Network Map/People/Johann Rupert.md,0,8,
person|lukasz filinski (x),Lukasz Filinski,person,,,x,1,0,2,linked by connectivity pass,Network Map/People/Lukasz Filinski.md,0,1,
person|james houblon (x),James Houblon,person,,,x,13,0,1,linked by connectivity pass,Network Map/People/James Houblon.md,0,2,
person|john houblon (x),John Houblon,person,,,x,13,0,1,linked by connectivity pass,Network Map/People/John Houblon.md,0,2,
person|william of orange (x),William of Orange,person,,,x,13,2,1,X posts only,Network Map/People/William of Orange.md,0,2,
person|francisco lopes suasso (x),Francisco Lopes Suasso,person,,,x,13,1,1,X posts only,Network Map/People/Francisco Lopes Suasso.md,0,2,
person|solomon de medina (x),Solomon de Medina,person,,,x,13,1,1,X posts only,Network Map/People/Solomon de Medina.md,0,2,
person|ghulam husain ali khan (x),Ghulam Husain Ali Khan,person,,,x,13,0,1,linked by connectivity pass,Network Map/People/Ghulam Husain Ali Khan.md,0,2,
person|brock pierce (x),Brock Pierce,person,,,x,13,0,1,linked by connectivity pass,Network Map/People/Brock Pierce.md,0,2,
person|dion fortune (x),Dion Fortune,person,,,x,13,1,1,X posts only,Network Map/People/Dion Fortune.md,0,2,
person|ramez jamali (x),Ramez Jamali,person,,,x,0,0,,(isolated),Network Map/People/Ramez Jamali.md,0,1,
person|ian miles cheong (x),Ian Miles Cheong,person,,,x,26,0,1,linked by connectivity pass,Network Map/People/Ian Miles Cheong.md,0,4,
person|robie marcus hooker palmer (x),Robie Marcus Hooker Palmer,person,,,x,24,1,1,X posts only,Network Map/People/Robie Marcus Hooker Palmer.md,0,7,
person|miriam adelson (x),Miriam Adelson,person,,,x,24,0,1,linked by connectivity pass,Network Map/People/Miriam Adelson.md,0,2,
person|melissa cohen biden (x),Melissa Cohen Biden,person,,,x,9,1,1,X posts only,Network Map/People/Melissa Cohen Biden.md,0,2,
person|juliette bryant (x),Juliette Bryant,person,,,x,9,0,1,linked by connectivity pass,Network Map/People/Juliette Bryant.md,0,2,
person|cynthia west (x),Cynthia West,person,,CYNTHIA WEST,x,80,1,1,X posts only,Network Map/People/Cynthia West.md,0,9,
person|sam mahrouq (x),Sam Mahrouq,person,,,x,29,0,1,linked by connectivity pass,Network Map/People/Sam Mahrouq.md,0,5,
person|cenk uygur (x),Cenk Uygur,person,,,x,0,0,,(isolated),Network Map/People/Cenk Uygur.md,0,2,
person|jamaal bowman (x),Jamaal Bowman,person,,,x,4,1,2,X posts only,Network Map/People/Jamaal Bowman.md,0,1,
person|caroline ellison (x),Caroline Ellison,person,,,x,7,0,1,linked by connectivity pass,Network Map/People/Caroline Ellison.md,0,3,
person|osama bin laden (x),Osama bin Laden,person,,,x,5,0,1,linked by connectivity pass,Network Map/People/Osama bin Laden.md,0,2,
person|salman bhojani (x),Salman Bhojani,person,,,x,18,0,1,linked by connectivity pass,Network Map/People/Salman Bhojani.md,0,2,
person|omar suleiman (x),Omar Suleiman,person,,,x,18,0,1,linked by connectivity pass,Network Map/People/Omar Suleiman.md,0,2,
person|little richard (x),Little Richard,person,,,x,16,1,1,X posts only,Network Map/People/Little Richard.md,0,1,
person|eileen wang (x),Eileen Wang,person,,,x,72,0,1,linked by connectivity pass,Network Map/People/Eileen Wang.md,0,4,
person|henry every (x),Henry Every,person,,,x,27,0,1,linked by connectivity pass,Network Map/People/Henry Every.md,0,1,
person|christian sabella (x),Christian Sabella,person,,,x,52,0,1,linked by connectivity pass,Network Map/People/Christian Sabella.md,0,2,
person|daniel heimowitz (x),Daniel Heimowitz,person,,,x,52,2,1,X posts only,Network Map/People/Daniel Heimowitz.md,0,2,
person|jack lew (x),Jack Lew,person,,,x,52,2,1,X posts only,Network Map/People/Jack Lew.md,0,2,
person|ovi montemayor (x),Ovi Montemayor,person,,,x,52,1,1,X posts only,Network Map/People/Ovi Montemayor.md,0,2,
person|donald barr (x),Donald Barr,person,,,x,52,1,1,X posts only,Network Map/People/Donald Barr.md,0,2,
person|amy tong (x),Amy Tong,person,,,x,2,0,2,linked by connectivity pass,Network Map/People/Amy Tong.md,0,1,
person|ruhollah khomeini (x),Ruhollah Khomeini,person,,,x,94,0,1,linked by connectivity pass,Network Map/People/Ruhollah Khomeini.md,0,3,
person|mona juul (x),Mona Juul,person,,,x,94,0,1,linked by connectivity pass,Network Map/People/Mona Juul.md,0,3,
person|virginia giuffre (x),Virginia Giuffre,person,,,x,94,0,1,linked by connectivity pass,Network Map/People/Virginia Giuffre.md,0,3,
person|nicole junkermann (x),Nicole Junkermann,person,,,x,94,1,1,X posts only,Network Map/People/Nicole Junkermann.md,0,3,
person|saleha mahmood abedin (x),Saleha Mahmood Abedin,person,,,x,94,3,1,X posts only,Network Map/People/Saleha Mahmood Abedin.md,0,3,
person|syed zainul abedin (x),Syed Zainul Abedin,person,,,x,94,1,1,X posts only,Network Map/People/Syed Zainul Abedin.md,0,3,
person|abdullah omar naseef (x),Abdullah Omar Naseef,person,,,x,94,0,1,linked by connectivity pass,Network Map/People/Abdullah Omar Naseef.md,0,3,
person|inamullah khan (x),Inamullah Khan,person,,,x,94,0,1,linked by connectivity pass,Network Map/People/Inamullah Khan.md,0,3,
person|mohammad amin al husayni (x),Mohammad Amin al-Husayni,person,,,x,98,1,1,X posts only,Network Map/People/Mohammad Amin al-Husayni.md,0,3,
person|muhammad abduh (x),Muhammad Abduh,person,,,x,94,0,1,linked by connectivity pass,Network Map/People/Muhammad Abduh.md,0,3,
person|din al afghani (x),Din al-Afghani,person,,,x,94,0,1,linked by connectivity pass,Network Map/People/Din al-Afghani.md,0,3,
person|nathan mayer rothschild (x),Nathan Mayer Rothschild,person,,,x,95,1,1,X posts only,Network Map/People/Nathan Mayer Rothschild.md,0,3,
person|james mayer de rothschild (x),James Mayer de Rothschild,person,,,x,94,0,1,linked by connectivity pass,Network Map/People/James Mayer de Rothschild.md,0,3,
person|ferdinand de rothschild (x),Ferdinand de Rothschild,person,,,x,94,0,1,linked by connectivity pass,Network Map/People/Ferdinand de Rothschild.md,0,3,
person|albert pike (x),Albert Pike,person,,,x,94,0,1,linked by connectivity pass,Network Map/People/Albert Pike.md,0,3,
person|fidel castro (x),Fidel Castro,person,,,x,94,0,1,linked by connectivity pass,Network Map/People/Fidel Castro.md,0,3,
person|joel cano (x),Joel Cano,person,,,x,94,0,1,linked by connectivity pass,Network Map/People/Joel Cano.md,0,3,
person|cristhian ortega lopez (x),Cristhian Ortega-Lopez,person,,,x,94,0,1,linked by connectivity pass,Network Map/People/Cristhian Ortega-Lopez.md,0,3,
person|walter annenberg (x),Walter Annenberg,person,,,x,94,1,1,X posts only,Network Map/People/Walter Annenberg.md,0,3,
person|jack warner (x),Jack Warner,person,,,x,94,1,1,X posts only,Network Map/People/Jack Warner.md,0,3,
person|richard loeb (x),Richard Loeb,person,,,x,94,0,1,linked by connectivity pass,Network Map/People/Richard Loeb.md,0,3,
person|dawud pasha (x),Dawud Pasha,person,,,x,94,0,1,linked by connectivity pass,Network Map/People/Dawud Pasha.md,0,3,
person|karl schapper (x),Karl Schapper,person,,,x,94,0,1,linked by connectivity pass,Network Map/People/Karl Schapper.md,0,3,
person|friedrich engels (x),Friedrich Engels,person,,,x,94,0,1,linked by connectivity pass,Network Map/People/Friedrich Engels.md,0,3,
person|marcel francisci (x),Marcel Francisci,person,,,x,94,0,1,linked by connectivity pass,Network Map/People/Marcel Francisci.md,0,3,
person|paul carbone (x),Paul Carbone,person,,,x,94,0,1,linked by connectivity pass,Network Map/People/Paul Carbone.md,0,3,
person|yusuf beidas (x),Yusuf Beidas,person,,,x,94,0,1,linked by connectivity pass,Network Map/People/Yusuf Beidas.md,0,3,
person|roger tamraz (x),Roger Tamraz,person,,,x,94,0,1,linked by connectivity pass,Network Map/People/Roger Tamraz.md,0,3,
person|amin gemayel (x),Amin Gemayel,person,,,x,94,0,1,linked by connectivity pass,Network Map/People/Amin Gemayel.md,0,3,
person|riad salameh (x),Riad Salameh,person,,,x,95,1,1,X posts only,Network Map/People/Riad Salameh.md,0,3,
person|irving brown (x),Irving Brown,person,,,x,104,1,1,X posts only,Network Map/People/Irving Brown.md,0,3,
person|tom braden (x),Tom Braden,person,,,x,94,0,1,linked by connectivity pass,Network Map/People/Tom Braden.md,0,3,
person|mary morrison (x),Mary Morrison,person,,,x,2,0,1,linked by connectivity pass,Network Map/People/Mary Morrison.md,0,2,
person|sara jean garlington (x),Sara Jean Garlington,person,,,x,5,2,1,X posts only,Network Map/People/Sara Jean Garlington.md,0,2,
person|buzz aldrin (x),Buzz Aldrin,person,,,x,12,1,1,X posts only,Network Map/People/Buzz Aldrin.md,0,2,
person|klaus schwab (x),Klaus Schwab,person,,,x,2,0,2,linked by connectivity pass,Network Map/People/Klaus Schwab.md,0,3,
person|robert kennedy jr (x),Robert F. Kennedy Jr,person,,,x,96,0,1,linked by connectivity pass,Network Map/People/Robert F. Kennedy Jr.md,0,6,
person|charles payne (x),Charles Payne,person,,,x,5,0,2,linked by connectivity pass,Network Map/People/Charles Payne.md,0,2,
person|robert colby (x),Robert Colby,person,,,x,7,2,1,X posts only,Network Map/People/Robert Colby.md,0,1,
person|michael burry (x),Michael Burry,person,,,x,1,0,2,linked by connectivity pass,Network Map/People/Michael Burry.md,0,1,
person|dan scavino (x),Dan Scavino,person,,,x,1,0,2,linked by connectivity pass,Network Map/People/Dan Scavino.md,0,2,
person|cole allen (x),Cole Allen,person,,,x,25,1,1,X posts only,Network Map/People/Cole Allen.md,0,3,
person|andrew jackson (x),Andrew Jackson,person,,,x,22,0,1,linked by connectivity pass,Network Map/People/Andrew Jackson.md,0,2,
person|brandon jones (x),Brandon Jones,person,,,x,22,0,1,linked by connectivity pass,Network Map/People/Brandon Jones.md,0,2,
person|ryan routh (x),Ryan Routh,person,,,x,22,0,1,linked by connectivity pass,Network Map/People/Ryan Routh.md,0,2,
person|thomas crooks (x),Thomas Crooks,person,,,x,22,0,1,linked by connectivity pass,Network Map/People/Thomas Crooks.md,0,2,
person|cheryl mills (x),Cheryl Mills,person,,,x,22,2,1,X posts only,Network Map/People/Cheryl Mills.md,0,2,
person|matt mallow (x),Matt Mallow,person,,,x,22,0,1,linked by connectivity pass,Network Map/People/Matt Mallow.md,0,2,
person|giorgia meloni (x),Giorgia Meloni,person,,,x,24,0,1,linked by connectivity pass,Network Map/People/Giorgia Meloni.md,0,2,
person|alexander stubb (x),Alexander Stubb,person,,,x,24,0,1,linked by connectivity pass,Network Map/People/Alexander Stubb.md,0,2,
person|john abizaid (x),John Abizaid,person,,,x,73,1,1,X posts only,Network Map/People/John Abizaid.md,0,1,
person|ellen fine levine (x),Ellen Fine Levine,person,,,x,72,0,1,linked by connectivity pass,Network Map/People/Ellen Fine Levine.md,0,1,
person|isabel dos santos (x),Isabel dos Santos,person,,,x,72,1,1,X posts only,Network Map/People/Isabel dos Santos.md,0,1,
person|egon durban (x),Egon Durban,person,,,x,72,0,1,linked by connectivity pass,Network Map/People/Egon Durban.md,0,1,
person|larry hillblom (x),Larry Hillblom,person,,,x,72,1,1,X posts only,Network Map/People/Larry Hillblom.md,0,1,
person|jacques saade (x),Jacques Saadé,person,,,x,72,0,1,linked by connectivity pass,Network Map/People/Jacques Saadé.md,0,1,
person|howard buffett (x),Howard Buffett,person,,,x,72,0,1,linked by connectivity pass,Network Map/People/Howard Buffett.md,0,1,
person|brendan mcgill (x),Brendan McGill,person,,,x,72,0,1,linked by connectivity pass,Network Map/People/Brendan McGill.md,0,1,
person|carl hitchcock williams (x),Carl Hitchcock Williams,person,,,x,72,2,1,X posts only,Network Map/People/Carl Hitchcock Williams.md,0,1,
person|john michael murphy (x),John Michael Murphy,person,,,x,72,1,1,X posts only,Network Map/People/John Michael Murphy.md,0,1,
person|thomas cochran (x),Thomas Cochran,person,,,x,73,1,1,X posts only,Network Map/People/Thomas Cochran.md,0,1,
person|bruce jaeger (x),Bruce Jaeger,person,,,x,18,1,1,X posts only,Network Map/People/Bruce Jaeger.md,0,4,
person|keith olbermann (x),Keith Olbermann,person,,,x,2,0,2,linked by connectivity pass,Network Map/People/Keith Olbermann.md,0,3,
person|richard cohen (x),Richard Cohen,person,,,x,2,2,1,X posts only,Network Map/People/Richard Cohen.md,0,1,
person|alex jones (x),Alex Jones,person,,,x,0,0,,(isolated),Network Map/People/Alex Jones.md,0,3,
person|morgan freeman (x),Morgan Freeman,person,,,x,1,0,2,linked by connectivity pass,Network Map/People/Morgan Freeman.md,0,1,
person|selina wang (x),Selina Wang,person,,,x,0,0,,(isolated),Network Map/People/Selina Wang.md,0,1,
person|lara logan (x),Lara Logan,person,,,x,1,0,,linked by connectivity pass,Network Map/People/Lara Logan.md,0,1,
person|paul atkins (x),Paul Atkins,person,,,x,2,0,2,linked by connectivity pass,Network Map/People/Paul Atkins.md,0,2,
person|rob maness (x),Rob Maness,person,,,x,0,0,,(isolated),Network Map/People/Rob Maness.md,0,1,
person|christopher stanley (x),Christopher Stanley,person,,,x,2,0,2,linked by connectivity pass,Network Map/People/Christopher Stanley.md,0,1,
person|mike bouchard (x),Mike Bouchard,person,,,x,2,0,3,linked by connectivity pass,Network Map/People/Mike Bouchard.md,0,2,
person|robert lulgjuraj (x),Robert Lulgjuraj,person,,,x,2,0,3,linked by connectivity pass,Network Map/People/Robert Lulgjuraj.md,0,2,
person|omar alhammouri (x),Omar Alhammouri,person,,,x,1,0,2,linked by connectivity pass,Network Map/People/Omar Alhammouri.md,0,3,
person|jack posobiec (x),Jack Posobiec,person,,,x,1,0,2,linked by connectivity pass,Network Map/People/Jack Posobiec.md,0,1,
person|ann vandersteel (x),Ann Vandersteel,person,,,x,5,0,2,linked by connectivity pass,Network Map/People/Ann Vandersteel.md,0,2,
person|eric deters (x),Eric Deters,person,,,x,3,0,2,linked by connectivity pass,Network Map/People/Eric Deters.md,0,1,
person|marcus carey (x),Marcus Carey,person,,,x,3,0,2,linked by connectivity pass,Network Map/People/Marcus Carey.md,0,1,
person|pam roberts albers (x),Pam Roberts Albers,person,,,x,3,0,2,linked by connectivity pass,Network Map/People/Pam Roberts Albers.md,0,1,
person|kirill dmitriev (x),Kirill Dmitriev,person,,,x,0,0,,(isolated),Network Map/People/Kirill Dmitriev.md,0,1,
person|gunther eagleman (x),Gunther Eagleman,person,,,x,1,0,,linked by connectivity pass,Network Map/People/Gunther Eagleman.md,0,1,
person|tim burchett (x),Tim Burchett,person,,,x,1,0,,linked by connectivity pass,Network Map/People/Tim Burchett.md,0,1,
person|ian carroll (x),Ian Carroll,person,,,x,0,0,,(isolated),Network Map/People/Ian Carroll.md,0,1,
person|kurt wuckert jr (x),Kurt Wuckert Jr,person,,,x,1,0,2,linked by connectivity pass,Network Map/People/Kurt Wuckert Jr.md,0,1,
person|hester peirce (x),Hester Peirce,person,,,x,1,0,3,linked by connectivity pass,Network Map/People/Hester Peirce.md,0,1,
